year,id,age,educ,sex,gunlaw,grass,realinc
1972,10,30,12,2,1,NA,18951
1972,13,54,9,1,1,NA,13537
1972,17,24,14,1,2,NA,24366
1972,18,62,8,2,2,NA,18951
1972,20,21,14,2,1,NA,50763
1972,21,57,12,1,NA,NA,37226
1972,27,42,12,1,2,NA,30458
1972,34,78,8,2,1,NA,2707
1972,39,58,6,1,2,NA,18951
1972,40,51,12,2,2,NA,13537
1972,43,39,8,1,1,NA,13537
1972,44,64,8,2,1,NA,18951
1972,46,27,12,2,2,NA,NA
1972,60,57,11,2,1,NA,60915
1972,62,62,9,2,1,NA,13537
1972,65,39,12,1,2,NA,30458
1972,72,30,12,2,1,NA,24366
1972,76,23,16,1,1,NA,37226
1972,83,49,15,1,2,NA,43994
1972,84,28,15,2,1,NA,NA
1972,93,58,13,2,1,NA,37226
1972,94,54,14,1,2,NA,37226
1972,99,34,15,1,1,NA,43994
1972,106,74,8,2,1,NA,8122
1972,109,27,16,2,1,NA,8122
1972,120,27,12,2,2,NA,8122
1972,127,29,16,2,NA,NA,NA
1972,131,75,6,1,2,NA,18951
1972,137,22,13,2,1,NA,24366
1972,139,73,11,2,1,NA,13537
1972,140,73,12,1,2,NA,2707
1972,144,69,10,2,2,NA,8122
1972,148,72,2,1,2,NA,2707
1972,155,49,12,2,1,NA,8122
1972,160,36,9,2,1,NA,13537
1972,164,44,10,1,2,NA,30458
1972,165,50,18,1,2,NA,24366
1972,172,29,12,1,2,NA,43994
1972,173,19,10,1,2,NA,2707
1972,182,27,12,2,1,NA,8122
1972,184,63,5,2,1,NA,13537
1972,186,65,1,1,1,NA,13537
1972,187,59,2,1,2,NA,13537
1972,188,26,14,1,1,NA,109355
1972,189,41,16,2,1,NA,109355
1972,195,21,12,2,1,NA,NA
1972,198,50,12,1,1,NA,43994
1972,199,43,12,1,2,NA,30458
1972,204,48,8,2,2,NA,74452
1972,206,44,3,2,1,NA,18951
1972,215,70,6,2,2,NA,8122
1972,216,31,14,2,2,NA,24366
1972,223,53,17,2,1,NA,60915
1972,224,44,12,2,1,NA,NA
1972,242,56,7,1,2,NA,109355
1972,253,34,12,2,1,NA,24366
1972,254,19,12,1,1,NA,18951
1972,256,30,14,1,2,NA,43994
1972,266,32,12,2,1,NA,30458
1972,271,80,7,2,1,NA,2707
1972,275,30,16,1,1,NA,50763
1972,276,63,16,1,NA,NA,74452
1972,277,34,13,1,1,NA,43994
1972,285,44,12,2,1,NA,8122
1972,291,43,9,2,1,NA,24366
1972,296,23,12,2,1,NA,18951
1972,304,60,12,1,1,NA,24366
1972,307,55,9,2,NA,NA,24366
1972,319,37,0,2,1,NA,8122
1972,326,40,12,2,1,NA,50763
1972,339,33,11,2,1,NA,50763
1972,340,23,11,2,1,NA,2707
1972,348,49,8,1,2,NA,30458
1972,356,72,5,1,1,NA,13537
1972,361,62,5,1,2,NA,8122
1972,363,32,14,2,1,NA,13537
1972,364,58,12,2,1,NA,13537
1972,376,45,11,1,2,NA,30458
1972,378,66,7,1,2,NA,13537
1972,385,49,13,2,1,NA,24366
1972,391,21,13,1,2,NA,2707
1972,399,53,7,1,2,NA,13537
1972,401,71,6,1,2,NA,8122
1972,404,69,8,2,1,NA,13537
1972,405,74,9,2,1,NA,8122
1972,408,61,8,2,2,NA,13537
1972,409,60,11,2,1,NA,2707
1972,417,55,11,1,1,NA,24366
1972,423,38,12,1,2,NA,43994
1972,427,19,12,1,2,NA,30458
1972,449,39,12,2,NA,NA,30458
1972,451,22,12,2,2,NA,60915
1972,453,57,13,1,1,NA,30458
1972,463,20,9,1,1,NA,30458
1972,467,27,5,2,1,NA,30458
1972,472,57,9,2,2,NA,13537
1972,481,25,12,1,1,NA,37226
1972,484,29,19,1,1,NA,43994
1972,487,44,12,1,2,NA,24366
1972,489,23,11,1,1,NA,18951
1972,490,58,12,2,2,NA,24366
1972,494,32,12,2,1,NA,18951
1972,495,52,7,1,1,NA,13537
1972,497,35,10,2,1,NA,8122
1972,498,45,14,1,1,NA,18951
1972,517,42,11,2,1,NA,43994
1972,520,49,12,1,2,NA,30458
1972,523,55,12,1,2,NA,37226
1972,534,20,13,2,1,NA,60915
1972,540,25,12,1,2,NA,50763
1972,541,28,12,2,1,NA,18951
1972,545,36,14,2,1,NA,24366
1972,554,59,12,1,2,NA,30458
1972,556,63,13,2,2,NA,13537
1972,557,80,9,2,2,NA,NA
1972,560,21,13,1,2,NA,NA
1972,576,69,10,2,1,NA,18951
1972,577,65,8,1,1,NA,24366
1972,583,60,8,1,2,NA,37226
1972,584,53,12,1,2,NA,74452
1972,591,36,12,2,1,NA,60915
1972,593,26,12,1,1,NA,37226
1972,595,24,11,2,1,NA,24366
1972,598,21,11,2,1,NA,24366
1972,602,53,13,1,2,NA,24366
1972,611,24,12,2,1,NA,8122
1972,614,22,9,1,1,NA,18951
1972,624,37,13,1,1,NA,43994
1972,626,22,15,2,1,NA,24366
1972,627,60,13,2,1,NA,8122
1972,630,60,12,1,2,NA,37226
1972,645,70,9,1,1,NA,2707
1972,656,69,8,2,1,NA,13537
1972,657,25,18,1,1,NA,13537
1972,658,43,12,2,1,NA,18951
1972,662,65,8,1,1,NA,24366
1972,673,20,12,2,1,NA,18951
1972,677,43,13,1,1,NA,60915
1972,680,35,12,2,1,NA,37226
1972,682,51,14,2,1,NA,NA
1972,687,30,16,1,1,NA,43994
1972,695,45,12,2,1,NA,13537
1972,702,20,14,1,1,NA,24366
1972,707,45,12,1,2,NA,50763
1972,708,44,14,2,1,NA,43994
1972,711,82,9,2,1,NA,2707
1972,714,38,14,2,1,NA,37226
1972,719,57,16,1,2,NA,30458
1972,727,66,3,1,2,NA,8122
1972,731,29,12,1,2,NA,50763
1972,733,49,12,2,1,NA,NA
1972,737,21,8,2,1,NA,30458
1972,742,41,12,1,1,NA,37226
1972,743,58,12,1,1,NA,30458
1972,761,32,13,2,1,NA,37226
1972,768,59,8,1,2,NA,18951
1972,770,59,10,1,NA,NA,24366
1972,773,47,12,1,2,NA,30458
1972,777,35,14,1,2,NA,50763
1972,780,54,16,1,1,NA,37226
1972,797,43,18,1,2,NA,NA
1972,808,22,15,1,1,NA,8122
1972,809,67,7,1,1,NA,2707
1972,810,51,14,1,2,NA,37226
1972,821,38,8,2,1,NA,37226
1972,830,31,15,1,1,NA,37226
1972,831,28,15,2,1,NA,37226
1972,832,30,12,2,1,NA,NA
1972,841,61,17,1,1,NA,60915
1972,844,45,12,2,1,NA,18951
1972,866,20,13,1,2,NA,43994
1972,869,48,15,2,1,NA,74452
1972,870,56,14,2,1,NA,60915
1972,872,65,9,1,1,NA,13537
1972,875,28,12,2,1,NA,NA
1972,899,53,12,2,1,NA,37226
1972,900,41,12,2,1,NA,30458
1972,902,51,12,2,2,NA,13537
1972,907,72,15,1,1,NA,13537
1972,918,26,12,2,1,NA,24366
1972,922,53,20,1,1,NA,43994
1972,925,73,5,2,1,NA,13537
1972,926,63,7,2,1,NA,18951
1972,940,59,0,1,2,NA,2707
1972,948,30,18,1,2,NA,8122
1972,962,67,12,1,2,NA,8122
1972,963,77,16,2,1,NA,8122
1972,966,72,14,2,1,NA,24366
1972,968,23,13,2,1,NA,30458
1972,971,25,14,1,2,NA,8122
1972,973,25,16,1,1,NA,43994
1972,978,31,12,2,1,NA,30458
1972,980,32,11,2,1,NA,30458
1972,992,30,12,2,1,NA,37226
1972,995,64,8,2,1,NA,8122
1972,998,63,11,2,2,NA,2707
1972,1001,75,10,2,1,NA,2707
1972,1009,51,12,2,1,NA,24366
1972,1010,27,12,2,1,NA,18951
1972,1011,49,11,2,2,NA,37226
1972,1012,56,12,1,2,NA,37226
1972,1023,29,13,2,1,NA,24366
1972,1030,23,15,2,2,NA,37226
1972,1035,48,11,1,2,NA,18951
1972,1040,23,12,1,2,NA,50763
1972,1044,21,13,2,1,NA,50763
1972,1047,23,8,2,1,NA,18951
1972,1048,22,12,2,1,NA,NA
1972,1049,24,15,1,NA,NA,30458
1972,1063,38,8,1,1,NA,30458
1972,1065,41,13,2,1,NA,NA
1972,1066,74,13,1,1,NA,24366
1972,1067,34,13,1,1,NA,37226
1972,1068,43,12,2,1,NA,13537
1972,1073,52,12,1,2,NA,24366
1972,1075,24,11,1,2,NA,2707
1972,1080,59,12,1,1,NA,NA
1972,1089,77,13,2,1,NA,24366
1972,1093,76,17,2,1,NA,43994
1972,1096,31,16,2,1,NA,50763
1972,1105,40,11,2,1,NA,30458
1972,1109,30,12,1,1,NA,24366
1972,1125,65,8,1,1,NA,8122
1972,1137,57,14,2,1,NA,NA
1972,1139,33,13,2,2,NA,50763
1972,1140,66,12,2,1,NA,18951
1972,1142,20,12,1,NA,NA,30458
1972,1143,22,15,1,1,NA,50763
1972,1146,48,14,1,1,NA,30458
1972,1150,37,12,1,2,NA,24366
1972,1151,47,13,2,1,NA,30458
1972,1153,23,11,2,1,NA,60915
1972,1158,36,17,1,2,NA,43994
1972,1170,47,1,1,1,NA,8122
1972,1174,73,14,1,2,NA,24366
1972,1182,49,10,1,1,NA,74452
1972,1184,70,6,1,2,NA,8122
1972,1187,51,11,1,1,NA,24366
1972,1189,54,11,2,1,NA,18951
1972,1191,38,12,1,1,NA,24366
1972,1200,81,8,2,1,NA,2707
1972,1203,62,12,2,1,NA,74452
1972,1205,75,4,1,1,NA,13537
1972,1207,46,12,2,1,NA,18951
1972,1211,62,7,1,1,NA,2707
1972,1214,31,11,2,1,NA,18951
1972,1221,48,16,1,2,NA,37226
1972,1222,47,8,1,2,NA,24366
1972,1228,40,10,2,1,NA,18951
1972,1230,72,5,2,1,NA,2707
1972,1231,45,9,1,2,NA,8122
1972,1233,24,14,1,1,NA,24366
1972,1234,31,12,1,2,NA,50763
1972,1237,48,17,1,2,NA,60915
1972,1246,48,8,2,1,NA,24366
1972,1268,37,12,2,1,NA,37226
1972,1270,65,10,2,1,NA,NA
1972,1272,46,11,2,2,NA,37226
1972,1278,64,14,2,1,NA,13537
1972,1279,46,14,1,2,NA,37226
1972,1283,48,12,2,1,NA,109355
1972,1294,39,12,2,1,NA,30458
1972,1310,22,12,1,2,NA,8122
1972,1316,54,11,2,2,NA,18951
1972,1318,56,8,2,1,NA,13537
1972,1323,46,12,1,2,NA,50763
1972,1334,49,10,2,1,NA,2707
1972,1338,27,12,2,1,NA,30458
1972,1339,68,6,1,1,NA,2707
1972,1340,44,2,1,2,NA,13537
1972,1360,47,12,1,2,NA,30458
1972,1361,43,12,1,2,NA,24366
1972,1364,44,11,1,1,NA,43994
1972,1379,22,16,1,1,NA,NA
1972,1381,21,15,2,1,NA,NA
1972,1382,22,16,1,1,NA,NA
1972,1384,51,12,2,1,NA,30458
1972,1387,44,11,2,2,NA,24366
1972,1393,68,18,1,2,NA,18951
1972,1397,25,11,2,2,NA,37226
1972,1401,25,14,1,1,NA,NA
1972,1403,50,12,1,2,NA,18951
1972,1416,26,14,2,1,NA,18951
1972,1422,47,11,2,1,NA,NA
1972,1423,21,14,2,1,NA,13537
1972,1428,NA,NA,1,1,NA,NA
1972,1429,22,10,2,1,NA,NA
1972,1431,69,15,1,2,NA,18951
1972,1445,50,11,1,1,NA,30458
1972,1450,23,8,1,1,NA,24366
1972,1455,30,13,1,1,NA,60915
1972,1459,46,12,2,1,NA,60915
1972,1460,54,12,1,1,NA,60915
1972,1465,41,6,1,2,NA,8122
1972,1471,21,12,1,1,NA,NA
1972,1476,46,16,1,1,NA,43994
1972,1487,51,12,2,1,NA,37226
1972,1489,20,12,2,1,NA,30458
1972,1493,67,7,1,1,NA,30458
1972,1510,58,10,2,1,NA,43994
1972,1515,27,12,2,1,NA,18951
1972,1525,36,16,2,1,NA,43994
1972,1528,54,18,1,1,NA,109355
1972,1529,25,13,2,1,NA,8122
1972,1531,63,8,2,1,NA,2707
1972,1532,41,12,2,1,NA,43994
1972,1535,59,12,1,1,NA,74452
1972,1537,29,12,2,1,NA,30458
1972,1542,33,12,2,1,NA,18951
1972,1547,28,14,2,1,NA,37226
1972,1553,43,2,1,1,NA,13537
1972,1566,27,12,2,1,NA,37226
1972,1572,30,14,1,2,NA,43994
1972,1580,44,14,2,1,NA,60915
1972,1582,57,8,1,1,NA,37226
1972,1585,49,14,1,2,NA,60915
1972,1587,47,12,2,1,NA,18951
1972,1590,63,14,1,1,NA,50763
1972,1592,32,17,1,2,NA,109355
1972,1599,40,7,2,NA,NA,18951
1972,1600,49,10,1,1,NA,37226
1972,1603,20,12,2,1,NA,8122
1972,1606,42,12,2,2,NA,18951
1973,3,36,11,2,2,1,32761
1973,4,32,12,1,2,2,32761
1973,7,31,8,2,1,2,11794
1973,12,39,12,1,2,2,58970
1973,16,55,12,1,2,1,14415
1973,20,67,5,1,1,2,NA
1973,27,69,6,2,2,2,NA
1973,29,56,7,1,1,2,23588
1973,43,79,8,1,1,2,NA
1973,46,44,12,1,1,2,19657
1973,47,55,16,2,1,NA,32761
1973,48,27,16,1,1,1,23588
1973,52,40,9,1,1,2,32761
1973,64,39,14,2,1,2,32761
1973,68,25,12,2,2,2,19657
1973,70,36,10,2,1,2,17036
1973,73,41,12,2,2,2,45866
1973,78,71,12,1,1,2,19657
1973,81,20,12,1,2,1,NA
1973,83,51,14,2,1,1,32761
1973,85,55,9,1,1,2,23588
1973,86,56,11,1,1,2,17036
1973,87,51,11,2,1,2,58970
1973,88,62,10,2,NA,2,9173
1973,89,25,16,2,1,1,32761
1973,92,27,20,1,2,2,32761
1973,94,39,20,1,1,1,45866
1973,96,52,12,1,2,2,19657
1973,99,28,12,2,1,2,93210
1973,101,47,11,2,1,2,9173
1973,105,22,12,1,1,2,14415
1973,110,52,13,2,1,1,58970
1973,120,34,14,2,1,2,45866
1973,121,27,16,1,1,2,58970
1973,126,28,12,1,1,2,32761
1973,127,27,12,2,1,2,32761
1973,132,53,12,2,2,2,23588
1973,137,21,10,2,1,1,32761
1973,158,19,11,2,2,2,14415
1973,161,35,11,2,1,2,32761
1973,163,39,17,1,2,2,45866
1973,165,32,9,2,1,2,32761
1973,166,41,11,2,1,2,17036
1973,175,22,11,2,1,2,5242
1973,176,66,12,1,NA,1,17036
1973,177,21,15,1,1,2,32761
1973,180,22,8,2,1,2,5242
1973,185,59,14,1,2,2,NA
1973,192,63,13,2,1,2,45866
1973,193,26,16,2,1,1,58970
1973,194,62,16,2,2,2,NA
1973,196,31,16,1,1,1,58970
1973,198,65,12,2,1,1,32761
1973,201,57,10,2,2,2,NA
1973,218,26,12,2,2,2,11794
1973,222,47,10,1,NA,2,23588
1973,228,68,8,1,2,2,14415
1973,233,30,14,1,1,2,45866
1973,234,65,14,2,1,2,19657
1973,252,28,12,2,1,2,32761
1973,256,60,16,2,2,2,23588
1973,258,74,0,1,2,2,9173
1973,263,53,11,2,1,2,58970
1973,270,41,12,2,1,2,23588
1973,272,20,12,2,1,1,32761
1973,279,68,8,1,1,2,32761
1973,299,20,12,2,2,2,1310
1973,307,53,10,2,1,2,23588
1973,309,23,12,2,1,2,9173
1973,310,79,8,2,2,2,5242
1973,315,25,12,2,1,2,32761
1973,316,23,11,2,1,2,14415
1973,319,42,15,2,1,2,45866
1973,327,24,15,2,1,1,1310
1973,331,51,11,2,NA,2,23588
1973,339,31,9,1,1,2,14415
1973,343,77,6,2,1,2,23588
1973,344,33,13,2,2,2,45866
1973,348,44,13,1,1,2,45866
1973,351,31,12,2,1,2,45866
1973,356,36,12,2,1,2,58970
1973,357,22,14,2,2,1,32761
1973,378,21,14,1,1,NA,5242
1973,380,26,19,1,1,1,19657
1973,388,54,9,1,1,2,32761
1973,393,56,11,2,1,2,19657
1973,396,52,6,2,1,2,9173
1973,404,29,14,1,1,1,58970
1973,405,32,12,1,1,1,19657
1973,407,48,12,2,2,2,23588
1973,409,46,10,2,1,2,23588
1973,417,69,8,2,1,2,1310
1973,422,58,9,2,1,2,NA
1973,423,66,9,2,1,2,5242
1973,426,72,8,1,1,2,5242
1973,436,58,12,2,1,2,93210
1973,441,33,12,1,1,2,45866
1973,442,29,12,2,1,1,23588
1973,447,37,8,1,1,2,45866
1973,451,36,15,2,1,2,23588
1973,455,51,3,2,1,2,5242
1973,460,36,16,2,1,1,58970
1973,463,25,15,1,1,1,58970
1973,464,56,19,1,2,2,17036
1973,466,25,9,1,2,1,23588
1973,469,46,9,1,2,2,45866
1973,473,43,12,2,1,2,32761
1973,474,35,12,2,1,2,32761
1973,477,29,16,2,1,2,58970
1973,485,25,12,2,1,1,11794
1973,492,68,7,2,1,2,1310
1973,497,22,11,2,2,2,17036
1973,502,45,14,1,2,2,45866
1973,506,27,12,2,1,2,32761
1973,511,29,14,1,1,2,45866
1973,519,70,7,2,NA,2,NA
1973,520,28,12,2,2,2,17036
1973,524,38,16,1,2,2,32761
1973,528,37,12,2,2,2,32761
1973,530,51,12,1,2,2,32761
1973,531,51,12,1,2,2,32761
1973,533,21,12,2,2,2,32761
1973,534,42,12,2,1,2,32761
1973,549,70,8,1,1,2,19657
1973,553,23,11,1,1,1,45866
1973,557,70,12,1,1,NA,32761
1973,558,35,12,1,2,2,19657
1973,562,20,14,1,1,1,5242
1973,565,43,12,2,1,1,58970
1973,576,55,8,1,NA,2,23588
1973,581,64,16,1,2,2,58970
1973,592,49,11,2,2,2,93210
1973,593,44,19,1,2,2,45866
1973,594,51,10,2,1,2,23588
1973,601,38,10,2,1,2,1310
1973,602,22,9,2,1,1,NA
1973,605,42,11,1,2,2,32761
1973,608,34,9,1,2,2,23588
1973,614,29,18,1,1,1,23588
1973,615,67,14,1,1,2,9173
1973,616,64,12,1,1,2,32761
1973,617,73,12,2,1,2,NA
1973,618,37,12,2,1,2,NA
1973,623,22,12,2,1,2,23588
1973,625,64,12,1,2,2,11794
1973,629,51,8,1,1,2,19657
1973,632,29,20,2,1,2,45866
1973,641,24,16,1,1,1,19657
1973,642,27,19,1,1,1,32761
1973,651,35,13,2,1,2,58970
1973,655,33,12,2,1,2,NA
1973,663,48,12,2,1,2,93210
1973,673,44,12,2,2,2,45866
1973,689,68,8,2,1,2,5242
1973,690,30,12,2,1,2,45866
1973,696,54,6,2,1,2,23588
1973,701,34,12,2,1,2,NA
1973,702,38,20,1,1,1,19657
1973,707,29,11,2,1,2,32761
1973,721,72,9,2,1,2,5242
1973,731,37,5,1,1,2,17036
1973,732,34,13,2,1,2,14415
1973,740,47,12,1,1,2,19657
1973,748,63,14,2,2,1,32761
1973,750,38,8,2,1,2,9173
1973,754,27,7,2,1,2,5242
1973,763,60,12,2,2,2,93210
1973,768,18,11,1,1,2,17036
1973,779,62,9,2,1,2,5242
1973,781,40,12,2,1,2,17036
1973,782,30,10,2,1,2,45866
1973,797,52,8,2,1,2,32761
1973,801,70,10,1,1,2,14415
1973,809,46,12,2,1,2,58970
1973,811,66,10,2,1,2,14415
1973,816,49,10,2,1,2,32761
1973,822,59,12,1,2,2,58970
1973,823,47,8,2,1,2,5242
1973,825,53,8,2,1,2,23588
1973,835,65,12,2,1,2,11794
1973,836,69,12,1,2,2,32761
1973,837,71,10,1,1,2,11794
1973,849,59,16,2,1,2,32761
1973,853,58,7,2,1,2,9173
1973,869,23,13,1,2,2,23588
1973,871,37,8,2,2,2,32761
1973,885,35,14,2,1,1,93210
1973,890,37,8,1,1,2,23588
1973,892,44,4,1,1,2,23588
1973,901,43,11,2,1,2,NA
1973,910,65,6,1,1,2,23588
1973,911,50,12,2,1,2,32761
1973,918,19,6,2,1,2,5242
1973,925,58,10,2,NA,2,32761
1973,927,38,16,2,2,2,45866
1973,932,23,12,2,1,2,NA
1973,943,46,16,1,2,1,58970
1973,944,58,12,1,1,2,45866
1973,945,74,12,2,1,2,NA
1973,953,18,9,1,1,1,45866
1973,963,31,12,2,2,1,32761
1973,967,74,4,1,1,2,NA
1973,974,30,12,1,1,NA,32761
1973,985,27,12,2,2,1,45866
1973,990,22,12,2,1,2,19657
1973,996,25,14,1,2,1,19657
1973,998,23,9,1,1,1,9173
1973,1001,37,10,2,1,2,23588
1973,1006,52,9,1,1,2,19657
1973,1012,20,12,1,1,2,11794
1973,1019,56,16,2,1,2,93210
1973,1027,58,12,2,1,2,32761
1973,1048,54,12,2,1,2,45866
1973,1054,49,2,2,1,2,NA
1973,1055,65,12,1,1,NA,32761
1973,1057,49,8,1,1,2,5242
1973,1066,46,14,2,2,2,93210
1973,1069,46,16,2,1,2,93210
1973,1074,49,14,1,NA,NA,32761
1973,1078,29,16,2,1,2,32761
1973,1092,74,4,1,1,2,9173
1973,1095,24,14,2,2,1,9173
1973,1096,58,14,2,1,2,23588
1973,1106,24,14,1,1,1,45866
1973,1108,28,12,2,1,2,5242
1973,1110,33,12,1,1,2,45866
1973,1112,81,8,1,1,2,32761
1973,1121,47,8,2,1,2,1310
1973,1127,61,12,1,2,2,45866
1973,1141,64,11,2,1,2,58970
1973,1154,48,14,1,2,2,93210
1973,1159,58,12,1,2,2,32761
1973,1167,62,20,1,2,2,93210
1973,1170,19,9,2,1,1,5242
1973,1175,70,12,2,1,2,NA
1973,1184,30,8,1,2,2,23588
1973,1190,28,12,1,2,2,32761
1973,1191,49,0,2,1,2,NA
1973,1195,73,8,2,1,2,NA
1973,1196,40,12,2,2,2,NA
1973,1202,24,13,1,2,1,17036
1973,1214,48,6,1,2,2,23588
1973,1216,34,12,2,2,2,32761
1973,1220,46,12,2,1,2,32761
1973,1230,56,12,2,1,2,23588
1973,1231,50,13,1,NA,2,32761
1973,1248,58,17,1,2,1,32761
1973,1254,21,12,1,1,2,45866
1973,1261,60,11,1,1,1,5242
1973,1265,73,16,2,1,2,9173
1973,1267,22,12,2,1,2,32761
1973,1279,77,5,1,1,2,5242
1973,1280,18,10,2,1,2,17036
1973,1283,64,12,1,2,2,45866
1973,1300,26,13,2,1,NA,9173
1973,1303,73,10,1,1,2,9173
1973,1304,36,15,2,1,2,32761
1973,1306,74,9,2,1,2,NA
1973,1309,41,14,1,2,2,45866
1973,1316,30,16,1,2,2,14415
1973,1317,75,8,1,1,2,14415
1973,1321,68,8,2,1,2,5242
1973,1325,64,2,1,2,2,32761
1973,1326,48,12,2,2,2,17036
1973,1333,36,18,1,2,2,NA
1973,1337,71,8,1,1,2,9173
1973,1340,21,9,2,1,2,5242
1973,1349,51,12,1,1,2,14415
1973,1350,51,11,1,2,2,11794
1973,1351,20,12,2,1,2,32761
1973,1361,44,6,1,1,2,14415
1973,1364,64,4,2,1,2,1310
1973,1369,30,13,1,2,2,23588
1973,1374,70,8,2,2,2,14415
1973,1381,63,10,2,1,2,NA
1973,1393,19,10,1,1,2,5242
1973,1405,61,12,2,1,2,5242
1973,1406,25,12,1,1,2,45866
1973,1409,23,12,2,1,2,14415
1973,1424,25,12,2,2,2,9173
1973,1425,56,8,2,1,2,45866
1973,1431,34,20,1,1,1,45866
1973,1435,25,14,1,1,2,32761
1973,1449,19,12,2,1,2,32761
1973,1451,23,13,2,1,2,45866
1973,1453,37,16,1,1,2,45866
1973,1455,56,15,1,1,NA,93210
1973,1458,44,13,1,1,2,32761
1973,1460,58,11,1,1,1,32761
1973,1463,38,15,1,1,2,32761
1973,1468,22,14,2,1,1,11794
1973,1469,79,16,2,1,2,23588
1973,1475,20,12,2,2,1,23588
1973,1479,32,12,2,1,2,17036
1973,1481,84,NA,2,1,2,5242
1973,1485,43,11,2,1,2,93210
1973,1488,63,17,1,1,2,32761
1973,1492,37,16,1,2,1,32761
1973,1494,20,12,1,1,1,93210
1973,1501,46,11,2,1,2,45866
1973,1503,31,14,2,1,2,32761
1974,6,30,16,1,2,NA,30841
1974,9,51,12,2,1,NA,NA
1974,12,71,5,1,1,NA,NA
1974,16,23,12,1,2,NA,30841
1974,19,71,8,2,1,NA,NA
1974,25,65,3,2,1,NA,4935
1974,28,60,7,2,1,NA,43178
1974,29,54,12,2,1,NA,30841
1974,30,35,13,2,1,NA,30841
1974,41,28,16,1,2,NA,30841
1974,48,70,10,1,2,NA,11103
1974,51,22,14,1,1,NA,30841
1974,53,71,12,2,1,NA,18505
1974,55,52,15,2,1,NA,43178
1974,57,83,5,1,1,NA,4935
1974,69,29,16,2,1,NA,30841
1974,76,66,12,1,NA,NA,8636
1974,77,39,12,1,2,NA,18505
1974,86,32,20,1,1,NA,43178
1974,87,58,16,1,2,NA,30841
1974,98,43,3,1,2,NA,NA
1974,101,26,16,1,1,NA,30841
1974,106,27,14,1,1,NA,22206
1974,115,25,12,2,1,NA,11103
1974,119,27,17,2,1,NA,55515
1974,124,27,8,2,1,NA,22206
1974,128,43,9,1,1,NA,16038
1974,134,66,16,2,1,NA,8636
1974,146,31,16,1,1,NA,22206
1974,154,42,12,2,1,NA,55515
1974,158,51,14,1,2,NA,30841
1974,161,31,13,1,1,NA,NA
1974,164,45,12,2,1,NA,94738
1974,172,49,12,1,1,NA,30841
1974,177,42,16,1,1,NA,55515
1974,181,24,14,1,1,NA,18505
1974,182,45,14,1,2,NA,94738
1974,184,48,10,2,1,NA,55515
1974,185,22,12,2,1,NA,43178
1974,188,23,12,2,1,NA,30841
1974,194,NA,10,2,1,NA,4935
1974,197,37,16,1,2,NA,43178
1974,202,44,12,1,1,NA,55515
1974,205,59,8,2,NA,NA,NA
1974,208,54,12,2,1,NA,94738
1974,210,46,14,2,1,NA,94738
1974,229,38,13,2,1,NA,55515
1974,234,80,6,2,2,NA,1234
1974,240,19,12,2,2,NA,1234
1974,247,47,17,1,2,NA,94738
1974,248,67,12,2,1,NA,NA
1974,249,28,16,2,1,NA,30841
1974,256,18,11,1,2,NA,22206
1974,262,75,8,1,2,NA,16038
1974,263,89,8,2,2,NA,4935
1974,265,72,12,2,2,NA,11103
1974,274,50,9,2,1,NA,18505
1974,279,67,12,2,1,NA,11103
1974,281,47,0,1,1,NA,22206
1974,285,24,12,2,1,NA,43178
1974,286,24,14,1,1,NA,18505
1974,287,67,11,1,1,NA,55515
1974,289,33,12,2,1,NA,22206
1974,300,69,8,1,1,NA,30841
1974,303,30,15,2,1,NA,94738
1974,310,31,12,1,1,NA,55515
1974,313,42,12,2,1,NA,30841
1974,317,NA,9,2,1,NA,1234
1974,318,34,16,2,1,NA,55515
1974,320,20,13,1,1,NA,NA
1974,324,27,16,1,1,NA,43178
1974,325,52,18,1,1,NA,43178
1974,330,54,8,1,1,NA,55515
1974,342,66,8,2,1,NA,4935
1974,345,51,16,1,1,NA,22206
1974,352,30,12,2,1,NA,NA
1974,353,54,10,2,NA,NA,NA
1974,366,81,5,2,1,NA,4935
1974,367,57,8,2,1,NA,4935
1974,369,18,12,1,1,NA,18505
1974,372,52,12,2,1,NA,43178
1974,378,44,18,2,2,NA,55515
1974,384,20,14,1,2,NA,55515
1974,394,27,10,1,1,NA,22206
1974,399,33,4,1,2,NA,1234
1974,400,63,13,1,1,NA,55515
1974,417,65,8,2,1,NA,30841
1974,419,21,14,1,1,NA,94738
1974,429,27,10,1,1,NA,43178
1974,432,22,12,2,1,NA,43178
1974,436,69,16,1,1,NA,30841
1974,437,39,10,2,1,NA,18505
1974,448,56,11,2,1,NA,NA
1974,450,36,20,1,1,NA,30841
1974,453,54,14,2,1,NA,22206
1974,454,30,15,1,1,NA,43178
1974,456,70,10,1,1,NA,16038
1974,466,51,12,1,1,NA,30841
1974,471,38,11,1,1,NA,22206
1974,476,63,12,1,2,NA,55515
1974,478,40,11,2,1,NA,NA
1974,480,47,10,1,2,NA,94738
1974,485,26,13,1,1,NA,30841
1974,495,18,11,1,1,NA,43178
1974,497,48,15,2,1,NA,30841
1974,498,28,10,2,1,NA,30841
1974,508,32,10,2,1,NA,94738
1974,518,73,12,2,1,NA,11103
1974,522,41,9,1,2,NA,43178
1974,525,26,12,1,1,NA,4935
1974,529,27,9,2,1,NA,11103
1974,533,66,12,2,1,NA,16038
1974,539,31,16,2,1,NA,94738
1974,543,37,13,2,1,NA,43178
1974,548,78,12,2,1,NA,55515
1974,549,30,12,2,1,NA,18505
1974,551,61,7,1,1,NA,16038
1974,557,26,14,2,1,NA,43178
1974,563,23,15,2,2,NA,18505
1974,566,38,9,2,1,NA,4935
1974,569,69,12,1,1,NA,4935
1974,572,40,14,2,1,NA,43178
1974,573,20,13,1,1,NA,55515
1974,575,50,12,2,1,NA,30841
1974,578,34,14,1,1,NA,55515
1974,588,19,12,1,1,NA,94738
1974,594,65,3,1,2,NA,13570
1974,599,25,12,2,1,NA,22206
1974,602,27,12,1,1,NA,43178
1974,606,39,12,2,2,NA,43178
1974,629,53,12,2,2,NA,8636
1974,630,61,8,2,NA,NA,8636
1974,644,43,16,1,1,NA,94738
1974,655,47,10,2,1,NA,43178
1974,657,60,8,1,2,NA,NA
1974,658,44,12,1,1,NA,30841
1974,667,74,6,1,1,NA,NA
1974,679,25,15,2,1,NA,30841
1974,687,61,8,1,1,NA,8636
1974,691,49,17,1,1,NA,30841
1974,696,49,8,1,2,NA,13570
1974,698,83,8,2,1,NA,4935
1974,699,28,10,2,1,NA,8636
1974,702,46,5,1,2,NA,18505
1974,704,66,12,2,NA,NA,4935
1974,709,59,8,2,1,NA,13570
1974,713,60,10,2,1,NA,8636
1974,714,32,12,2,1,NA,18505
1974,726,42,12,1,1,NA,30841
1974,730,27,16,1,1,NA,30841
1974,732,20,12,2,1,NA,22206
1974,733,49,12,2,1,NA,30841
1974,739,39,8,2,1,NA,16038
1974,743,21,14,2,1,NA,11103
1974,745,24,12,1,1,NA,30841
1974,747,38,12,1,2,NA,30841
1974,750,23,13,1,2,NA,18505
1974,751,50,8,1,2,NA,43178
1974,752,40,16,1,2,NA,30841
1974,764,39,10,2,1,NA,30841
1974,767,72,10,1,1,NA,NA
1974,768,31,12,2,1,NA,94738
1974,769,32,12,2,1,NA,30841
1974,770,24,12,1,2,NA,43178
1974,773,28,12,2,1,NA,30841
1974,782,22,14,2,1,NA,43178
1974,804,52,8,2,1,NA,NA
1974,805,18,11,1,2,NA,NA
1974,807,58,14,1,1,NA,NA
1974,808,42,12,2,1,NA,30841
1974,818,39,12,2,1,NA,43178
1974,823,63,12,2,1,NA,13570
1974,828,46,10,2,1,NA,43178
1974,833,59,12,2,1,NA,30841
1974,835,23,14,1,1,NA,30841
1974,845,29,10,1,1,NA,30841
1974,849,21,11,2,1,NA,4935
1974,850,34,12,1,1,NA,55515
1974,857,26,12,2,1,NA,55515
1974,861,73,19,1,1,NA,94738
1974,862,38,17,2,1,NA,94738
1974,866,46,18,2,1,NA,94738
1974,867,25,14,2,1,NA,4935
1974,868,81,12,2,1,NA,NA
1974,875,19,10,1,1,NA,30841
1974,877,39,18,1,1,NA,18505
1974,881,48,10,1,1,NA,11103
1974,888,30,12,2,1,NA,43178
1974,892,64,12,2,2,NA,30841
1974,894,48,12,2,1,NA,43178
1974,897,35,12,2,1,NA,43178
1974,900,28,16,1,1,NA,94738
1974,912,86,14,2,1,NA,4935
1974,913,28,12,2,2,NA,30841
1974,916,25,16,1,1,NA,11103
1974,940,26,12,1,2,NA,30841
1974,942,51,17,1,1,NA,43178
1974,944,55,4,2,2,NA,NA
1974,948,75,9,2,1,NA,4935
1974,951,73,7,1,1,NA,4935
1974,954,44,12,2,1,NA,11103
1974,956,57,9,1,1,NA,NA
1974,967,61,14,1,1,NA,NA
1974,972,67,12,1,NA,NA,18505
1974,973,69,13,2,1,NA,11103
1974,975,22,13,1,2,NA,94738
1974,978,51,10,2,1,NA,43178
1974,990,53,12,1,2,NA,30841
1974,996,61,12,1,2,NA,22206
1974,999,47,16,2,1,NA,43178
1974,1009,35,12,2,1,NA,30841
1974,1017,77,5,1,1,NA,11103
1974,1028,74,5,2,1,NA,4935
1974,1036,51,9,1,2,NA,55515
1974,1039,54,12,2,1,NA,55515
1974,1054,30,17,2,1,NA,18505
1974,1059,58,12,2,1,NA,22206
1974,1062,34,6,2,1,NA,1234
1974,1067,46,13,2,1,NA,43178
1974,1069,71,10,2,2,NA,8636
1974,1070,27,17,1,1,NA,18505
1974,1077,27,12,2,2,NA,30841
1974,1079,19,12,2,1,NA,18505
1974,1082,18,11,2,1,NA,22206
1974,1084,48,12,2,2,NA,13570
1974,1088,39,12,2,2,NA,30841
1974,1093,50,7,2,1,NA,30841
1974,1094,49,10,2,1,NA,NA
1974,1096,27,12,1,1,NA,43178
1974,1110,68,8,1,1,NA,30841
1974,1117,62,8,1,1,NA,22206
1974,1122,74,11,2,1,NA,NA
1974,1131,35,19,1,1,NA,94738
1974,1147,68,4,2,1,NA,8636
1974,1152,24,12,2,1,NA,22206
1974,1162,53,12,1,2,NA,55515
1974,1163,53,12,2,1,NA,43178
1974,1168,26,18,2,1,NA,43178
1974,1177,51,8,2,1,NA,43178
1974,1183,41,12,2,1,NA,55515
1974,1184,42,15,2,1,NA,30841
1974,1203,32,12,2,1,NA,43178
1974,1224,50,12,2,1,NA,NA
1974,1230,27,17,1,2,NA,43178
1974,1236,52,12,1,2,NA,43178
1974,1239,NA,16,2,1,NA,22206
1974,1245,20,9,1,2,NA,11103
1974,1246,37,12,1,1,NA,13570
1974,1247,63,13,2,1,NA,16038
1974,1253,33,14,2,2,NA,30841
1974,1262,34,13,2,1,NA,43178
1974,1265,23,13,1,1,NA,43178
1974,1266,65,14,1,2,NA,43178
1974,1268,66,11,2,1,NA,43178
1974,1270,22,12,1,1,NA,11103
1974,1281,58,6,1,2,NA,30841
1974,1290,24,12,1,2,NA,43178
1974,1293,39,12,2,2,NA,13570
1974,1294,25,13,2,1,NA,22206
1974,1297,78,8,2,1,NA,4935
1974,1306,36,14,1,2,NA,18505
1974,1311,60,4,1,2,NA,4935
1974,1312,33,12,2,1,NA,94738
1974,1313,56,6,2,2,NA,NA
1974,1315,56,3,1,2,NA,NA
1974,1319,31,12,2,1,NA,43178
1974,1323,69,7,2,1,NA,8636
1974,1324,34,10,2,1,NA,13570
1974,1325,23,11,1,1,NA,22206
1974,1331,73,7,1,1,NA,16038
1974,1335,35,13,1,1,NA,43178
1974,1345,32,11,1,2,NA,30841
1974,1357,58,4,1,2,NA,13570
1974,1361,44,12,1,1,NA,30841
1974,1368,84,13,2,1,NA,4935
1974,1371,20,12,1,1,NA,1234
1974,1372,65,12,1,2,NA,4935
1974,1375,52,12,1,1,NA,18505
1974,1379,44,6,2,1,NA,4935
1974,1382,69,8,1,2,NA,22206
1974,1395,19,12,1,1,NA,55515
1974,1405,22,11,1,2,NA,NA
1974,1412,79,8,2,NA,NA,NA
1974,1415,27,14,1,2,NA,22206
1974,1419,54,12,2,1,NA,NA
1974,1422,76,10,2,1,NA,11103
1974,1426,63,7,1,1,NA,13570
1974,1433,44,11,2,2,NA,22206
1974,1436,78,8,1,1,NA,18505
1974,1445,32,12,1,1,NA,30841
1974,1447,67,8,2,1,NA,22206
1974,1448,72,8,2,1,NA,8636
1974,1450,47,8,1,1,NA,55515
1974,1463,43,16,2,2,NA,94738
1974,1471,58,9,1,1,NA,30841
1974,1476,46,12,1,2,NA,30841
1974,1483,39,12,2,1,NA,22206
1975,2,20,13,2,1,2,27793
1975,7,35,10,2,1,2,38910
1975,9,53,8,1,1,2,38910
1975,24,33,12,2,1,1,20011
1975,27,44,8,2,2,2,50027
1975,30,33,20,2,NA,2,86496
1975,37,24,14,2,1,2,27793
1975,49,29,10,2,1,2,20011
1975,50,72,8,2,1,2,4447
1975,51,79,8,1,1,2,10005
1975,54,70,6,2,1,2,86496
1975,56,43,13,1,2,2,86496
1975,59,67,16,1,1,NA,27793
1975,60,24,14,1,1,2,50027
1975,64,73,9,2,1,2,NA
1975,67,23,12,1,NA,1,20011
1975,72,23,16,2,1,1,20011
1975,76,35,9,2,1,2,50027
1975,77,41,16,2,1,2,50027
1975,78,47,7,1,2,2,NA
1975,81,70,6,1,1,2,7782
1975,87,71,8,1,2,2,16676
1975,93,55,5,1,2,NA,50027
1975,103,47,10,1,1,2,27793
1975,111,31,12,1,1,NA,27793
1975,116,59,14,2,1,2,10005
1975,126,25,17,1,1,1,38910
1975,131,54,13,2,1,2,27793
1975,136,59,17,2,1,2,38910
1975,143,53,12,1,1,2,86496
1975,148,36,13,1,1,2,27793
1975,150,26,12,2,2,2,27793
1975,151,83,12,1,1,1,12229
1975,154,23,13,2,1,1,38910
1975,161,48,12,2,1,2,86496
1975,163,50,20,1,1,2,50027
1975,164,50,14,2,1,2,50027
1975,165,79,8,2,1,2,10005
1975,166,56,8,1,1,2,27793
1975,170,37,12,2,1,2,50027
1975,176,28,16,1,1,1,38910
1975,182,26,9,1,1,2,38910
1975,187,45,13,2,1,2,16676
1975,191,22,15,1,1,1,4447
1975,194,53,16,1,2,2,50027
1975,202,42,12,2,2,2,27793
1975,204,33,10,2,NA,2,27793
1975,211,31,9,2,2,2,20011
1975,226,46,14,1,2,1,86496
1975,229,63,12,1,2,2,27793
1975,230,69,12,2,2,2,4447
1975,231,49,11,1,2,2,50027
1975,237,21,12,1,2,NA,7782
1975,257,83,14,2,1,NA,16676
1975,263,54,12,1,1,2,38910
1975,270,40,16,1,1,NA,50027
1975,277,37,10,2,1,1,20011
1975,281,23,14,2,1,1,7782
1975,293,26,13,2,1,1,20011
1975,294,30,13,2,1,2,27793
1975,298,45,16,1,2,1,50027
1975,301,50,13,2,1,2,4447
1975,309,61,12,2,1,2,27793
1975,314,45,12,1,1,2,27793
1975,317,46,9,2,1,2,27793
1975,331,46,13,2,1,2,NA
1975,332,41,12,2,1,2,27793
1975,341,25,12,1,1,NA,27793
1975,352,59,12,2,2,2,NA
1975,353,68,6,2,1,2,10005
1975,361,59,8,2,1,2,20011
1975,372,66,7,2,1,2,16676
1975,388,27,13,2,1,2,12229
1975,399,33,12,2,1,1,86496
1975,410,32,11,1,1,1,20011
1975,415,25,15,1,2,1,38910
1975,418,70,12,1,1,1,16676
1975,421,70,12,1,2,2,16676
1975,426,22,11,2,1,2,12229
1975,427,57,12,2,1,2,14452
1975,435,59,8,2,2,2,27793
1975,441,69,12,2,1,2,7782
1975,449,55,12,2,1,2,27793
1975,451,55,11,2,NA,NA,38910
1975,454,20,12,1,1,2,27793
1975,457,22,11,2,1,2,7782
1975,473,70,13,1,2,2,38910
1975,474,23,12,2,1,2,16676
1975,476,20,13,1,1,1,10005
1975,483,33,12,2,1,2,20011
1975,485,23,14,1,1,1,16676
1975,487,57,16,1,1,1,27793
1975,492,19,12,2,1,1,38910
1975,504,19,12,2,1,1,38910
1975,505,58,12,2,1,2,27793
1975,516,55,15,1,1,2,86496
1975,533,48,12,1,2,2,50027
1975,538,26,16,2,1,2,86496
1975,557,51,12,2,2,1,50027
1975,558,43,18,1,1,2,86496
1975,559,50,16,2,1,2,86496
1975,565,33,12,2,1,2,50027
1975,566,29,12,1,1,2,27793
1975,576,59,8,2,1,2,20011
1975,580,61,11,2,1,2,7782
1975,582,55,10,2,2,2,4447
1975,587,38,20,1,2,1,50027
1975,599,53,10,1,1,2,86496
1975,600,30,12,1,1,2,20011
1975,604,28,12,2,1,1,27793
1975,608,18,12,2,1,NA,38910
1975,611,70,5,2,1,2,1112
1975,616,71,14,2,NA,2,NA
1975,624,47,9,2,1,2,4447
1975,634,30,13,1,1,2,86496
1975,635,75,13,2,2,2,NA
1975,646,25,10,2,1,2,10005
1975,663,74,12,2,1,2,4447
1975,664,62,12,2,2,2,4447
1975,669,32,12,2,2,2,86496
1975,677,46,10,2,2,2,20011
1975,679,55,11,1,1,2,50027
1975,682,32,12,2,2,2,38910
1975,685,60,8,1,1,2,27793
1975,689,68,16,2,1,2,NA
1975,690,31,11,2,2,2,10005
1975,691,21,12,2,1,1,27793
1975,694,24,14,2,2,2,7782
1975,699,58,15,1,1,2,27793
1975,701,60,8,1,2,2,4447
1975,702,44,8,2,2,2,10005
1975,707,25,12,2,1,2,38910
1975,709,32,12,1,2,2,20011
1975,717,25,12,1,1,2,14452
1975,719,59,11,2,1,2,86496
1975,720,52,7,1,1,2,27793
1975,725,60,12,2,1,2,10005
1975,727,68,14,2,1,2,7782
1975,734,51,11,1,1,2,27793
1975,1001,30,14,2,1,2,50027
1975,1009,48,10,2,1,2,12229
1975,1010,32,11,1,1,2,50027
1975,1013,42,14,1,1,1,20011
1975,1015,54,12,1,1,1,4447
1975,1020,67,12,2,1,2,NA
1975,1024,39,14,1,2,2,20011
1975,1028,24,16,2,2,2,14452
1975,1030,26,16,2,2,1,27793
1975,1031,54,9,2,2,NA,27793
1975,1033,32,12,2,1,2,20011
1975,1047,39,9,2,2,2,38910
1975,1050,70,6,2,NA,2,NA
1975,1054,50,3,2,1,2,7782
1975,1055,38,12,1,1,1,10005
1975,1062,43,12,1,2,2,27793
1975,1065,19,12,1,1,NA,27793
1975,1071,38,10,2,1,2,27793
1975,1074,57,8,1,2,2,50027
1975,1079,42,14,1,1,2,27793
1975,1081,62,6,1,1,1,4447
1975,1084,64,8,2,1,2,50027
1975,1092,27,11,2,1,2,7782
1975,1094,45,18,1,2,2,27793
1975,1102,28,14,2,1,2,50027
1975,1105,29,14,1,1,1,20011
1975,1112,46,16,2,1,1,86496
1975,1115,19,14,1,1,1,38910
1975,1116,66,8,2,1,2,14452
1975,1120,55,1,1,1,2,12229
1975,1123,47,5,1,NA,1,27793
1975,1128,22,12,1,2,1,38910
1975,1136,38,16,2,1,2,27793
1975,1138,78,8,2,2,2,12229
1975,1142,57,11,1,2,2,27793
1975,1174,79,9,1,1,2,1112
1975,1175,31,12,2,2,2,27793
1975,1180,19,12,2,1,2,27793
1975,1194,18,10,2,1,2,10005
1975,1195,29,9,1,1,2,20011
1975,1198,48,12,2,1,2,38910
1975,1201,24,16,2,2,1,20011
1975,1204,41,12,1,2,2,20011
1975,1214,33,16,2,1,2,38910
1975,1215,21,15,1,1,1,4447
1975,1216,54,12,2,1,2,4447
1975,1218,53,17,2,1,1,86496
1975,1222,36,15,1,2,2,27793
1975,1224,25,15,2,1,2,38910
1975,1230,27,9,2,1,1,20011
1975,1237,77,8,2,1,2,7782
1975,1241,26,12,2,1,2,4447
1975,1243,75,8,1,2,1,7782
1975,1246,49,11,2,1,2,27793
1975,1247,45,8,2,1,2,38910
1975,1255,18,11,1,2,2,16676
1975,1257,23,12,2,1,1,1112
1975,1262,33,17,2,1,2,38910
1975,1264,37,14,1,2,2,27793
1975,1275,64,5,2,1,2,4447
1975,1276,38,10,2,1,2,50027
1975,1277,22,13,1,1,1,50027
1975,1279,42,9,1,1,2,38910
1975,1295,43,13,1,1,2,27793
1975,1304,48,12,1,2,2,27793
1975,1308,34,9,2,1,2,20011
1975,1311,31,12,1,2,1,38910
1975,1312,62,12,2,1,2,27793
1975,1315,45,12,2,1,1,27793
1975,1325,44,12,2,1,1,50027
1975,1332,22,12,2,1,2,27793
1975,1336,30,12,2,1,2,86496
1975,1343,38,14,2,2,2,38910
1975,1348,53,8,2,1,1,38910
1975,1351,85,5,2,1,2,1112
1975,1358,43,13,2,1,2,38910
1975,1360,54,14,1,1,2,50027
1975,1363,32,11,1,2,1,16676
1975,1364,56,8,2,1,1,27793
1975,1365,41,12,1,2,2,38910
1975,1370,68,10,1,2,2,10005
1975,1379,47,12,2,1,2,27793
1975,1380,64,8,2,1,2,27793
1975,1381,30,12,1,2,1,27793
1975,1388,61,12,2,1,2,38910
1975,1391,21,14,1,1,1,12229
1975,1393,70,11,2,1,1,4447
1975,1399,20,13,2,1,2,27793
1975,1405,32,12,1,2,2,10005
1975,1411,75,4,2,1,2,4447
1975,1417,62,14,2,1,1,86496
1975,1419,26,12,1,2,1,27793
1975,1424,20,12,1,1,2,27793
1975,1430,66,14,1,1,2,27793
1975,1433,38,11,2,2,2,1112
1975,1436,57,12,2,2,2,14452
1975,1437,66,7,2,2,2,16676
1975,1451,55,10,1,1,2,1112
1975,1458,56,12,2,1,2,50027
1975,1464,58,8,2,1,2,12229
1975,1486,43,12,1,1,2,50027
1975,1487,25,12,2,1,2,27793
1975,1498,21,12,1,1,1,14452
1975,1504,43,16,1,2,2,50027
1975,1506,70,6,1,2,2,7782
1975,1509,41,12,2,1,2,20011
1975,1513,26,9,2,1,2,NA
1975,1515,73,0,1,1,2,4447
1975,1524,26,16,2,1,1,50027
1975,1528,77,12,1,2,2,4447
1975,1536,28,10,2,2,1,27793
1975,1541,52,12,1,1,2,27793
1975,1553,46,8,1,2,2,27793
1975,1554,20,11,1,2,1,27793
1975,1564,27,12,1,1,2,27793
1975,1580,40,12,1,1,2,86496
1975,1585,54,12,1,1,2,NA
1975,1601,35,8,2,2,2,20011
1975,1603,69,12,2,NA,2,12229
1975,1609,63,12,2,1,2,27793
1975,1611,30,12,1,1,2,38910
1975,1628,66,10,2,1,2,4447
1975,1631,21,9,1,1,2,7782
1975,1635,22,13,2,1,2,20011
1975,1638,28,16,2,1,2,10005
1975,1640,69,11,1,1,2,14452
1975,1644,54,12,2,1,2,86496
1975,1648,46,17,2,1,1,86496
1975,1650,29,18,2,1,2,86496
1975,1653,34,12,2,1,2,14452
1975,1655,20,11,1,1,2,14452
1975,1657,27,16,2,1,NA,38910
1975,1659,47,16,1,1,1,27793
1975,1666,25,18,1,1,1,50027
1975,1668,57,9,1,1,2,38910
1975,1669,60,9,2,1,2,7782
1975,1672,23,13,1,1,1,86496
1975,1675,60,12,2,2,2,86496
1975,1686,32,16,2,1,1,27793
1975,1688,38,12,2,1,2,50027
1975,1690,77,16,1,1,2,38910
1975,1691,56,12,1,1,2,86496
1975,1696,32,12,1,1,1,27793
1975,1697,54,12,2,2,2,14452
1975,1702,28,12,1,1,1,12229
1975,1707,36,11,2,1,2,27793
1975,1708,22,11,2,1,2,4447
1975,1723,28,18,1,1,1,50027
1975,1728,21,14,1,1,1,27793
1975,1731,31,2,1,1,2,4447
1975,1733,24,13,2,1,2,14452
1975,1734,47,2,1,1,2,20011
1975,1737,43,3,2,1,2,20011
1975,1739,24,9,1,1,2,10005
1975,1740,50,11,2,1,2,4447
1975,1744,49,11,1,1,2,50027
1975,1746,39,7,2,1,2,12229
1975,1749,52,11,2,2,2,4447
1975,1754,60,11,1,1,2,86496
1976,3,41,16,1,1,2,79340
1976,9,51,9,2,1,1,25465
1976,17,61,9,2,2,2,15279
1976,21,80,12,2,1,2,4074
1976,33,72,7,2,1,1,13242
1976,34,24,12,2,1,2,35651
1976,43,25,16,2,1,2,35651
1976,51,58,8,2,1,2,45837
1976,58,62,13,2,1,2,79340
1976,62,24,12,1,2,2,NA
1976,96,67,12,2,1,2,4074
1976,97,29,16,1,2,1,11205
1976,99,20,12,2,2,1,4074
1976,103,63,8,1,1,2,4074
1976,118,42,9,1,1,2,15279
1976,119,28,6,1,1,1,11205
1976,121,24,12,2,2,2,11205
1976,125,82,5,1,1,2,NA
1976,132,64,16,2,1,2,25465
1976,146,83,8,1,2,2,13242
1976,148,25,13,1,1,1,18335
1976,154,71,12,1,1,2,4074
1976,155,45,10,2,1,1,25465
1976,166,79,8,2,1,2,NA
1976,170,81,12,2,1,2,18335
1976,177,61,10,1,1,2,18335
1976,179,28,NA,2,1,2,NA
1976,180,60,12,2,2,2,35651
1976,181,45,12,1,2,2,25465
1976,184,42,16,2,1,2,25465
1976,186,76,8,2,1,2,79340
1976,190,29,13,1,1,1,35651
1976,193,79,7,2,1,2,7130
1976,196,36,16,2,1,2,79340
1976,200,18,12,2,1,1,25465
1976,201,46,11,2,1,2,NA
1976,203,40,12,1,1,2,25465
1976,205,34,12,1,2,1,25465
1976,209,51,8,1,1,2,25465
1976,222,87,6,1,1,2,4074
1976,228,27,11,1,1,2,4074
1976,230,77,8,2,1,2,7130
1976,259,59,18,1,1,2,79340
1976,271,75,8,2,1,2,4074
1976,288,34,12,2,1,1,25465
1976,292,67,11,1,1,1,11205
1976,294,58,6,1,1,2,4074
1976,298,22,12,2,1,1,NA
1976,305,22,15,1,2,2,7130
1976,319,30,16,2,1,1,25465
1976,324,32,15,2,1,2,79340
1976,331,39,12,2,1,2,45837
1976,333,46,12,2,1,2,25465
1976,340,29,16,2,1,2,45837
1976,344,39,19,2,1,1,79340
1976,345,46,19,1,1,2,45837
1976,346,63,3,2,1,2,NA
1976,353,25,16,2,1,1,4074
1976,365,25,19,1,1,1,25465
1976,368,53,11,2,2,2,25465
1976,372,74,9,2,1,2,4074
1976,375,25,12,1,1,2,25465
1976,380,59,14,1,1,2,35651
1976,390,25,12,2,1,2,25465
1976,396,27,17,2,1,2,25465
1976,397,27,16,1,1,1,18335
1976,402,60,4,1,2,2,1019
1976,405,19,11,1,1,1,7130
1976,406,20,12,1,1,1,9167
1976,409,63,6,1,2,2,15279
1976,411,67,17,1,1,2,15279
1976,412,64,10,2,1,2,4074
1976,415,54,10,1,2,2,25465
1976,418,37,16,1,1,1,79340
1976,419,51,12,2,1,2,79340
1976,421,29,12,2,1,2,45837
1976,422,29,14,2,1,2,45837
1976,430,71,7,2,1,2,9167
1976,433,30,12,2,1,2,4074
1976,439,59,17,1,2,2,NA
1976,440,71,12,2,1,2,18335
1976,442,29,14,2,1,1,7130
1976,457,46,8,2,1,2,NA
1976,459,38,12,2,2,2,25465
1976,478,67,12,2,2,2,18335
1976,493,32,14,2,2,1,18335
1976,494,22,14,2,1,2,7130
1976,496,21,13,1,1,1,4074
1976,499,24,17,1,1,2,15279
1976,500,31,17,1,1,2,35651
1976,504,39,12,1,2,1,45837
1976,510,46,12,1,2,2,25465
1976,514,89,7,1,2,2,7130
1976,520,70,13,1,2,2,13242
1976,540,70,9,2,1,2,7130
1976,541,49,11,1,2,2,45837
1976,545,47,12,2,1,1,7130
1976,549,23,12,1,2,1,18335
1976,556,50,12,2,1,2,35651
1976,558,49,12,2,2,2,4074
1976,562,37,12,2,1,2,35651
1976,568,34,14,2,2,2,35651
1976,573,53,12,2,2,2,45837
1976,575,23,16,1,2,1,25465
1976,576,31,12,1,1,1,45837
1976,577,31,15,1,2,2,25465
1976,579,64,14,2,1,2,NA
1976,585,37,12,2,1,2,45837
1976,591,53,20,1,1,2,4074
1976,595,26,12,2,2,1,25465
1976,603,34,12,2,1,1,25465
1976,604,50,8,2,1,2,25465
1976,607,36,13,1,1,2,45837
1976,616,59,7,2,1,2,25465
1976,634,47,16,2,1,2,79340
1976,635,40,7,1,1,1,35651
1976,640,38,12,1,2,2,35651
1976,642,54,8,1,2,2,18335
1976,643,41,12,2,1,2,18335
1976,647,22,14,1,1,1,7130
1976,648,67,9,1,2,1,11205
1976,659,79,11,2,1,2,4074
1976,662,75,8,2,1,2,NA
1976,668,32,13,2,1,2,45837
1976,674,27,15,2,1,2,NA
1976,678,56,10,2,1,2,15279
1976,679,31,12,1,1,2,25465
1976,681,34,8,1,1,2,13242
1976,690,53,12,2,2,2,35651
1976,693,25,12,1,1,2,18335
1976,696,69,8,1,1,2,79340
1976,697,70,8,1,2,2,4074
1976,701,53,12,1,1,2,45837
1976,702,49,8,2,2,2,25465
1976,704,43,12,2,2,2,35651
1976,705,27,16,2,1,2,45837
1976,715,49,4,1,1,2,25465
1976,716,60,7,2,2,2,11205
1976,720,44,12,1,1,2,13242
1976,721,87,7,2,2,2,4074
1976,730,34,10,2,1,2,25465
1976,735,66,8,1,2,1,4074
1976,739,24,11,2,1,2,NA
1976,740,30,9,2,1,2,9167
1976,741,29,12,2,1,2,11205
1976,742,39,12,2,1,2,25465
1976,743,31,10,2,1,2,35651
1976,1002,61,8,1,1,1,25465
1976,1006,21,12,1,1,NA,15279
1976,1023,73,8,2,2,2,4074
1976,1029,33,12,2,1,1,35651
1976,1031,23,6,1,NA,NA,4074
1976,1033,21,11,2,1,1,13242
1976,1035,28,16,2,1,2,25465
1976,1044,24,13,2,1,2,79340
1976,1045,40,10,2,1,2,25465
1976,1046,24,17,1,1,2,25465
1976,1049,58,8,2,1,2,4074
1976,1056,22,8,1,1,2,11205
1976,1059,28,11,2,1,2,25465
1976,1069,37,17,2,1,1,79340
1976,1071,21,14,1,1,1,79340
1976,1074,66,16,2,1,NA,35651
1976,1079,19,10,2,1,1,NA
1976,1081,29,17,1,1,1,25465
1976,1085,20,13,2,1,1,18335
1976,1087,45,18,1,1,1,79340
1976,1090,28,16,2,1,1,45837
1976,1106,19,14,1,1,1,79340
1976,1108,61,12,2,1,1,35651
1976,1119,35,16,2,1,1,25465
1976,1126,26,15,1,1,1,25465
1976,1136,22,15,1,1,2,NA
1976,1144,54,12,2,1,2,25465
1976,1145,50,10,2,1,2,NA
1976,1149,35,14,2,1,2,79340
1976,1152,46,12,1,1,2,35651
1976,1155,48,14,2,2,2,79340
1976,1160,47,12,2,1,2,79340
1976,1166,21,14,1,1,2,45837
1976,1174,25,12,2,NA,1,35651
1976,1179,25,12,2,1,2,35651
1976,1186,35,16,1,1,2,79340
1976,1187,45,12,1,1,1,79340
1976,1215,45,12,2,1,2,25465
1976,1218,65,11,2,1,2,7130
1976,1222,55,13,1,1,NA,79340
1976,1227,45,12,1,1,2,79340
1976,1228,43,12,2,1,2,35651
1976,1246,32,12,1,1,2,35651
1976,1249,22,12,2,2,2,18335
1976,1250,55,16,2,1,1,25465
1976,1258,23,12,2,1,1,25465
1976,1275,51,12,2,1,2,79340
1976,1280,29,12,2,1,1,35651
1976,1285,30,13,2,1,2,18335
1976,1287,39,17,1,1,1,79340
1976,1295,44,8,2,1,2,35651
1976,1301,28,14,1,1,2,25465
1976,1312,38,13,1,1,2,25465
1976,1319,27,16,2,1,1,4074
1976,1320,37,20,2,1,1,79340
1976,1321,19,12,1,1,NA,NA
1976,1330,21,13,2,1,2,7130
1976,1332,72,11,1,1,2,11205
1976,1338,78,18,1,2,2,79340
1976,1345,25,14,2,1,1,25465
1976,1353,63,12,2,1,1,45837
1976,1360,60,8,2,1,2,25465
1976,1364,67,8,2,1,2,7130
1976,1366,21,12,1,2,2,NA
1976,1367,43,16,1,1,2,45837
1976,1371,32,12,1,1,2,35651
1976,1382,58,7,1,1,2,25465
1976,1384,46,12,2,1,2,35651
1976,1388,57,10,1,2,2,79340
1976,1392,56,8,1,1,2,25465
1976,1395,52,12,2,2,2,25465
1976,1399,39,11,2,1,2,25465
1976,1405,51,12,2,2,NA,NA
1976,1409,49,6,2,1,2,1019
1976,1422,66,12,1,1,NA,NA
1976,1423,61,12,2,1,1,NA
1976,1427,57,15,1,1,2,35651
1976,1432,49,19,1,2,1,79340
1976,1435,29,10,2,2,2,11205
1976,1441,62,9,1,2,2,7130
1976,1442,50,12,1,2,2,35651
1976,1456,72,12,1,2,2,18335
1976,1457,30,16,1,2,NA,25465
1976,1458,58,17,1,1,2,35651
1976,1463,81,8,2,1,2,7130
1976,1468,67,12,1,2,2,45837
1976,1473,62,14,2,2,2,11205
1976,1481,31,18,1,1,2,25465
1976,1483,25,10,1,2,1,4074
1976,1501,79,8,1,2,2,7130
1976,1506,21,12,1,1,2,25465
1976,1511,19,12,1,1,2,4074
1976,1514,27,12,2,1,1,25465
1976,1518,40,11,1,1,1,35651
1976,1530,53,14,2,1,2,11205
1976,1531,28,14,1,1,1,79340
1976,1538,39,10,2,1,2,45837
1976,1540,29,19,2,1,1,35651
1976,1544,34,13,2,1,1,7130
1976,1545,57,13,2,1,2,25465
1976,1553,51,9,1,1,2,45837
1976,1554,24,12,2,1,1,35651
1976,1559,28,12,2,1,1,NA
1976,1563,68,12,2,1,2,15279
1976,1569,50,12,2,1,2,79340
1976,1570,58,13,2,1,1,79340
1976,1572,53,16,1,1,1,45837
1976,1573,51,12,2,1,2,35651
1976,1580,32,12,2,1,2,25465
1976,1588,25,12,2,1,2,9167
1976,1589,36,16,2,1,2,25465
1976,1592,53,6,1,1,2,NA
1976,1594,81,8,2,1,2,NA
1976,1598,57,14,1,1,2,35651
1976,1601,20,12,1,1,2,79340
1976,1604,37,17,2,1,1,45837
1976,1609,39,12,2,1,NA,35651
1976,1615,28,14,2,2,1,18335
1976,1619,69,16,2,1,2,13242
1976,1627,36,17,1,1,2,25465
1976,1629,41,12,2,2,2,25465
1976,1641,26,15,1,2,NA,25465
1976,1644,38,12,2,1,1,35651
1976,1646,19,12,1,1,1,15279
1976,1651,29,17,1,2,1,35651
1976,1655,37,12,2,1,1,4074
1976,1661,28,16,1,1,2,9167
1976,1667,73,9,1,1,2,15279
1976,1673,64,6,2,1,2,4074
1976,1678,80,8,2,1,2,7130
1976,1683,28,12,2,1,2,25465
1976,1684,21,12,2,1,1,15279
1976,1685,43,11,2,1,2,9167
1976,1686,76,10,1,1,2,9167
1976,1691,31,11,1,2,2,25465
1976,1692,76,9,1,1,1,9167
1976,1695,27,15,2,1,1,18335
1976,1702,53,11,1,2,2,35651
1976,1703,53,7,2,1,2,13242
1976,1705,44,5,2,1,2,25465
1976,1710,33,10,2,1,2,25465
1976,1715,28,17,2,1,1,45837
1976,1725,42,12,2,1,2,25465
1976,1730,57,12,2,1,2,25465
1976,1734,35,12,2,1,2,79340
1976,1735,26,13,2,1,2,15279
1976,1740,19,8,2,1,2,4074
1976,1741,28,12,1,2,2,11205
1976,1742,72,0,1,1,2,11205
1976,1747,85,16,1,2,1,13242
1976,1749,24,12,2,2,2,18335
1976,1750,36,12,2,2,2,15279
1976,1754,NA,11,2,NA,2,NA
1977,7,77,14,2,1,NA,14446
1977,10,44,15,2,1,NA,65358.623999999996
1977,14,57,12,2,1,NA,26484
1977,15,23,16,1,1,NA,8667
1977,19,25,16,1,1,NA,72229
1977,21,41,12,2,1,NA,72229
1977,25,34,12,2,1,NA,14446
1977,30,51,12,1,1,NA,65358.623999999996
1977,32,48,9,1,1,NA,26484
1977,33,62,9,1,2,NA,21669
1977,36,59,16,1,1,NA,72229
1977,44,60,12,2,1,NA,21669
1977,52,63,9,2,1,NA,17335
1977,55,62,12,2,1,NA,14446
1977,57,31,18,2,1,NA,17335
1977,60,20,12,2,1,NA,72229
1977,62,27,18,1,1,NA,26484
1977,66,76,4,1,1,NA,12520
1977,74,35,NA,2,NA,NA,NA
1977,77,47,16,2,1,NA,17335
1977,78,71,10,2,1,NA,8667
1977,80,47,12,2,1,NA,72229
1977,84,64,8,1,1,NA,36114
1977,86,23,11,1,1,NA,72229
1977,87,49,5,1,1,NA,36114
1977,89,19,12,1,1,NA,6741
1977,92,62,8,2,1,NA,72229
1977,98,63,11,2,1,NA,40930
1977,101,30,11,1,2,NA,12520
1977,115,47,12,2,2,NA,40930
1977,134,24,13,2,1,NA,26484
1977,145,55,10,2,1,NA,26484
1977,147,19,10,1,2,NA,6741
1977,152,42,12,1,2,NA,21669
1977,160,60,7,1,1,NA,40930
1977,171,NA,16,1,1,NA,31299
1977,175,65,13,1,1,NA,17335
1977,178,53,12,2,1,NA,40930
1977,181,46,12,1,1,NA,72229
1977,185,46,14,2,1,NA,72229
1977,189,71,6,2,1,NA,10594
1977,190,48,12,1,1,NA,40930
1977,198,26,14,2,1,NA,14446
1977,208,65,10,2,1,NA,NA
1977,209,20,12,2,1,NA,NA
1977,214,25,14,2,2,NA,17335
1977,235,65,17,1,1,NA,72229
1977,238,38,12,2,2,NA,65358.623999999996
1977,240,68,3,2,1,NA,NA
1977,241,60,12,2,NA,NA,NA
1977,243,74,6,1,1,NA,NA
1977,244,73,10,2,1,NA,6741
1977,250,41,9,1,1,NA,36114
1977,254,33,12,2,1,NA,65358.623999999996
1977,267,59,12,1,1,NA,72229
1977,269,28,18,1,1,NA,65358.623999999996
1977,271,67,12,2,1,NA,36114
1977,274,29,12,2,1,NA,NA
1977,275,37,15,2,1,NA,65358.623999999996
1977,277,59,16,2,1,NA,162607
1977,279,54,20,1,1,NA,72229
1977,280,72,10,2,1,NA,12520
1977,299,43,6,2,1,NA,8667
1977,300,36,12,2,1,NA,10594
1977,303,55,12,1,1,NA,17335
1977,311,51,12,2,2,NA,72229
1977,319,39,12,2,1,NA,36114
1977,322,37,10,2,1,NA,65358.623999999996
1977,325,55,16,1,2,NA,31299
1977,328,75,9,2,1,NA,NA
1977,330,73,7,2,1,NA,8667
1977,336,23,7,2,1,NA,31299
1977,339,30,9,2,1,NA,31299
1977,343,38,9,1,2,NA,17335
1977,345,36,12,2,1,NA,31299
1977,351,36,11,1,2,NA,72229
1977,352,58,12,2,1,NA,31299
1977,357,59,8,1,1,NA,26484
1977,361,36,12,2,1,NA,65358.623999999996
1977,375,26,12,2,2,NA,10594
1977,379,31,14,2,1,NA,72229
1977,386,71,4,1,1,NA,NA
1977,388,48,8,2,1,NA,10594
1977,391,45,12,1,2,NA,26484
1977,393,23,16,2,1,NA,72229
1977,408,38,16,2,1,NA,21669
1977,411,54,13,1,1,NA,NA
1977,419,28,11,1,1,NA,21669
1977,420,54,12,1,1,NA,72229
1977,422,50,14,1,2,NA,36114
1977,426,49,12,2,2,NA,36114
1977,427,24,13,1,1,NA,21669
1977,429,34,14,2,1,NA,65358.623999999996
1977,434,32,14,1,1,NA,31299
1977,441,42,13,1,1,NA,36114
1977,442,37,18,1,1,NA,72229
1977,444,42,12,2,2,NA,65358.623999999996
1977,452,33,19,1,1,NA,40930
1977,458,31,11,2,2,NA,6741
1977,459,20,13,1,1,NA,NA
1977,472,24,12,1,1,NA,12520
1977,481,47,8,1,1,NA,26484
1977,485,44,8,2,1,NA,26484
1977,487,57,17,1,1,NA,8667
1977,490,40,11,2,2,NA,40930
1977,497,52,16,1,1,NA,21669
1977,499,74,8,1,1,NA,17335
1977,501,22,12,2,1,NA,36114
1977,503,24,13,1,2,NA,31299
1977,510,50,7,2,2,NA,3852
1977,515,31,12,2,1,NA,31299
1977,522,66,8,2,2,NA,10594
1977,525,78,14,2,1,NA,NA
1977,531,19,12,1,2,NA,14446
1977,534,58,15,1,2,NA,36114
1977,545,55,8,1,2,NA,6741
1977,546,23,12,1,2,NA,65358.623999999996
1977,547,34,12,1,1,NA,72229
1977,551,30,13,1,2,NA,40930
1977,568,38,15,1,1,NA,17335
1977,570,51,10,1,1,NA,72229
1977,577,76,8,1,1,NA,17335
1977,578,67,10,1,1,NA,10594
1977,582,41,11,1,1,NA,17335
1977,586,20,13,1,2,NA,963
1977,587,22,14,1,1,NA,21669
1977,599,42,16,1,2,NA,65358.623999999996
1977,602,31,18,1,1,NA,14446
1977,603,34,15,2,1,NA,72229
1977,604,72,12,2,1,NA,NA
1977,609,76,6,2,1,NA,963
1977,611,55,7,2,1,NA,963
1977,613,30,8,2,1,NA,12520
1977,618,68,12,2,1,NA,14446
1977,619,23,16,1,1,NA,21669
1977,627,33,20,1,1,NA,65358.623999999996
1977,629,54,13,2,1,NA,72229
1977,633,20,13,2,1,NA,6741
1977,637,66,4,2,1,NA,3852
1977,640,22,12,2,1,NA,12520
1977,645,19,11,2,1,NA,26484
1977,650,19,12,2,2,NA,72229
1977,653,23,13,2,1,NA,31299
1977,655,28,12,2,1,NA,36114
1977,657,60,11,1,1,NA,31299
1977,658,20,12,2,1,NA,162607
1977,672,56,10,2,2,NA,10594
1977,674,74,9,2,1,NA,14446
1977,679,58,12,1,2,NA,65358.623999999996
1977,680,79,8,2,1,NA,8667
1977,695,44,12,2,1,NA,14446
1977,697,73,8,2,1,NA,3852
1977,704,54,14,1,1,NA,NA
1977,714,45,10,2,2,NA,31299
1977,724,71,6,2,1,NA,NA
1977,726,36,16,2,1,NA,17335
1977,727,68,8,2,1,NA,10594
1977,740,20,13,2,1,NA,NA
1977,749,63,12,2,1,NA,8667
1977,751,55,12,2,1,NA,26484
1977,752,34,5,2,1,NA,NA
1977,768,42,16,2,1,NA,162607
1977,777,63,12,2,1,NA,12520
1977,778,28,12,1,NA,NA,NA
1977,780,41,14,1,1,NA,3852
1977,786,39,6,2,1,NA,8667
1977,793,21,14,1,1,NA,72229
1977,796,33,12,2,1,NA,6741
1977,798,57,12,2,1,NA,10594
1977,806,37,13,1,1,NA,21669
1977,811,24,12,2,1,NA,26484
1977,820,51,12,2,1,NA,162607
1977,826,74,8,2,1,NA,3852
1977,828,20,11,2,1,NA,NA
1977,832,64,17,2,1,NA,26484
1977,836,30,16,2,1,NA,162607
1977,841,23,12,2,1,NA,31299
1977,842,36,10,1,1,NA,26484
1977,843,53,9,2,1,NA,3852
1977,845,58,12,1,1,NA,65358.623999999996
1977,848,35,10,1,2,NA,36114
1977,849,33,12,2,1,NA,40930
1977,854,58,12,2,1,NA,162607
1977,855,61,12,1,NA,NA,72229
1977,857,42,16,1,1,NA,162607
1977,861,35,16,1,1,NA,21669
1977,863,45,10,1,1,NA,26484
1977,865,26,15,1,2,NA,72229
1977,866,30,10,1,2,NA,17335
1977,869,63,15,1,2,NA,26484
1977,883,65,12,2,1,NA,162607
1977,884,53,14,1,1,NA,72229
1977,885,73,8,2,1,NA,12520
1977,887,53,12,2,1,NA,40930
1977,889,26,12,1,2,NA,65358.623999999996
1977,891,39,19,2,1,NA,72229
1977,893,42,16,2,1,NA,40930
1977,904,20,10,2,2,NA,963
1977,911,27,17,1,1,NA,31299
1977,915,66,12,1,1,NA,10594
1977,932,25,12,1,2,NA,26484
1977,938,34,16,2,1,NA,72229
1977,940,36,12,2,1,NA,26484
1977,942,28,12,1,2,NA,162607
1977,951,34,8,1,2,NA,21669
1977,958,61,16,1,2,NA,40930
1977,969,60,12,2,2,NA,NA
1977,981,42,18,2,NA,NA,72229
1977,988,53,16,1,1,NA,72229
1977,992,26,12,2,2,NA,14446
1977,998,65,12,1,1,NA,21669
1977,1000,28,19,2,1,NA,17335
1977,1012,63,19,1,2,NA,162607
1977,1015,38,12,2,1,NA,72229
1977,1017,37,18,1,NA,NA,72229
1977,1021,46,3,1,1,NA,162607
1977,1023,63,3,1,2,NA,963
1977,1029,53,10,2,2,NA,31299
1977,1030,46,4,2,1,NA,14446
1977,1032,40,12,2,1,NA,40930
1977,1033,67,12,2,1,NA,12520
1977,1034,57,17,2,1,NA,NA
1977,1037,45,12,1,2,NA,36114
1977,1039,58,12,2,1,NA,65358.623999999996
1977,1044,26,16,2,1,NA,21669
1977,1057,25,13,2,1,NA,40930
1977,1060,59,8,2,1,NA,14446
1977,1061,26,15,2,1,NA,26484
1977,1067,43,9,1,1,NA,6741
1977,1069,33,12,2,1,NA,NA
1977,1081,33,6,2,1,NA,3852
1977,1112,28,12,2,1,NA,21669
1977,1116,38,11,1,2,NA,31299
1977,1134,39,12,2,1,NA,3852
1977,1143,67,12,1,1,NA,72229
1977,1144,50,6,1,1,NA,3852
1977,1146,19,11,1,2,NA,72229
1977,1149,58,12,2,2,NA,10594
1977,1158,52,7,1,1,NA,NA
1977,1159,38,12,2,1,NA,36114
1977,1166,28,12,2,1,NA,65358.623999999996
1977,1172,43,14,2,2,NA,72229
1977,1182,25,18,2,1,NA,8667
1977,1184,23,16,1,2,NA,72229
1977,1188,73,7,1,1,NA,17335
1977,1192,23,13,2,2,NA,NA
1977,1205,50,10,2,1,NA,72229
1977,1206,47,8,2,1,NA,NA
1977,1210,51,9,1,1,NA,12520
1977,1216,71,14,2,1,NA,72229
1977,1220,73,6,2,1,NA,10594
1977,1233,73,12,2,1,NA,12520
1977,1234,56,12,2,2,NA,65358.623999999996
1977,1237,59,8,1,2,NA,14446
1977,1243,24,13,1,1,NA,21669
1977,1245,29,16,1,2,NA,26484
1977,1251,45,14,1,1,NA,NA
1977,1252,63,12,2,1,NA,3852
1977,1259,21,10,1,1,NA,17335
1977,1272,23,12,2,1,NA,40930
1977,1285,27,12,1,1,NA,10594
1977,1287,67,12,2,1,NA,3852
1977,1291,87,8,2,NA,NA,NA
1977,1298,80,5,1,2,NA,10594
1977,1302,33,12,2,1,NA,65358.623999999996
1977,1304,32,12,2,1,NA,31299
1977,1309,75,6,1,2,NA,8667
1977,1323,48,12,1,2,NA,31299
1977,1330,62,14,2,1,NA,21669
1977,1336,34,10,2,2,NA,17335
1977,1337,71,4,2,1,NA,6741
1977,1349,26,12,1,1,NA,21669
1977,1357,42,12,2,1,NA,162607
1977,1369,54,0,1,1,NA,6741
1977,1370,42,8,1,1,NA,31299
1977,1371,41,14,1,1,NA,72229
1977,1375,26,18,1,1,NA,21669
1977,1382,52,12,2,1,NA,26484
1977,1386,25,16,2,2,NA,12520
1977,1389,26,11,2,2,NA,21669
1977,1395,66,12,1,1,NA,31299
1977,1398,19,11,1,1,NA,26484
1977,1401,59,12,1,2,NA,17335
1977,1409,51,10,2,1,NA,21669
1977,1411,30,12,1,1,NA,17335
1977,1416,68,4,1,1,NA,6741
1977,1422,49,8,1,2,NA,21669
1977,1425,39,12,2,2,NA,72229
1977,1427,34,12,2,1,NA,8667
1977,1430,24,12,2,1,NA,36114
1977,1433,54,10,2,2,NA,65358.623999999996
1977,1440,52,8,1,2,NA,31299
1977,1443,50,12,1,1,NA,17335
1977,1446,24,12,1,2,NA,26484
1977,1447,25,14,2,NA,NA,65358.623999999996
1977,1450,38,15,2,1,NA,963
1977,1451,59,9,1,2,NA,162607
1977,1452,41,8,1,NA,NA,6741
1977,1492,42,8,1,1,NA,17335
1977,1497,23,11,1,2,NA,17335
1977,1504,69,4,2,1,NA,3852
1977,1506,73,6,1,1,NA,8667
1977,1509,40,7,2,1,NA,3852
1977,1511,70,16,2,1,NA,NA
1977,1512,41,12,2,1,NA,31299
1977,1519,45,8,1,2,NA,14446
1978,2,74,9,2,NA,2,6333
1978,3,35,10,1,NA,2,29402
1978,5,41,12,2,NA,1,57521.289000000004
1978,14,52,18,2,NA,1,143778
1978,26,76,16,1,NA,NA,33926
1978,27,33,16,2,NA,1,57521.289000000004
1978,28,39,12,2,NA,2,16284
1978,32,73,5,2,NA,2,NA
1978,36,74,3,2,NA,2,3619
1978,37,31,15,1,NA,1,20355
1978,45,35,12,1,NA,2,38449
1978,50,71,8,1,NA,1,3619
1978,57,30,14,1,NA,NA,29402
1978,58,22,11,2,NA,1,6333
1978,68,18,11,2,NA,1,NA
1978,69,21,12,2,NA,2,16284
1978,74,53,12,2,NA,1,67851
1978,82,42,15,2,NA,2,57521.289000000004
1978,86,32,13,2,NA,2,57521.289000000004
1978,89,82,10,1,NA,2,11761
1978,95,30,14,1,NA,2,NA
1978,105,42,12,2,NA,1,NA
1978,107,49,12,2,NA,2,67851
1978,111,71,7,1,NA,2,16284
1978,113,44,10,1,NA,1,20355
1978,114,57,12,1,NA,2,11761
1978,117,77,9,1,NA,NA,8142
1978,123,78,11,2,NA,2,NA
1978,131,37,12,2,NA,2,38449
1978,133,30,12,2,NA,2,57521.289000000004
1978,137,52,12,2,NA,2,16284
1978,138,24,15,1,NA,1,13570
1978,154,51,13,2,NA,1,67851
1978,164,46,12,2,NA,2,67851
1978,173,41,12,1,NA,2,33926
1978,175,54,15,2,NA,1,67851
1978,181,72,12,1,NA,2,29402
1978,192,35,11,2,NA,2,6333
1978,196,38,17,2,NA,2,38449
1978,199,20,11,1,NA,1,24879
1978,200,60,8,1,NA,2,67851
1978,202,75,8,2,NA,2,9952
1978,215,37,12,1,NA,2,67851
1978,223,43,10,2,NA,2,38449
1978,233,24,9,1,NA,1,143778
1978,240,34,12,2,NA,2,3619
1978,244,27,16,2,NA,2,24879
1978,250,58,12,2,NA,2,33926
1978,255,32,17,1,NA,2,38449
1978,256,43,17,2,NA,2,57521.289000000004
1978,262,72,8,2,NA,2,NA
1978,264,37,13,2,NA,2,NA
1978,268,50,8,2,NA,2,9952
1978,271,79,12,2,NA,2,9952
1978,274,26,14,2,NA,2,38449
1978,277,19,12,1,NA,1,38449
1978,278,28,16,2,NA,2,11761
1978,283,71,12,2,NA,2,11761
1978,294,61,12,2,NA,2,NA
1978,300,43,14,1,NA,2,9952
1978,302,71,7,2,NA,2,24879
1978,308,23,13,1,NA,1,905
1978,311,53,12,1,NA,1,20355
1978,316,28,10,1,NA,1,38449
1978,318,24,12,2,NA,1,13570
1978,325,30,13,2,NA,2,143778
1978,327,31,8,1,NA,1,29402
1978,340,34,12,2,NA,1,24879
1978,344,39,12,1,NA,2,29402
1978,346,54,1,2,NA,2,6333
1978,349,79,16,2,NA,1,16284
1978,352,35,13,1,NA,1,20355
1978,353,37,14,2,NA,2,29402
1978,357,19,12,2,NA,1,9952
1978,362,61,9,2,NA,2,11761
1978,364,71,12,2,NA,2,3619
1978,381,24,13,2,NA,1,38449
1978,386,40,10,1,NA,1,11761
1978,388,41,8,1,NA,2,6333
1978,397,35,10,2,NA,2,20355
1978,406,64,17,2,NA,2,20355
1978,407,40,4,2,NA,2,905
1978,408,80,4,2,NA,NA,6333
1978,426,70,12,1,NA,2,16284
1978,436,21,12,2,NA,1,24879
1978,441,69,12,1,NA,1,20355
1978,443,26,11,2,NA,1,9952
1978,454,31,14,2,NA,1,67851
1978,458,25,14,1,NA,2,20355
1978,459,41,12,1,NA,1,20355
1978,464,61,12,1,NA,NA,29402
1978,465,79,8,1,NA,NA,9952
1978,468,50,13,2,NA,NA,20355
1978,474,42,12,1,NA,2,24879
1978,478,39,7,1,NA,2,16284
1978,480,23,16,2,NA,1,24879
1978,487,22,12,2,NA,2,11761
1978,490,30,18,1,NA,2,57521.289000000004
1978,495,72,6,2,NA,2,8142
1978,496,33,8,2,NA,2,33926
1978,498,20,12,2,NA,1,6333
1978,499,28,12,1,NA,2,29402
1978,502,27,12,2,NA,2,20355
1978,503,23,12,1,NA,1,16284
1978,507,73,8,2,NA,2,8142
1978,512,29,16,2,NA,1,67851
1978,513,31,19,1,NA,1,67851
1978,520,71,8,1,NA,2,NA
1978,524,33,12,2,NA,2,67851
1978,534,58,12,2,NA,2,38449
1978,561,32,12,2,NA,2,24879
1978,562,19,12,2,NA,2,20355
1978,568,31,14,2,NA,1,33926
1978,579,59,4,1,NA,2,11761
1978,582,22,11,2,NA,1,20355
1978,584,67,8,1,NA,2,3619
1978,589,28,11,2,NA,1,24879
1978,590,27,3,2,NA,2,20355
1978,591,70,8,2,NA,2,3619
1978,592,28,9,1,NA,2,24879
1978,593,72,11,1,NA,2,NA
1978,598,77,10,2,NA,2,24879
1978,601,41,12,2,NA,2,NA
1978,604,72,11,2,NA,2,NA
1978,624,54,11,1,NA,2,24879
1978,632,55,12,1,NA,2,29402
1978,635,49,8,1,NA,2,67851
1978,644,48,8,2,NA,2,NA
1978,649,21,12,1,NA,2,20355
1978,650,28,12,1,NA,1,20355
1978,655,26,12,1,NA,1,3619
1978,656,56,11,2,NA,2,33926
1978,661,24,12,1,NA,1,9952
1978,663,39,11,2,NA,2,38449
1978,677,54,14,2,NA,2,57521.289000000004
1978,686,79,10,2,NA,NA,6333
1978,699,80,15,2,NA,2,9952
1978,703,41,11,2,NA,2,NA
1978,708,47,11,2,NA,2,NA
1978,710,35,NA,1,NA,2,20355
1978,711,38,10,2,NA,2,20355
1978,714,32,12,2,NA,1,6333
1978,728,24,8,1,NA,2,16284
1978,730,24,11,2,NA,2,3619
1978,734,58,9,1,NA,2,3619
1978,740,36,12,2,NA,2,16284
1978,744,35,10,1,NA,2,20355
1978,745,62,6,1,NA,2,29402
1978,747,21,12,2,NA,1,24879
1978,750,32,12,1,NA,2,57521.289000000004
1978,753,55,12,2,NA,2,9952
1978,754,66,12,2,NA,2,9952
1978,756,34,18,2,NA,NA,20355
1978,762,66,16,1,NA,1,57521.289000000004
1978,763,47,16,2,NA,1,67851
1978,783,77,12,2,NA,2,11761
1978,784,84,NA,2,NA,2,NA
1978,785,80,8,2,NA,2,6333
1978,786,36,15,1,NA,2,NA
1978,801,88,16,2,NA,1,9952
1978,812,72,5,1,NA,1,NA
1978,818,46,12,2,NA,2,29402
1978,822,77,14,2,NA,2,6333
1978,828,57,12,1,NA,1,24879
1978,829,36,14,2,NA,2,29402
1978,841,22,14,2,NA,1,38449
1978,843,35,12,2,NA,1,20355
1978,847,34,12,2,NA,2,29402
1978,852,61,9,2,NA,NA,24879
1978,854,37,6,1,NA,1,29402
1978,861,26,16,2,NA,2,16284
1978,871,58,11,1,NA,2,13570
1978,881,28,12,2,NA,2,9952
1978,883,57,13,1,NA,1,3619
1978,888,40,NA,2,NA,2,NA
1978,895,37,16,2,NA,2,67851
1978,896,51,12,2,NA,2,67851
1978,908,40,14,2,NA,2,57521.289000000004
1978,909,53,11,2,NA,1,8142
1978,911,19,11,2,NA,2,905
1978,912,32,12,1,NA,2,8142
1978,913,68,7,2,NA,1,3619
1978,916,20,13,2,NA,1,11761
1978,920,28,12,2,NA,2,29402
1978,926,27,14,1,NA,1,11761
1978,927,29,12,1,NA,1,24879
1978,931,58,12,2,NA,2,29402
1978,943,23,11,2,NA,1,20355
1978,944,23,12,2,NA,2,20355
1978,954,70,13,2,NA,2,67851
1978,969,42,12,1,NA,2,38449
1978,970,38,8,2,NA,2,38449
1978,976,35,18,2,NA,2,33926
1978,979,84,8,2,NA,2,6333
1978,983,67,5,2,NA,2,8142
1978,1000,32,12,2,NA,2,67851
1978,1001,28,14,1,NA,2,57521.289000000004
1978,1002,38,13,1,NA,2,29402
1978,1003,28,12,1,NA,2,67851
1978,1008,NA,12,2,NA,1,20355
1978,1011,40,14,1,NA,2,33926
1978,1012,29,16,1,NA,1,20355
1978,1014,56,17,2,NA,NA,24879
1978,1017,74,14,2,NA,2,24879
1978,1025,25,4,2,NA,2,6333
1978,1034,30,16,1,NA,2,38449
1978,1037,26,7,2,NA,2,29402
1978,1040,27,17,1,NA,1,33926
1978,1045,27,11,2,NA,1,20355
1978,1048,39,12,2,NA,NA,11761
1978,1056,34,6,2,NA,2,13570
1978,1067,26,10,2,NA,2,6333
1978,1070,35,13,1,NA,1,24879
1978,1071,25,16,2,NA,1,24879
1978,1073,52,11,1,NA,1,29402
1978,1074,22,12,1,NA,1,20355
1978,1079,33,9,2,NA,1,33926
1978,1082,52,18,1,NA,2,67851
1978,1085,54,12,2,NA,2,9952
1978,1087,23,12,1,NA,1,6333
1978,1090,49,7,1,NA,2,16284
1978,1104,43,12,2,NA,2,33926
1978,1109,39,9,2,NA,2,33926
1978,1118,65,12,1,NA,2,57521.289000000004
1978,1121,32,13,2,NA,2,16284
1978,1123,57,11,2,NA,2,11761
1978,1124,34,16,1,NA,1,33926
1978,1126,23,14,2,NA,2,57521.289000000004
1978,1134,57,6,1,NA,2,67851
1978,1137,22,12,2,NA,2,67851
1978,1143,65,8,2,NA,2,29402
1978,1144,53,12,2,NA,2,3619
1978,1148,41,8,2,NA,1,20355
1978,1149,39,12,2,NA,2,9952
1978,1150,31,12,2,NA,2,16284
1978,1173,37,12,1,NA,2,20355
1978,1178,21,14,1,NA,2,9952
1978,1186,89,12,2,NA,2,NA
1978,1189,20,9,2,NA,1,6333
1978,1190,35,12,2,NA,2,67851
1978,1191,40,17,1,NA,2,57521.289000000004
1978,1194,79,9,1,NA,2,29402
1978,1203,68,8,2,NA,1,8142
1978,1226,35,18,1,NA,1,143778
1978,1227,33,18,2,NA,1,38449
1978,1235,35,13,2,NA,1,67851
1978,1239,83,12,1,NA,2,33926
1978,1242,50,11,1,NA,2,67851
1978,1253,41,12,1,NA,2,29402
1978,1259,44,19,1,NA,1,57521.289000000004
1978,1269,41,13,2,NA,1,20355
1978,1270,58,12,2,NA,2,20355
1978,1298,52,10,2,NA,1,24879
1978,1311,65,10,1,NA,2,33926
1978,1312,23,11,2,NA,1,6333
1978,1329,50,8,1,NA,2,16284
1978,1335,45,15,2,NA,2,20355
1978,1341,25,12,2,NA,2,24879
1978,1344,65,12,1,NA,2,8142
1978,1345,57,14,2,NA,2,24879
1978,1351,19,12,2,NA,1,20355
1978,1352,44,12,1,NA,2,16284
1978,1354,24,12,2,NA,2,13570
1978,1358,64,15,2,NA,2,20355
1978,1359,37,7,1,NA,2,29402
1978,1364,75,11,2,NA,2,6333
1978,1366,23,12,2,NA,2,6333
1978,1379,36,15,2,NA,2,143778
1978,1392,NA,12,2,NA,2,9952
1978,1395,73,7,1,NA,2,11761
1978,1398,18,11,2,NA,1,6333
1978,1400,31,12,2,NA,2,11761
1978,1401,27,12,1,NA,2,38449
1978,1403,25,12,1,NA,1,24879
1978,1404,68,12,1,NA,2,20355
1978,1408,21,12,1,NA,2,38449
1978,1409,40,12,2,NA,2,11761
1978,1412,29,12,1,NA,2,13570
1978,1421,55,12,2,NA,1,57521.289000000004
1978,1425,25,12,1,NA,1,13570
1978,1439,67,7,2,NA,2,6333
1978,1448,61,14,2,NA,2,67851
1978,1449,55,11,2,NA,1,3619
1978,1455,48,8,1,NA,2,33926
1978,1460,42,11,2,NA,1,29402
1978,1465,28,13,2,NA,2,20355
1978,1466,63,11,2,NA,2,16284
1978,1467,23,12,1,NA,1,13570
1978,1471,43,8,1,NA,2,67851
1978,1476,69,8,2,NA,2,3619
1978,1486,40,4,2,NA,2,29402
1978,1490,28,9,2,NA,1,6333
1978,1495,51,17,2,NA,2,67851
1978,1497,34,18,1,NA,2,57521.289000000004
1978,1498,49,7,2,NA,2,33926
1978,1504,22,10,1,NA,2,24879
1978,1508,33,10,2,NA,2,29402
1978,1509,22,12,2,NA,2,24879
1978,1510,71,0,2,NA,2,3619
1978,1516,58,15,1,NA,2,38449
1978,1517,70,8,2,NA,2,3619
1978,1518,33,12,2,NA,2,6333
1978,1520,60,7,1,NA,2,16284
1978,1523,84,0,1,NA,2,6333
1978,1528,31,10,2,NA,2,6333
1978,1530,68,10,2,NA,2,11761
1980,2,77,10,1,1,2,16994
1980,5,24,12,2,1,2,128141
1980,11,74,12,2,1,2,28323
1980,12,44,12,2,1,2,56647
1980,16,24,12,1,2,1,NA
1980,17,36,12,2,1,2,16994
1980,23,73,8,2,1,2,13595
1980,24,65,9,2,1,2,20770
1980,30,66,12,1,1,2,20770
1980,34,22,7,2,1,2,5287
1980,35,58,5,1,1,2,32100
1980,42,48,12,2,1,2,56647
1980,50,63,8,2,1,2,3021
1980,52,30,9,2,2,2,9819
1980,68,57,11,1,2,2,3021
1980,69,28,10,2,1,2,5287
1980,77,51,12,1,1,2,24547
1980,82,45,12,2,1,2,128141
1980,83,30,14,1,1,2,56647
1980,86,51,17,1,1,NA,56647
1980,89,25,13,2,1,2,11329
1980,93,71,12,1,1,2,16994
1980,103,22,12,1,1,2,20770
1980,107,32,12,2,1,2,13595
1980,108,22,12,1,1,1,13595
1980,111,28,16,2,1,2,13595
1980,116,22,12,1,2,2,32100
1980,121,32,19,1,1,1,56647
1980,128,37,12,2,1,2,56647
1980,130,29,14,2,1,2,28323
1980,131,29,18,2,1,2,52510.144499999995
1980,136,49,18,1,1,NA,28323
1980,137,23,13,2,1,1,56647
1980,152,42,12,2,1,2,56647
1980,164,65,16,2,1,2,32100
1980,166,51,9,1,1,2,52510.144499999995
1980,167,57,12,2,1,2,52510.144499999995
1980,173,83,9,2,1,2,6798
1980,177,47,12,2,1,2,128141
1980,179,22,13,1,1,1,13595
1980,180,31,12,2,1,2,56647
1980,187,28,14,1,1,1,56647
1980,189,59,12,2,1,2,52510.144499999995
1980,190,23,12,2,1,1,16994
1980,194,39,16,1,1,2,56647
1980,204,38,12,2,1,2,52510.144499999995
1980,209,62,5,1,2,2,32100
1980,217,40,10,2,2,2,9819
1980,220,53,12,1,1,2,13595
1980,222,68,13,1,1,2,16994
1980,226,79,8,2,1,2,6798
1980,229,23,12,2,1,2,20770
1980,236,21,12,1,1,2,9819
1980,243,72,8,2,1,2,9819
1980,245,27,12,2,1,2,20770
1980,247,63,12,2,1,2,11329
1980,248,19,12,1,1,2,8308
1980,251,19,12,1,2,2,16994
1980,254,65,12,1,1,2,56647
1980,257,20,12,2,1,1,755
1980,262,63,12,2,1,2,5287
1980,264,30,11,2,1,2,128141
1980,267,33,12,2,1,2,16994
1980,277,24,10,1,1,1,28323
1980,278,71,14,2,1,2,52510.144499999995
1980,284,58,12,2,1,2,56647
1980,285,45,12,2,1,2,24547
1980,289,42,12,2,NA,2,56647
1980,296,51,10,2,2,2,13595
1980,298,29,12,2,1,1,32100
1980,302,22,12,1,2,1,755
1980,312,59,10,2,2,1,NA
1980,313,29,16,2,2,2,NA
1980,318,24,16,2,1,NA,28323
1980,350,32,16,1,1,1,56647
1980,353,72,4,1,1,2,5287
1980,361,34,8,2,1,2,16994
1980,365,66,11,2,2,2,NA
1980,366,56,14,1,1,2,16994
1980,367,44,12,1,2,2,32100
1980,372,82,9,1,2,2,5287
1980,381,37,12,1,2,2,56647
1980,382,57,14,1,2,2,56647
1980,384,54,11,2,NA,1,16994
1980,387,32,8,2,1,2,13595
1980,393,22,10,1,2,1,NA
1980,394,23,11,1,1,1,16994
1980,402,52,14,2,1,2,24547
1980,413,32,16,1,1,2,28323
1980,415,68,10,2,2,1,11329
1980,416,49,18,2,2,2,24547
1980,433,66,17,1,1,1,56647
1980,445,54,7,1,1,2,56647
1980,448,38,14,2,1,2,32100
1980,449,36,15,1,2,2,20770
1980,454,28,16,2,1,1,8308
1980,455,64,16,2,2,2,NA
1980,456,56,8,1,2,2,16994
1980,460,29,11,2,1,1,16994
1980,462,46,14,1,1,2,24547
1980,464,44,11,1,1,1,13595
1980,469,37,14,2,1,2,32100
1980,472,45,8,1,2,1,6798
1980,477,68,18,2,2,2,NA
1980,478,89,12,2,1,2,56647
1980,481,47,12,2,1,2,52510.144499999995
1980,488,69,5,1,1,2,NA
1980,499,67,8,1,1,2,9819
1980,502,59,12,1,1,2,5287
1980,507,69,8,1,1,2,28323
1980,509,53,11,1,1,2,20770
1980,514,25,13,2,2,1,52510.144499999995
1980,529,61,10,2,1,2,8308
1980,543,22,11,1,2,1,20770
1980,548,30,12,1,1,2,28323
1980,551,51,15,2,1,1,6798
1980,567,34,16,1,2,2,56647
1980,576,70,12,1,2,2,20770
1980,581,22,12,2,1,2,NA
1980,586,53,7,1,1,2,56647
1980,588,76,11,1,1,2,6798
1980,592,75,11,2,1,2,NA
1980,596,26,12,2,2,2,56647
1980,597,42,12,2,1,2,24547
1980,598,34,12,1,1,2,52510.144499999995
1980,604,83,4,2,1,2,3021
1980,605,21,9,1,1,1,13595
1980,607,36,12,1,1,2,56647
1980,609,46,12,1,1,1,20770
1980,618,49,10,2,2,1,24547
1980,620,21,12,2,2,1,NA
1980,628,79,6,2,1,2,NA
1980,634,57,2,1,2,2,16994
1980,637,30,10,2,1,2,6798
1980,639,67,8,1,2,2,13595
1980,642,77,9,1,1,2,8308
1980,644,73,8,2,2,2,NA
1980,645,48,6,2,2,2,13595
1980,650,51,11,1,2,2,NA
1980,658,41,11,1,1,1,32100
1980,666,60,12,2,1,2,9819
1980,668,29,12,2,1,2,13595
1980,676,23,12,2,2,2,28323
1980,678,43,12,2,1,2,24547
1980,681,47,12,1,2,2,28323
1980,691,26,14,1,1,2,13595
1980,696,44,12,1,2,2,56647
1980,699,64,7,2,1,2,13595
1980,704,68,9,2,NA,2,8308
1980,706,76,6,1,1,2,16994
1980,714,41,12,1,2,1,28323
1980,715,35,12,1,2,2,20770
1980,719,30,5,1,1,2,5287
1980,721,50,17,1,2,1,56647
1980,727,82,7,2,1,2,3021
1980,728,61,7,2,1,2,3021
1980,733,55,5,2,1,2,755
1980,737,36,16,2,1,2,56647
1980,740,77,7,1,1,2,8308
1980,744,26,12,1,2,1,24547
1980,762,44,17,2,1,2,16994
1980,774,30,13,1,1,1,28323
1980,779,40,20,1,1,1,128141
1980,784,54,16,2,1,1,16994
1980,787,33,16,2,1,1,32100
1980,790,33,17,2,1,2,128141
1980,792,37,12,1,1,1,56647
1980,794,29,11,2,1,2,6798
1980,802,79,10,1,1,2,11329
1980,811,47,16,1,1,1,128141
1980,813,56,8,2,1,2,32100
1980,831,22,12,2,2,1,NA
1980,841,48,16,1,2,1,56647
1980,843,74,10,2,1,2,16994
1980,851,57,8,1,1,2,24547
1980,854,69,12,2,1,2,128141
1980,856,35,20,2,1,1,56647
1980,859,59,10,1,1,2,56647
1980,864,48,11,1,2,2,56647
1980,866,37,12,2,1,2,NA
1980,868,62,12,1,1,2,52510.144499999995
1980,875,74,7,2,1,2,5287
1980,881,20,12,2,1,1,32100
1980,885,31,13,1,1,2,20770
1980,887,33,12,1,1,1,56647
1980,895,41,18,2,NA,2,56647
1980,897,60,5,2,1,2,32100
1980,904,23,12,2,1,2,32100
1980,921,42,12,1,2,2,56647
1980,924,31,13,2,1,2,9819
1980,928,26,12,2,1,2,28323
1980,931,19,12,2,1,1,NA
1980,932,86,8,2,1,NA,5287
1980,947,42,12,1,2,2,56647
1980,949,71,11,2,1,2,8308
1980,952,24,12,1,1,2,20770
1980,961,42,16,1,2,1,56647
1980,962,24,12,2,1,2,32100
1980,968,40,20,1,1,2,56647
1980,972,20,10,2,1,2,56647
1980,975,37,14,2,1,1,56647
1980,984,56,8,1,2,2,9819
1980,985,58,8,1,1,2,56647
1980,991,59,12,1,2,2,28323
1980,995,50,18,1,2,2,56647
1980,1001,24,14,2,1,2,28323
1980,1005,57,9,2,1,2,5287
1980,1012,27,12,2,1,2,6798
1980,1017,60,12,1,1,2,6798
1980,1019,67,6,2,1,2,24547
1980,1022,29,7,1,1,2,NA
1980,1023,35,16,2,1,2,56647
1980,1029,59,6,1,2,2,20770
1980,1040,27,14,1,1,1,11329
1980,1059,41,12,1,1,2,28323
1980,1060,30,20,1,2,2,28323
1980,1061,31,12,2,1,2,20770
1980,1067,54,12,1,1,2,32100
1980,1069,20,12,2,1,2,20770
1980,1079,36,12,1,1,2,56647
1980,1082,24,12,2,1,2,20770
1980,1085,31,16,1,2,1,28323
1980,1088,88,NA,2,2,2,128141
1980,1099,37,17,1,2,1,56647
1980,1108,65,11,2,1,2,6798
1980,1113,34,17,2,1,2,11329
1980,1117,24,12,1,1,2,13595
1980,1120,23,12,1,1,1,NA
1980,1131,51,11,2,2,2,52510.144499999995
1980,1159,53,10,1,2,1,128141
1980,1162,54,12,2,1,2,32100
1980,1168,43,13,1,2,1,56647
1980,1170,28,16,2,1,1,24547
1980,1173,43,12,2,1,2,28323
1980,1174,35,12,1,1,2,20770
1980,1182,38,12,2,1,1,NA
1980,1183,21,13,1,2,2,20770
1980,1186,21,13,1,1,2,13595
1980,1189,57,14,1,2,NA,56647
1980,1195,28,16,1,1,NA,28323
1980,1198,47,15,2,1,2,5287
1980,1202,65,9,1,1,2,16994
1980,1203,46,14,1,1,2,32100
1980,1211,21,13,2,1,2,11329
1980,1219,22,16,2,1,2,755
1980,1222,63,12,1,2,1,5287
1980,1228,34,12,2,1,2,13595
1980,1229,31,12,1,1,1,28323
1980,1230,33,16,1,1,2,8308
1980,1241,37,13,1,1,1,52510.144499999995
1980,1247,23,13,2,2,1,56647
1980,1249,69,8,2,2,2,3021
1980,1251,80,8,1,1,2,5287
1980,1260,76,16,2,1,2,11329
1980,1269,37,16,2,1,1,56647
1980,1276,66,5,1,2,2,16994
1980,1279,58,12,1,1,1,16994
1980,1286,32,13,1,1,2,24547
1980,1292,29,12,1,2,2,24547
1980,1304,61,12,2,NA,2,8308
1980,1308,29,14,2,1,1,28323
1980,1309,39,12,1,2,2,16994
1980,1316,20,12,1,1,2,28323
1980,1317,35,10,1,1,2,24547
1980,1322,60,12,1,2,2,28323
1980,1324,62,7,1,2,2,28323
1980,1348,22,16,2,1,1,24547
1980,1350,73,16,2,1,2,32100
1980,1351,22,12,2,1,2,13595
1980,1356,27,12,2,1,2,16994
1980,1362,45,12,2,2,2,56647
1980,1363,53,14,1,1,NA,56647
1980,1371,48,11,1,2,2,32100
1980,1385,33,15,1,1,1,128141
1980,1394,69,14,1,2,2,52510.144499999995
1980,1396,68,10,1,2,2,28323
1980,1405,30,12,1,2,NA,24547
1980,1407,84,16,2,1,2,6798
1980,1408,57,8,1,2,2,28323
1980,1411,20,11,2,2,1,24547
1980,1413,36,14,2,1,2,24547
1980,1426,31,12,2,1,2,24547
1980,1428,47,12,1,1,2,20770
1980,1431,66,8,1,1,2,8308
1980,1435,32,10,1,2,2,56647
1980,1442,43,9,2,1,2,28323
1980,1447,40,8,1,1,2,24547
1980,1449,71,13,2,1,2,5287
1980,1453,58,12,2,2,2,52510.144499999995
1980,1461,56,7,1,1,2,9819
1980,1464,28,12,2,2,2,20770
1980,1465,20,12,1,2,1,56647
1980,1467,23,14,2,1,2,32100
1980,1468,24,12,1,1,1,8308
1982,3,27,15,2,1,NA,43152.8415
1982,13,53,9,2,1,NA,2411
1982,21,20,14,2,1,NA,51237
1982,24,29,12,1,1,NA,25619
1982,28,25,15,2,1,NA,NA
1982,35,59,9,2,1,NA,19591
1982,37,49,12,2,1,NA,90722
1982,40,26,11,1,1,NA,36167
1982,42,31,16,1,1,NA,25619
1982,43,71,12,1,1,NA,13563
1982,47,NA,14,1,1,NA,NA
1982,59,32,14,1,1,NA,51237
1982,62,32,16,2,1,NA,90722
1982,66,44,11,2,1,NA,16577
1982,67,30,12,2,1,NA,5425
1982,71,48,17,2,1,NA,10850
1982,73,30,13,2,1,NA,6631
1982,75,43,12,2,1,NA,36167
1982,76,32,15,1,1,NA,36167
1982,85,35,16,2,1,NA,22605
1982,89,46,14,1,1,NA,NA
1982,91,56,10,1,1,NA,10850
1982,97,21,12,2,1,NA,16577
1982,99,37,10,1,1,NA,51237
1982,105,61,9,1,1,NA,16577
1982,115,36,13,1,1,NA,51237
1982,120,47,11,2,1,NA,90722
1982,127,33,16,1,1,NA,9042
1982,134,27,14,2,1,NA,36167
1982,150,62,12,2,1,NA,43152.8415
1982,152,71,12,2,1,NA,19591
1982,155,65,8,2,1,NA,43152.8415
1982,161,73,8,1,1,NA,16577
1982,172,43,14,1,1,NA,36167
1982,173,48,12,1,1,NA,NA
1982,177,29,7,2,1,NA,4220
1982,182,24,11,2,1,NA,36167
1982,189,34,14,2,1,NA,51237
1982,197,64,15,1,1,NA,36167
1982,201,63,8,1,1,NA,43152.8415
1982,202,80,8,2,1,NA,6631
1982,208,38,12,2,2,NA,36167
1982,210,44,20,2,NA,NA,36167
1982,211,30,12,2,1,NA,19591
1982,232,39,11,1,1,NA,5425
1982,238,40,17,1,1,NA,43152.8415
1982,240,37,12,1,1,NA,16577
1982,242,19,11,2,1,NA,16577
1982,244,54,10,1,2,NA,51237
1982,247,32,16,1,2,NA,22605
1982,249,23,12,1,1,NA,36167
1982,260,19,12,1,1,NA,51237
1982,263,50,12,2,1,NA,43152.8415
1982,264,63,8,2,2,NA,4220
1982,268,72,13,1,1,NA,5425
1982,272,76,10,2,2,NA,4220
1982,275,23,13,2,1,NA,9042
1982,277,31,12,2,1,NA,36167
1982,278,30,16,1,1,NA,51237
1982,285,22,15,1,1,NA,6631
1982,290,40,16,1,1,NA,51237
1982,292,48,8,2,1,NA,NA
1982,293,38,12,2,2,NA,36167
1982,294,58,7,2,1,NA,16577
1982,297,83,7,1,1,NA,6631
1982,301,34,7,2,2,NA,4220
1982,303,56,12,1,2,NA,16577
1982,314,69,12,1,1,NA,16577
1982,317,31,18,2,1,NA,36167
1982,319,33,9,2,2,NA,603
1982,329,27,7,2,1,NA,6631
1982,331,49,13,1,2,NA,9042
1982,334,26,13,2,2,NA,9042
1982,335,54,NA,2,2,NA,NA
1982,370,70,12,2,2,NA,13563
1982,373,29,16,1,2,NA,90722
1982,374,79,20,1,2,NA,13563
1982,378,NA,12,1,2,NA,NA
1982,382,70,12,2,2,NA,NA
1982,391,44,11,2,2,NA,10850
1982,396,30,12,2,1,NA,9042
1982,401,28,12,1,2,NA,25619
1982,402,49,12,2,1,NA,36167
1982,411,73,8,2,2,NA,10850
1982,415,64,8,1,2,NA,4220
1982,423,49,13,1,2,NA,NA
1982,427,54,12,2,2,NA,25619
1982,432,24,16,1,1,NA,43152.8415
1982,437,25,12,1,2,NA,43152.8415
1982,438,37,3,1,2,NA,22605
1982,442,42,8,1,2,NA,36167
1982,450,30,19,2,1,NA,22605
1982,452,81,16,1,1,NA,90722
1982,458,44,9,2,1,NA,7836
1982,459,28,11,2,1,NA,10850
1982,461,59,20,1,2,NA,19591
1982,469,41,19,1,2,NA,43152.8415
1982,474,43,15,1,1,NA,90722
1982,475,71,18,2,2,NA,43152.8415
1982,477,68,7,1,1,NA,10850
1982,481,87,1,1,1,NA,5425
1982,482,25,12,2,1,NA,10850
1982,487,34,12,2,1,NA,13563
1982,488,35,14,1,1,NA,19591
1982,493,65,8,2,1,NA,2411
1982,494,77,6,2,1,NA,9042
1982,495,34,12,2,1,NA,22605
1982,497,NA,8,2,1,NA,4220
1982,499,70,6,2,2,NA,10850
1982,500,59,12,2,1,NA,13563
1982,503,57,12,2,1,NA,22605
1982,517,28,14,1,1,NA,90722
1982,520,52,12,1,1,NA,51237
1982,526,38,19,1,1,NA,51237
1982,527,71,8,1,1,NA,13563
1982,530,22,14,2,1,NA,16577
1982,531,34,12,1,1,NA,36167
1982,555,27,12,1,2,NA,5425
1982,557,27,11,2,2,NA,51237
1982,563,67,12,1,2,NA,19591
1982,571,46,12,1,1,NA,16577
1982,573,29,13,2,2,NA,22605
1982,575,47,12,2,1,NA,16577
1982,579,28,15,2,1,NA,5425
1982,586,47,12,1,1,NA,43152.8415
1982,602,59,5,2,1,NA,2411
1982,606,80,16,2,1,NA,10850
1982,607,41,11,1,1,NA,43152.8415
1982,614,39,9,2,2,NA,13563
1982,623,30,16,1,2,NA,36167
1982,629,62,8,1,1,NA,9042
1982,637,60,14,1,2,NA,16577
1982,639,19,10,1,1,NA,13563
1982,641,59,14,2,1,NA,36167
1982,654,27,8,1,1,NA,9042
1982,657,42,10,2,2,NA,22605
1982,658,52,12,2,2,NA,13563
1982,664,26,12,2,1,NA,NA
1982,667,37,17,1,2,NA,36167
1982,668,85,8,2,1,NA,9042
1982,669,86,6,1,2,NA,5425
1982,670,61,8,2,1,NA,19591
1982,678,32,13,2,2,NA,22605
1982,679,60,18,1,1,NA,5425
1982,684,54,8,2,2,NA,36167
1982,685,25,11,1,2,NA,25619
1982,690,40,12,1,2,NA,43152.8415
1982,693,35,16,2,1,NA,NA
1982,700,31,6,2,1,NA,10850
1982,703,23,14,1,2,NA,13563
1982,705,48,8,1,1,NA,22605
1982,711,37,5,2,NA,NA,NA
1982,712,48,7,1,2,NA,25619
1982,714,52,12,2,2,NA,10850
1982,718,57,5,1,1,NA,10850
1982,720,34,12,1,1,NA,51237
1982,722,64,7,2,1,NA,2411
1982,730,57,6,1,2,NA,2411
1982,733,22,12,2,1,NA,13563
1982,735,74,8,2,1,NA,7836
1982,742,42,18,2,1,NA,51237
1982,747,32,11,1,1,NA,43152.8415
1982,751,37,12,2,1,NA,51237
1982,754,49,11,1,1,NA,25619
1982,755,60,15,1,1,NA,90722
1982,770,57,11,1,1,NA,43152.8415
1982,773,22,11,2,1,NA,25619
1982,775,88,11,2,1,NA,NA
1982,780,39,19,2,1,NA,36167
1982,785,41,12,2,1,NA,13563
1982,788,51,10,1,1,NA,NA
1982,790,56,7,1,1,NA,10850
1982,792,19,13,2,1,NA,5425
1982,794,NA,16,1,1,NA,NA
1982,796,31,12,2,1,NA,43152.8415
1982,801,26,12,2,1,NA,4220
1982,810,48,12,1,2,NA,NA
1982,815,29,16,1,1,NA,19591
1982,823,48,11,1,1,NA,36167
1982,826,37,12,2,1,NA,22605
1982,828,56,12,1,1,NA,NA
1982,838,56,8,1,1,NA,90722
1982,840,39,17,1,2,NA,NA
1982,845,45,15,2,1,NA,36167
1982,847,47,16,2,1,NA,NA
1982,848,27,12,1,1,NA,NA
1982,866,43,19,1,1,NA,36167
1982,867,54,8,1,1,NA,36167
1982,873,57,6,1,2,NA,22605
1982,880,19,12,1,1,NA,90722
1982,882,41,16,1,2,NA,51237
1982,883,53,12,2,2,NA,36167
1982,892,69,13,1,1,NA,19591
1982,898,62,6,2,1,NA,19591
1982,902,44,16,1,1,NA,90722
1982,905,21,12,1,1,NA,NA
1982,909,54,10,1,1,NA,19591
1982,910,24,14,1,1,NA,13563
1982,911,NA,12,2,NA,NA,NA
1982,921,56,12,1,1,NA,36167
1982,923,45,12,2,1,NA,43152.8415
1982,930,29,12,2,1,NA,22605
1982,933,71,7,1,1,NA,6631
1982,940,26,12,2,2,NA,10850
1982,951,44,18,2,1,NA,51237
1982,952,59,14,2,2,NA,NA
1982,953,68,14,1,NA,NA,43152.8415
1982,955,47,16,2,1,NA,51237
1982,957,25,12,2,2,NA,4220
1982,961,56,5,2,1,NA,90722
1982,967,65,10,2,1,NA,7836
1982,989,24,12,1,1,NA,22605
1982,993,71,11,1,1,NA,2411
1982,997,29,10,2,1,NA,4220
1982,1000,67,11,2,1,NA,6631
1982,1002,27,12,2,1,NA,NA
1982,1004,61,13,2,1,NA,43152.8415
1982,1007,38,19,1,1,NA,90722
1982,1009,31,14,2,1,NA,51237
1982,1020,40,16,2,1,NA,22605
1982,1023,44,12,2,NA,NA,22605
1982,1029,35,13,2,1,NA,36167
1982,1039,37,16,1,1,NA,51237
1982,1047,23,15,2,1,NA,16577
1982,1049,31,12,1,1,NA,36167
1982,1050,47,15,2,2,NA,36167
1982,1055,32,12,2,1,NA,19591
1982,1056,43,12,2,2,NA,NA
1982,1078,42,19,1,1,NA,51237
1982,1080,72,14,2,NA,NA,6631
1982,1085,24,12,2,1,NA,19591
1982,1090,35,13,1,1,NA,36167
1982,1098,55,20,2,1,NA,43152.8415
1982,1103,27,16,2,2,NA,16577
1982,1108,59,18,1,1,NA,90722
1982,1114,27,11,2,2,NA,603
1982,1118,60,7,2,1,NA,4220
1982,1122,36,20,2,1,NA,25619
1982,1124,51,16,1,1,NA,16577
1982,1125,18,10,1,1,NA,603
1982,1134,28,16,2,1,NA,36167
1982,1136,28,14,1,1,NA,43152.8415
1982,1138,37,12,1,1,NA,16577
1982,1141,22,9,2,2,NA,13563
1982,1145,81,12,2,1,NA,4220
1982,1149,NA,12,2,1,NA,36167
1982,1156,35,15,2,1,NA,19591
1982,1158,65,12,2,1,NA,19591
1982,1171,89,3,2,1,NA,NA
1982,1172,53,7,1,NA,NA,43152.8415
1982,1174,32,13,2,1,NA,NA
1982,1181,25,12,1,2,NA,13563
1982,1182,24,13,1,1,NA,36167
1982,1184,27,16,1,2,NA,19591
1982,1197,56,14,1,1,NA,25619
1982,1200,40,17,2,1,NA,36167
1982,1201,89,8,1,1,NA,43152.8415
1982,1206,27,12,1,1,NA,36167
1982,1218,58,16,2,1,NA,51237
1982,1237,46,12,2,2,NA,43152.8415
1982,1239,71,14,1,1,NA,7836
1982,1249,26,12,2,1,NA,4220
1982,1250,68,13,2,1,NA,NA
1982,1259,NA,12,2,NA,NA,NA
1982,1267,31,16,2,1,NA,51237
1982,1275,59,12,2,2,NA,NA
1982,1278,62,12,1,1,NA,NA
1982,1282,81,8,1,1,NA,7836
1982,1284,25,12,2,2,NA,13563
1982,1285,26,12,1,1,NA,25619
1982,1288,78,12,1,1,NA,6631
1982,1289,23,12,1,1,NA,36167
1982,1290,89,6,2,2,NA,NA
1982,1297,63,10,2,2,NA,13563
1982,1308,63,14,1,2,NA,16577
1982,1310,25,12,2,2,NA,13563
1982,1332,24,12,2,1,NA,9042
1982,1333,74,3,2,2,NA,2411
1982,1334,65,10,2,1,NA,6631
1982,1335,33,12,2,1,NA,13563
1982,1338,49,2,1,1,NA,9042
1982,1342,26,12,2,2,NA,16577
1982,1348,46,14,2,2,NA,90722
1982,1350,19,12,2,1,NA,6631
1982,1356,29,7,2,1,NA,4220
1982,1364,30,18,1,2,NA,51237
1982,1366,57,12,2,1,NA,51237
1982,1368,20,12,1,1,NA,90722
1982,1369,59,7,1,2,NA,13563
1982,1373,25,16,1,NA,NA,51237
1982,1377,46,12,2,1,NA,90722
1982,1383,32,12,2,1,NA,43152.8415
1982,1387,50,11,2,1,NA,10850
1982,1388,23,12,2,2,NA,90722
1982,1389,28,19,2,1,NA,36167
1982,1394,82,8,2,1,NA,2411
1982,1402,84,4,1,1,NA,9042
1982,1407,66,1,1,1,NA,5425
1982,1410,71,14,1,1,NA,13563
1982,1411,51,6,1,2,NA,16577
1982,1416,52,11,2,1,NA,51237
1982,1418,37,13,1,1,NA,90722
1982,1420,33,12,2,2,NA,NA
1982,1423,44,13,1,2,NA,25619
1982,1428,61,13,1,1,NA,2411
1982,1432,87,8,1,1,NA,13563
1982,1441,35,12,2,2,NA,36167
1982,1452,62,9,1,2,NA,9042
1982,1458,20,12,2,2,NA,22605
1982,1462,45,11,2,1,NA,6631
1982,1463,59,11,2,1,NA,NA
1982,1471,23,15,1,1,NA,13563
1982,1477,79,8,2,2,NA,NA
1982,1488,77,14,2,1,NA,7836
1982,1491,58,10,2,1,NA,13563
1982,1493,28,12,1,2,NA,NA
1982,1504,31,13,2,1,NA,43152.8415
1982,2006,27,11,1,2,NA,10850
1982,2012,22,11,1,2,NA,5425
1982,2015,45,9,1,1,NA,36167
1982,2020,31,16,2,1,NA,NA
1982,2021,40,8,1,1,NA,16577
1982,2022,63,6,1,1,NA,NA
1982,2032,19,9,2,1,NA,2411
1982,2047,23,12,1,2,NA,10850
1982,2055,65,14,1,1,NA,36167
1982,2056,47,10,1,1,NA,36167
1982,2065,56,14,1,1,NA,51237
1982,2099,57,12,1,1,NA,22605
1982,3001,41,10,2,1,NA,19591
1982,3002,77,7,2,NA,NA,4220
1982,3006,74,8,1,2,NA,4220
1982,3029,41,11,2,1,NA,9042
1982,3034,39,14,2,2,NA,16577
1982,3035,22,12,2,1,NA,16577
1982,3036,23,14,2,1,NA,25619
1982,3037,54,9,2,1,NA,2411
1982,3041,46,9,1,1,NA,NA
1982,3043,39,10,2,1,NA,NA
1982,3049,54,11,2,NA,NA,10850
1982,3055,37,10,2,2,NA,603
1982,3061,21,13,1,1,NA,13563
1982,3066,NA,NA,1,NA,NA,NA
1982,3073,38,12,2,1,NA,22605
1982,3079,63,16,1,1,NA,90722
1982,3084,37,8,2,1,NA,NA
1982,3087,26,12,2,1,NA,7836
1982,3101,40,12,2,1,NA,16577
1982,3106,53,15,2,1,NA,19591
1982,3108,26,13,2,2,NA,5425
1982,3110,23,12,2,1,NA,2411
1982,3111,53,10,2,2,NA,6631
1982,3122,83,5,2,1,NA,2411
1982,3128,29,10,2,2,NA,4220
1982,3141,50,12,2,2,NA,10850
1982,3143,69,7,2,2,NA,NA
1982,3144,48,17,2,1,NA,NA
1982,3151,43,8,1,NA,NA,22605
1982,3153,23,12,1,1,NA,51237
1982,3169,54,8,1,1,NA,7836
1982,3171,35,16,1,1,NA,22605
1982,3173,62,11,2,1,NA,51237
1982,3182,37,11,2,1,NA,36167
1982,3188,58,14,2,1,NA,19591
1982,3193,23,12,1,1,NA,7836
1982,3194,23,14,1,2,NA,25619
1982,3203,35,20,2,1,NA,36167
1982,3205,38,12,2,1,NA,16577
1982,3209,49,14,2,2,NA,19591
1982,3218,27,12,1,1,NA,16577
1982,3229,48,4,1,1,NA,16577
1982,3234,54,7,2,1,NA,603
1983,6,56,7,1,NA,2,34078
1983,8,38,12,2,NA,2,6248
1983,24,63,12,2,NA,2,18459
1983,29,20,12,1,NA,1,NA
1983,33,48,12,2,NA,2,34078
1983,38,58,2,2,NA,2,NA
1983,43,75,8,2,NA,2,5112
1983,44,70,10,2,NA,2,24139
1983,58,57,12,2,NA,1,10223
1983,68,54,12,1,NA,2,48277
1983,72,64,14,1,NA,2,48277
1983,74,25,10,2,NA,2,8520
1983,77,39,9,1,NA,2,18459
1983,79,38,14,2,NA,2,12779
1983,87,26,16,2,NA,2,NA
1983,89,33,13,2,NA,2,34078
1983,99,77,7,1,NA,1,15619
1983,101,28,15,2,NA,NA,18459
1983,114,44,14,1,NA,1,48277
1983,121,31,12,1,NA,2,15619
1983,133,38,12,2,NA,NA,34078
1983,142,68,8,1,NA,1,10223
1983,152,76,9,2,NA,2,10223
1983,165,64,11,2,NA,2,8520
1983,177,23,16,2,NA,2,21299
1983,187,61,13,2,NA,2,34078
1983,188,65,12,1,NA,2,21299
1983,190,31,16,1,NA,1,110895
1983,200,26,13,2,NA,2,12779
1983,206,59,12,1,NA,2,NA
1983,210,30,12,1,NA,2,21299
1983,211,25,12,2,NA,1,24139
1983,218,49,12,2,NA,2,110895
1983,240,64,14,1,NA,2,48277
1983,241,19,11,1,NA,2,21299
1983,242,58,12,2,NA,2,34078
1983,243,30,11,1,NA,1,12779
1983,254,29,12,2,NA,1,24139
1983,256,62,12,2,NA,1,24139
1983,261,55,15,2,NA,2,10223
1983,263,28,16,1,NA,2,21299
1983,268,31,17,2,NA,2,24139
1983,274,54,18,1,NA,1,110895
1983,286,21,12,1,NA,1,10223
1983,296,67,15,1,NA,2,34078
1983,300,34,16,2,NA,2,12779
1983,316,65,10,1,NA,2,48277
1983,317,38,14,1,NA,2,40682.8935
1983,319,58,10,2,NA,2,5112
1983,323,44,15,1,NA,1,34078
1983,327,63,14,2,NA,NA,NA
1983,333,27,12,2,NA,1,3976
1983,334,58,15,2,NA,2,3976
1983,337,43,12,2,NA,2,34078
1983,340,32,10,1,NA,1,21299
1983,348,71,12,2,NA,2,34078
1983,357,71,12,1,NA,2,12779
1983,362,26,12,2,NA,1,18459
1983,369,31,16,2,NA,1,21299
1983,371,53,11,2,NA,2,NA
1983,377,37,10,1,NA,2,18459
1983,378,28,10,1,NA,2,34078
1983,381,45,12,1,NA,2,NA
1983,384,45,12,2,NA,2,40682.8935
1983,391,44,12,2,NA,1,34078
1983,394,21,14,2,NA,2,40682.8935
1983,398,33,12,2,NA,2,48277
1983,404,26,12,2,NA,2,18459
1983,409,57,8,1,NA,2,48277
1983,410,34,13,1,NA,2,34078
1983,416,37,14,1,NA,2,40682.8935
1983,419,24,10,2,NA,2,10223
1983,423,69,12,2,NA,2,15619
1983,426,47,16,1,NA,2,110895
1983,430,53,13,2,NA,2,NA
1983,436,23,11,1,NA,2,12779
1983,442,57,16,1,NA,2,48277
1983,445,23,12,2,NA,2,2272
1983,446,28,13,1,NA,1,5112
1983,449,26,12,1,NA,1,3976
1983,452,31,16,2,NA,2,15619
1983,456,38,8,1,NA,2,34078
1983,469,42,11,1,NA,2,34078
1983,495,36,16,2,NA,1,48277
1983,496,46,14,2,NA,2,110895
1983,500,56,14,1,NA,NA,110895
1983,503,63,12,2,NA,2,34078
1983,508,87,12,2,NA,NA,12779
1983,510,38,17,1,NA,2,21299
1983,515,24,16,1,NA,1,18459
1983,524,20,13,1,NA,1,110895
1983,531,60,11,2,NA,2,NA
1983,532,61,12,2,NA,1,15619
1983,545,29,17,1,NA,1,48277
1983,550,56,13,2,NA,2,110895
1983,552,33,12,1,NA,2,40682.8935
1983,555,51,12,2,NA,2,12779
1983,561,26,14,2,NA,2,34078
1983,573,29,16,2,NA,NA,21299
1983,576,32,12,1,NA,2,568
1983,586,79,16,2,NA,2,6248
1983,587,82,8,1,NA,2,8520
1983,595,66,12,2,NA,2,34078
1983,606,67,12,2,NA,2,15619
1983,607,25,12,1,NA,NA,10223
1983,610,62,12,2,NA,2,8520
1983,611,68,7,1,NA,2,21299
1983,613,35,14,1,NA,2,12779
1983,616,68,12,2,NA,2,10223
1983,617,42,12,2,NA,2,5112
1983,622,30,12,2,NA,2,5112
1983,625,73,7,2,NA,1,7384
1983,628,62,12,2,NA,2,NA
1983,631,62,13,2,NA,2,18459
1983,643,47,11,2,NA,2,10223
1983,654,22,12,2,NA,2,34078
1983,659,27,12,2,NA,1,40682.8935
1983,660,54,12,1,NA,2,34078
1983,669,34,3,2,NA,2,3976
1983,670,20,12,2,NA,2,NA
1983,675,30,9,2,NA,2,NA
1983,679,31,11,2,NA,2,10223
1983,681,77,10,1,NA,NA,12779
1983,682,26,17,2,NA,2,110895
1983,697,37,14,2,NA,2,34078
1983,698,71,20,1,NA,1,NA
1983,699,43,18,1,NA,2,34078
1983,712,66,14,1,NA,2,10223
1983,715,30,12,1,NA,1,48277
1983,716,22,13,1,NA,2,40682.8935
1983,720,53,12,2,NA,2,48277
1983,722,26,16,1,NA,2,40682.8935
1983,725,83,10,1,NA,2,12779
1983,728,27,12,2,NA,1,24139
1983,731,41,12,2,NA,1,48277
1983,740,29,12,2,NA,2,18459
1983,744,79,8,1,NA,2,21299
1983,751,60,12,1,NA,2,40682.8935
1983,755,19,8,1,NA,2,40682.8935
1983,763,33,12,2,NA,2,12779
1983,764,61,8,1,NA,2,12779
1983,780,69,9,2,NA,2,NA
1983,787,75,15,1,NA,2,NA
1983,797,65,NA,1,NA,NA,NA
1983,801,71,14,2,NA,2,34078
1983,802,54,14,2,NA,2,110895
1983,803,27,13,1,NA,2,34078
1983,805,40,14,1,NA,2,18459
1983,811,28,16,2,NA,2,34078
1983,814,31,12,2,NA,2,21299
1983,821,52,14,1,NA,2,34078
1983,823,50,11,2,NA,2,10223
1983,826,39,6,2,NA,2,12779
1983,836,19,12,2,NA,2,NA
1983,837,21,14,2,NA,2,12779
1983,838,23,14,2,NA,2,15619
1983,841,49,14,2,NA,2,24139
1983,848,46,12,2,NA,2,110895
1983,850,24,11,2,NA,1,568
1983,855,28,16,1,NA,1,34078
1983,868,43,16,2,NA,2,110895
1983,875,65,16,2,NA,2,48277
1983,876,57,16,2,NA,2,34078
1983,878,47,14,1,NA,NA,10223
1983,886,61,12,2,NA,2,24139
1983,888,28,15,2,NA,2,34078
1983,889,61,14,2,NA,2,18459
1983,895,43,12,2,NA,1,5112
1983,906,25,12,1,NA,1,24139
1983,914,54,14,2,NA,1,34078
1983,916,64,13,1,NA,2,34078
1983,922,41,19,1,NA,2,34078
1983,923,58,12,2,NA,1,110895
1983,931,34,12,2,NA,2,110895
1983,934,22,12,2,NA,1,10223
1983,937,24,16,1,NA,2,48277
1983,945,60,16,2,NA,2,110895
1983,950,42,8,2,NA,2,NA
1983,961,47,12,2,NA,2,24139
1983,970,66,12,1,NA,2,12779
1983,971,49,14,1,NA,2,34078
1983,981,19,11,1,NA,1,NA
1983,990,40,16,2,NA,1,34078
1983,996,28,11,2,NA,2,5112
1983,997,46,12,2,NA,1,6248
1983,1007,22,13,2,NA,2,110895
1983,1008,54,20,1,NA,2,48277
1983,1022,60,12,1,NA,2,110895
1983,1027,53,17,1,NA,2,48277
1983,1031,35,14,1,NA,2,110895
1983,1034,31,12,2,NA,2,40682.8935
1983,1045,56,8,1,NA,2,24139
1983,1047,37,16,1,NA,2,48277
1983,1053,50,15,1,NA,2,48277
1983,1055,61,10,1,NA,2,15619
1983,1060,33,14,2,NA,2,34078
1983,1069,44,12,2,NA,2,40682.8935
1983,1070,33,12,2,NA,2,34078
1983,1075,18,11,1,NA,2,48277
1983,1076,67,10,2,NA,2,21299
1983,1078,27,12,2,NA,2,21299
1983,1080,22,12,1,NA,2,6248
1983,1093,56,9,1,NA,2,12779
1983,1099,57,16,1,NA,2,48277
1983,1101,57,12,2,NA,2,34078
1983,1103,26,9,2,NA,2,3976
1983,1105,32,16,2,NA,1,15619
1983,1113,33,12,2,NA,1,34078
1983,1125,42,14,1,NA,2,NA
1983,1133,32,16,1,NA,2,48277
1983,1139,55,9,2,NA,2,5112
1983,1140,39,10,1,NA,2,18459
1983,1145,64,11,2,NA,2,7384
1983,1147,52,12,2,NA,2,10223
1983,1159,72,16,2,NA,2,10223
1983,1160,35,16,2,NA,2,110895
1983,1165,31,13,2,NA,2,34078
1983,1168,33,11,2,NA,1,21299
1983,1173,32,10,2,NA,2,110895
1983,1178,58,12,2,NA,2,21299
1983,1190,32,16,1,NA,2,34078
1983,1191,25,10,2,NA,2,7384
1983,1194,25,12,1,NA,2,15619
1983,1195,59,2,2,NA,2,12779
1983,1196,39,16,1,NA,2,34078
1983,1200,25,16,1,NA,1,3976
1983,1201,20,12,2,NA,2,7384
1983,1204,63,10,1,NA,2,24139
1983,1206,70,11,2,NA,2,15619
1983,1213,57,17,1,NA,2,110895
1983,1215,50,19,1,NA,2,110895
1983,1220,22,14,2,NA,2,2272
1983,1237,19,10,1,NA,1,34078
1983,1240,NA,13,2,NA,2,12779
1983,1241,44,12,2,NA,2,15619
1983,1242,45,11,2,NA,2,12779
1983,1244,74,14,2,NA,2,34078
1983,1249,51,18,1,NA,1,48277
1983,1255,43,12,2,NA,1,34078
1983,1256,34,12,2,NA,2,48277
1983,1261,38,14,1,NA,1,110895
1983,1267,51,19,1,NA,2,NA
1983,1279,80,5,1,NA,NA,21299
1983,1284,55,12,1,NA,2,NA
1983,1285,75,8,2,NA,2,2272
1983,1294,65,16,2,NA,2,24139
1983,1295,33,12,1,NA,1,NA
1983,1304,25,15,2,NA,2,15619
1983,1305,31,17,1,NA,2,34078
1983,1309,46,17,2,NA,2,34078
1983,1310,25,16,1,NA,2,6248
1983,1314,21,14,2,NA,2,12779
1983,1324,73,14,2,NA,2,15619
1983,1327,52,12,2,NA,2,NA
1983,1337,63,8,1,NA,2,15619
1983,1338,32,15,1,NA,2,34078
1983,1346,58,12,2,NA,2,NA
1983,1348,60,12,1,NA,2,18459
1983,1350,41,12,2,NA,2,7384
1983,1351,72,14,2,NA,2,8520
1983,1359,33,12,1,NA,2,21299
1983,1360,27,12,2,NA,2,48277
1983,1363,33,11,2,NA,2,34078
1983,1365,42,12,2,NA,2,34078
1983,1372,46,16,1,NA,1,34078
1983,1373,22,12,1,NA,2,40682.8935
1983,1376,36,12,1,NA,2,21299
1983,1377,82,8,2,NA,2,6248
1983,1379,19,11,2,NA,2,2272
1983,1386,52,12,2,NA,2,NA
1983,1391,54,10,1,NA,2,34078
1983,1395,31,15,1,NA,2,40682.8935
1983,1403,42,14,2,NA,2,110895
1983,1406,48,15,1,NA,1,40682.8935
1983,1407,74,8,1,NA,2,NA
1983,1409,78,13,2,NA,2,NA
1983,1410,60,14,2,NA,2,NA
1983,1412,62,8,2,NA,NA,NA
1983,1430,25,12,2,NA,2,15619
1983,1438,37,12,2,NA,2,10223
1983,1441,68,8,1,NA,2,6248
1983,1442,38,8,2,NA,2,110895
1983,1445,44,12,2,NA,2,7384
1983,1448,55,12,2,NA,1,48277
1983,1452,29,14,2,NA,1,34078
1983,1456,80,7,2,NA,2,5112
1983,1458,40,10,2,NA,2,3976
1983,1460,23,11,2,NA,1,2272
1983,1464,65,12,2,NA,2,5112
1983,1470,67,9,1,NA,2,15619
1983,1476,41,12,1,NA,2,34078
1983,1486,45,11,2,NA,2,12779
1983,1490,57,8,1,NA,2,NA
1983,1494,72,12,2,NA,2,NA
1983,1496,30,20,2,NA,2,12779
1983,1497,39,18,2,NA,2,10223
1983,1504,51,11,2,NA,1,10223
1983,1505,32,17,2,NA,2,40682.8935
1983,1512,53,10,1,NA,2,110895
1983,1513,82,8,2,NA,2,3976
1983,1514,49,12,1,NA,2,110895
1983,1517,46,14,1,NA,2,48277
1983,1523,33,13,1,NA,2,NA
1983,1524,72,12,1,NA,2,21299
1983,1525,57,9,2,NA,2,8520
1983,1531,50,17,2,NA,2,NA
1983,1533,26,12,2,NA,2,12779
1983,1535,35,12,1,NA,2,34078
1983,1543,34,12,2,NA,2,48277
1983,1546,42,15,1,NA,2,48277
1983,1550,28,12,2,NA,2,48277
1983,1552,44,12,2,NA,2,48277
1983,1555,41,16,2,NA,2,110895
1983,1559,27,17,2,NA,2,40682.8935
1983,1561,52,12,2,NA,2,24139
1983,1565,44,12,1,NA,2,110895
1983,1567,46,15,1,NA,1,34078
1983,1578,65,8,2,NA,2,NA
1983,1581,20,12,1,NA,2,18459
1983,1584,53,14,1,NA,2,15619
1984,5,47,16,1,1,1,92858
1984,12,43,12,2,1,2,33016
1984,18,84,8,1,1,2,NA
1984,20,19,11,1,1,2,17884
1984,24,72,10,2,1,2,33016
1984,25,40,16,1,2,2,39020.4285
1984,31,86,16,2,1,2,NA
1984,34,35,12,1,1,1,12381
1984,38,23,12,1,1,2,92858
1984,41,37,15,2,1,2,46773
1984,42,34,12,1,1,2,39020.4285
1984,43,32,12,2,1,2,46773
1984,46,37,14,1,1,1,NA
1984,53,38,20,1,1,2,33016
1984,55,78,10,1,1,2,15132
1984,58,20,9,2,1,2,NA
1984,74,26,17,2,2,2,33016
1984,75,47,15,2,1,2,92858
1984,76,68,12,1,1,2,23386
1984,81,31,15,2,2,2,46773
1984,85,31,14,1,1,1,33016
1984,86,28,15,2,1,1,46773
1984,87,72,12,2,1,2,39020.4285
1984,96,47,12,2,1,2,15132
1984,97,68,17,1,1,2,33016
1984,99,37,16,2,1,2,92858
1984,102,33,15,1,1,2,39020.4285
1984,103,76,8,1,1,2,23386
1984,112,57,9,1,1,2,33016
1984,115,55,8,1,1,2,6053
1984,124,44,8,2,1,2,12381
1984,134,38,12,1,1,2,33016
1984,146,30,12,2,1,2,550
1984,147,NA,9,2,1,1,NA
1984,149,38,16,1,1,2,33016
1984,156,43,14,1,2,2,92858
1984,161,37,16,2,1,1,92858
1984,163,67,10,2,1,2,17884
1984,180,30,12,2,1,2,7153
1984,186,52,12,1,1,2,46773
1984,188,82,20,1,1,2,33016
1984,189,70,16,1,1,1,92858
1984,193,37,16,1,1,2,33016
1984,194,70,6,1,1,1,6053
1984,196,49,12,1,1,1,6053
1984,203,20,12,1,2,1,2201
1984,206,31,12,2,1,1,23386
1984,214,26,12,2,2,1,92858
1984,215,41,15,1,1,2,20635
1984,219,37,13,2,1,2,15132
1984,228,29,15,2,1,1,15132
1984,229,52,12,2,2,2,33016
1984,237,32,12,1,2,1,33016
1984,240,22,12,1,1,1,12381
1984,248,22,9,1,2,1,23386
1984,249,51,13,2,1,2,39020.4285
1984,250,88,8,2,1,2,4952
1984,255,26,16,2,1,2,9905
1984,259,56,10,1,1,2,33016
1984,267,55,14,1,1,2,92858
1984,269,38,16,2,1,2,NA
1984,273,37,12,2,1,2,550
1984,279,31,17,2,1,2,46773
1984,280,77,6,2,2,2,8254
1984,286,20,18,1,1,1,20635
1984,287,28,16,2,1,2,33016
1984,290,27,12,2,1,1,4952
1984,293,23,10,2,1,1,4952
1984,304,NA,NA,1,2,2,NA
1984,306,19,11,1,2,2,NA
1984,311,26,12,2,NA,NA,23386
1984,312,71,7,1,1,2,17884
1984,314,49,20,1,1,1,92858
1984,315,58,13,2,1,1,46773
1984,316,41,20,2,1,1,46773
1984,319,25,12,1,1,2,20635
1984,321,65,8,1,1,2,6053
1984,327,61,5,2,1,2,NA
1984,330,63,5,2,1,2,3852
1984,347,35,18,1,1,NA,46773
1984,348,31,16,2,1,2,33016
1984,356,33,12,1,1,1,33016
1984,362,56,12,2,1,2,23386
1984,377,40,8,1,1,2,550
1984,385,42,14,2,1,NA,33016
1984,394,29,12,2,2,2,23386
1984,395,28,16,1,1,2,12381
1984,414,26,15,2,1,2,33016
1984,415,28,12,2,1,2,NA
1984,418,47,11,2,1,1,15132
1984,420,24,12,1,NA,2,33016
1984,423,56,16,2,1,2,92858
1984,425,81,8,2,1,2,17884
1984,429,56,15,1,2,1,46773
1984,435,22,12,1,1,1,12381
1984,455,77,14,2,1,2,20635
1984,457,76,12,2,1,2,6053
1984,459,30,12,2,1,2,6053
1984,461,46,12,2,1,2,15132
1984,463,65,15,2,1,1,46773
1984,467,48,10,2,1,2,33016
1984,468,74,8,1,2,2,15132
1984,469,28,12,2,1,2,39020.4285
1984,483,37,12,2,1,2,46773
1984,484,46,12,1,2,2,92858
1984,486,61,6,1,1,2,46773
1984,487,25,15,1,1,2,46773
1984,493,28,16,1,1,2,46773
1984,499,24,12,2,2,2,33016
1984,505,62,12,1,1,2,15132
1984,507,28,11,2,1,2,20635
1984,509,39,12,2,1,2,15132
1984,520,52,16,2,2,2,92858
1984,521,32,16,1,2,1,33016
1984,522,48,14,1,2,2,46773
1984,528,19,11,1,1,2,33016
1984,530,35,16,1,1,1,39020.4285
1984,541,68,12,2,1,2,12381
1984,543,65,8,1,1,2,23386
1984,547,64,7,1,2,1,12381
1984,551,35,12,2,NA,2,7153
1984,561,75,13,2,2,2,23386
1984,571,23,12,1,1,1,15132
1984,574,20,11,1,2,NA,8254
1984,578,24,7,2,1,1,7153
1984,582,26,10,2,1,2,3852
1984,592,82,10,2,1,2,4952
1984,597,72,10,1,1,2,15132
1984,601,78,12,2,1,2,NA
1984,606,30,16,1,2,1,12381
1984,607,33,20,2,1,2,23386
1984,621,55,0,1,1,1,6053
1984,625,21,13,2,NA,2,NA
1984,628,42,9,1,2,2,39020.4285
1984,629,39,12,1,1,2,46773
1984,635,29,19,2,1,1,15132
1984,643,29,20,1,1,1,46773
1984,646,30,16,2,1,1,9905
1984,647,89,20,2,1,2,NA
1984,656,40,13,2,1,2,46773
1984,658,89,14,2,1,2,46773
1984,660,48,12,2,2,2,33016
1984,661,45,12,1,1,1,92858
1984,664,27,16,2,1,2,23386
1984,669,29,15,1,1,1,92858
1984,671,57,12,2,1,2,17884
1984,677,45,6,1,1,2,46773
1984,679,34,20,1,1,2,92858
1984,682,76,16,2,1,2,9905
1984,683,35,16,2,2,2,33016
1984,685,34,15,1,1,1,NA
1984,686,28,19,2,1,2,23386
1984,705,62,10,1,1,2,46773
1984,707,26,13,2,1,NA,15132
1984,711,21,14,1,1,2,39020.4285
1984,724,20,10,2,1,2,3852
1984,730,30,16,1,2,1,46773
1984,731,64,12,2,NA,2,NA
1984,741,79,8,1,1,2,NA
1984,742,33,12,2,1,2,23386
1984,743,27,13,1,2,2,2201
1984,748,22,11,1,1,1,NA
1984,764,77,9,2,2,2,NA
1984,767,69,8,1,1,2,12381
1984,772,27,12,2,1,2,17884
1984,773,20,12,2,1,2,12381
1984,778,43,19,1,1,1,92858
1984,779,23,16,1,1,2,92858
1984,783,43,12,2,1,2,33016
1984,785,39,10,1,2,2,33016
1984,786,28,12,2,2,2,3852
1984,788,38,6,2,1,2,2201
1984,791,63,7,2,1,2,9905
1984,792,21,12,2,2,NA,NA
1984,801,53,9,2,1,2,39020.4285
1984,804,41,12,2,1,2,8254
1984,812,23,5,1,1,2,NA
1984,817,40,6,1,1,2,39020.4285
1984,826,31,14,2,2,2,17884
1984,832,25,13,1,1,1,12381
1984,838,62,13,2,2,2,33016
1984,842,44,16,1,1,2,92858
1984,843,21,12,1,1,1,46773
1984,846,22,10,1,2,1,17884
1984,848,74,3,2,1,2,NA
1984,855,72,12,2,1,2,550
1984,874,21,14,2,1,2,550
1984,876,24,15,1,2,2,8254
1984,881,45,16,1,2,2,92858
1984,882,44,11,1,1,2,33016
1984,889,61,11,2,2,2,33016
1984,892,67,10,2,1,2,NA
1984,913,60,12,1,1,2,23386
1984,929,32,17,2,1,1,33016
1984,934,44,19,2,1,NA,12381
1984,936,32,14,2,1,NA,46773
1984,948,45,18,2,1,2,46773
1984,949,60,12,2,2,NA,20635
1984,951,82,13,2,1,2,46773
1984,958,54,14,2,1,1,33016
1984,963,57,12,2,1,2,33016
1984,968,66,8,1,1,2,17884
1984,973,35,13,1,2,2,46773
1984,979,37,14,2,1,2,92858
1984,982,32,12,2,1,2,39020.4285
1984,990,58,10,1,2,2,15132
1984,991,62,12,2,1,1,46773
1984,993,40,12,2,2,1,39020.4285
1984,994,67,18,2,2,2,92858
1984,997,54,10,1,1,2,15132
1984,999,57,12,2,1,2,33016
1984,1001,59,12,1,1,2,15132
1984,1011,29,15,1,2,1,23386
1984,1012,27,12,1,2,1,33016
1984,1013,32,13,2,2,2,39020.4285
1984,1018,42,16,1,1,1,46773
1984,1019,54,15,2,1,2,92858
1984,1022,61,11,2,2,2,20635
1984,1023,58,12,2,2,1,23386
1984,1025,45,11,2,2,2,17884
1984,1051,61,15,2,2,2,39020.4285
1984,1060,49,18,1,2,2,46773
1984,1061,22,15,2,1,2,12381
1984,1064,36,17,1,1,2,39020.4285
1984,1065,25,16,2,1,2,20635
1984,1069,42,16,1,2,1,33016
1984,1072,81,10,2,1,2,6053
1984,1075,55,14,1,1,1,92858
1984,1077,22,12,2,1,2,12381
1984,1081,36,13,2,1,2,92858
1984,1088,57,11,2,1,2,23386
1984,1094,48,13,2,1,2,12381
1984,1100,24,11,1,1,2,12381
1984,1110,56,9,1,1,2,33016
1984,1116,27,11,1,1,1,15132
1984,1117,70,12,2,1,2,NA
1984,1120,55,12,1,1,2,20635
1984,1126,29,12,1,2,NA,92858
1984,1130,72,12,2,1,2,9905
1984,1135,61,12,1,1,2,NA
1984,1136,67,12,1,1,2,92858
1984,1146,40,20,2,1,NA,NA
1984,1150,32,13,2,1,1,39020.4285
1984,1154,57,10,1,1,2,92858
1984,1163,60,12,1,2,2,12381
1984,1184,42,16,2,2,2,39020.4285
1984,1192,28,12,2,1,2,20635
1984,1194,27,12,1,1,1,33016
1984,1207,35,15,1,1,2,NA
1984,1209,58,11,1,1,2,23386
1984,1214,74,10,2,1,2,8254
1984,1217,53,11,1,2,2,33016
1984,1229,24,12,1,1,2,15132
1984,1242,38,10,1,2,2,33016
1984,1247,55,12,2,1,2,12381
1984,1251,32,12,2,1,2,33016
1984,1254,24,12,1,1,2,15132
1984,1255,23,10,2,1,1,7153
1984,1268,20,12,2,1,1,NA
1984,1271,42,12,1,2,2,12381
1984,1277,35,15,1,1,2,7153
1984,1297,69,16,1,1,2,12381
1984,1300,81,12,2,2,2,NA
1984,1308,61,12,2,1,1,17884
1984,1311,67,14,2,2,1,39020.4285
1984,1322,71,12,2,1,2,20635
1984,1323,58,13,1,2,2,23386
1984,1324,45,12,2,2,2,39020.4285
1984,1329,61,8,2,2,2,8254
1984,1351,67,17,2,1,2,39020.4285
1984,1366,67,8,2,2,2,3852
1984,1368,33,15,2,1,1,23386
1984,1371,42,9,1,1,1,12381
1984,1374,65,14,2,1,2,12381
1984,1377,37,13,2,1,1,20635
1984,1380,72,10,2,NA,2,46773
1984,1381,25,12,2,1,2,7153
1984,1385,65,7,1,2,1,6053
1984,1395,38,11,2,1,2,550
1984,1402,81,12,2,1,2,9905
1984,1404,54,12,1,2,1,33016
1984,1408,31,12,2,1,2,17884
1984,1414,40,7,1,1,2,6053
1984,1418,20,12,1,1,2,33016
1984,1424,24,11,1,1,1,17884
1984,1427,41,14,1,1,2,46773
1984,1432,34,17,1,2,1,33016
1984,1437,46,19,1,2,NA,92858
1984,1438,24,17,1,1,2,9905
1984,1444,52,20,1,1,2,92858
1984,1448,27,11,1,1,2,17884
1984,1449,62,11,2,2,2,92858
1984,1452,19,11,1,1,2,3852
1984,1453,39,10,2,1,NA,3852
1984,1467,81,12,1,1,2,15132
1985,13,79,4,2,1,NA,NA
1985,24,27,14,2,1,NA,22432
1985,27,38,16,2,1,NA,9500
1985,29,18,11,1,1,NA,37500.4605
1985,51,49,12,1,1,NA,99257
1985,57,24,14,1,1,NA,31668
1985,58,29,15,1,1,NA,31668
1985,61,41,13,1,1,NA,17154
1985,79,38,12,2,1,NA,99257
1985,82,40,14,2,1,NA,99257
1985,89,56,18,2,1,NA,99257
1985,90,75,10,1,1,NA,14515
1985,91,79,12,1,1,NA,14515
1985,101,52,13,2,1,NA,99257
1985,111,41,11,2,1,NA,44863
1985,112,50,16,1,1,NA,99257
1985,113,29,16,1,1,NA,17154
1985,119,27,11,1,1,NA,19793
1985,120,69,12,1,2,NA,19793
1985,126,55,16,1,1,NA,44863
1985,132,40,15,2,1,NA,44863
1985,135,50,17,1,2,NA,99257
1985,136,28,14,1,1,NA,31668
1985,148,35,12,2,1,NA,44863
1985,153,60,10,2,1,NA,22432
1985,157,78,8,2,1,NA,NA
1985,167,83,2,1,NA,NA,6861
1985,171,66,12,1,1,NA,31668
1985,178,20,11,2,1,NA,14515
1985,188,56,9,2,1,NA,NA
1985,190,53,12,1,1,NA,99257
1985,192,46,20,1,1,NA,31668
1985,214,37,11,2,1,NA,31668
1985,219,45,16,2,1,NA,44863
1985,223,35,14,2,2,NA,99257
1985,224,37,16,1,1,NA,99257
1985,231,42,3,2,1,NA,14515
1985,238,26,16,2,2,NA,31668
1985,239,40,20,1,2,NA,44863
1985,244,40,16,2,1,NA,99257
1985,250,21,6,2,2,NA,3695
1985,252,23,12,2,1,NA,37500.4605
1985,256,28,14,1,1,NA,22432
1985,261,44,16,1,2,NA,99257
1985,263,30,12,1,1,NA,44863
1985,264,52,12,2,2,NA,44863
1985,267,37,20,1,2,NA,99257
1985,270,44,12,2,2,NA,99257
1985,277,32,14,1,1,NA,14515
1985,293,81,7,2,1,NA,7917
1985,294,65,20,2,1,NA,19793
1985,298,48,14,2,1,NA,99257
1985,302,36,13,2,1,NA,3695
1985,304,70,8,2,1,NA,9500
1985,307,73,12,1,1,NA,17154
1985,311,89,8,1,1,NA,22432
1985,334,55,12,2,1,NA,44863
1985,339,32,11,2,1,NA,31668
1985,342,36,11,2,1,NA,99257
1985,356,31,12,2,2,NA,99257
1985,359,25,12,1,2,NA,9500
1985,360,61,12,2,NA,NA,NA
1985,362,71,7,2,1,NA,37500.4605
1985,364,63,20,1,1,NA,99257
1985,377,53,8,1,2,NA,NA
1985,382,69,12,2,1,NA,44863
1985,384,27,8,2,1,NA,5806
1985,388,74,10,2,1,NA,5806
1985,391,70,9,1,1,NA,31668
1985,400,36,18,1,1,NA,19793
1985,402,60,15,2,1,NA,14515
1985,404,85,8,1,1,NA,7917
1985,415,38,20,1,2,NA,99257
1985,422,46,12,2,1,NA,31668
1985,427,66,12,1,1,NA,17154
1985,432,62,11,2,1,NA,NA
1985,434,20,12,2,1,NA,99257
1985,439,36,18,1,1,NA,99257
1985,440,63,12,1,1,NA,99257
1985,442,39,12,2,1,NA,11876
1985,450,19,11,1,1,NA,44863
1985,454,44,13,2,1,NA,31668
1985,457,75,12,1,1,NA,NA
1985,464,48,12,1,2,NA,37500.4605
1985,465,32,12,1,1,NA,19793
1985,469,51,12,1,1,NA,22432
1985,474,43,16,1,2,NA,11876
1985,478,29,13,2,1,NA,14515
1985,480,31,13,2,2,NA,19793
1985,482,32,12,2,1,NA,6861
1985,487,42,17,2,1,NA,99257
1985,497,43,15,2,2,NA,2111
1985,504,50,15,1,1,NA,44863
1985,505,62,12,2,1,NA,31668
1985,508,42,12,1,1,NA,31668
1985,517,25,12,1,1,NA,22432
1985,519,37,12,2,1,NA,22432
1985,525,61,16,1,1,NA,99257
1985,527,56,10,1,2,NA,3695
1985,532,59,16,2,1,NA,44863
1985,534,62,13,1,1,NA,NA
1985,540,35,16,1,2,NA,11876
1985,553,41,12,1,2,NA,44863
1985,554,20,13,2,1,NA,17154
1985,555,44,15,2,1,NA,31668
1985,559,31,16,1,1,NA,17154
1985,568,39,13,2,1,NA,44863
1985,571,38,20,1,1,NA,99257
1985,572,34,12,2,1,NA,11876
1985,575,27,9,2,2,NA,31668
1985,585,26,12,2,1,NA,14515
1985,587,30,18,1,1,NA,31668
1985,601,20,13,2,1,NA,NA
1985,616,54,5,2,1,NA,NA
1985,618,40,12,1,1,NA,NA
1985,624,64,11,2,1,NA,4750
1985,630,19,11,2,1,NA,2111
1985,637,65,10,1,1,NA,9500
1985,638,58,8,2,1,NA,5806
1985,641,40,12,2,2,NA,31668
1985,642,46,13,2,1,NA,14515
1985,644,26,14,2,1,NA,NA
1985,656,65,12,1,1,NA,19793
1985,657,32,14,1,1,NA,31668
1985,667,69,8,1,1,NA,5806
1985,672,21,11,2,1,NA,14515
1985,673,30,16,2,1,NA,14515
1985,675,48,12,1,2,NA,17154
1985,678,49,8,1,2,NA,44863
1985,686,28,14,2,2,NA,2111
1985,689,34,12,2,1,NA,37500.4605
1985,691,81,8,2,1,NA,4750
1985,693,24,12,1,1,NA,14515
1985,698,63,9,2,1,NA,11876
1985,699,62,9,1,2,NA,31668
1985,704,51,3,1,2,NA,6861
1985,709,28,11,1,2,NA,17154
1985,710,25,14,2,1,NA,31668
1985,716,21,12,1,1,NA,3695
1985,719,33,10,2,1,NA,3695
1985,729,70,12,2,1,NA,17154
1985,733,81,10,2,1,NA,99257
1985,734,78,4,2,1,NA,4750
1985,738,40,13,1,1,NA,44863
1985,742,64,11,2,1,NA,31668
1985,745,29,11,2,1,NA,7917
1985,749,26,18,2,1,NA,99257
1985,754,50,15,1,1,NA,31668
1985,756,46,19,1,1,NA,99257
1985,757,66,17,1,1,NA,5806
1985,760,24,16,2,1,NA,14515
1985,763,48,14,2,1,NA,9500
1985,764,34,12,1,1,NA,99257
1985,765,34,16,1,1,NA,37500.4605
1985,772,38,14,2,2,NA,31668
1985,775,68,12,2,1,NA,19793
1985,776,50,16,1,1,NA,99257
1985,777,44,14,1,1,NA,99257
1985,779,69,9,1,1,NA,14515
1985,782,26,12,1,2,NA,14515
1985,784,40,12,2,1,NA,17154
1985,786,28,14,1,1,NA,37500.4605
1985,787,46,12,1,1,NA,99257
1985,794,70,12,2,1,NA,31668
1985,826,30,12,1,1,NA,3695
1985,837,28,11,1,2,NA,31668
1985,841,21,12,2,1,NA,14515
1985,842,25,12,1,2,NA,9500
1985,847,37,12,2,2,NA,31668
1985,849,63,12,2,1,NA,37500.4605
1985,854,39,13,1,1,NA,31668
1985,859,76,4,2,1,NA,5806
1985,860,75,7,2,1,NA,3695
1985,862,20,10,1,1,NA,14515
1985,869,33,10,1,2,NA,31668
1985,874,33,11,2,1,NA,NA
1985,875,30,17,2,1,NA,31668
1985,877,35,14,1,2,NA,44863
1985,882,50,12,1,1,NA,19793
1985,891,35,14,1,1,NA,31668
1985,899,81,8,2,1,NA,17154
1985,901,38,12,2,1,NA,44863
1985,915,63,20,1,1,NA,37500.4605
1985,922,28,14,1,1,NA,11876
1985,923,69,11,1,2,NA,9500
1985,926,54,12,2,1,NA,99257
1985,943,23,16,2,1,NA,14515
1985,949,67,7,2,1,NA,9500
1985,954,44,13,2,1,NA,NA
1985,968,28,10,2,1,NA,17154
1985,970,29,13,1,1,NA,31668
1985,975,27,12,2,1,NA,2111
1985,977,32,14,1,1,NA,19793
1985,979,52,12,2,1,NA,44863
1985,982,25,6,1,1,NA,3695
1985,983,26,12,2,1,NA,22432
1985,990,27,12,1,2,NA,3695
1985,1001,29,12,2,1,NA,22432
1985,1006,36,14,2,1,NA,9500
1985,1012,45,16,1,1,NA,44863
1985,1016,33,16,1,2,NA,31668
1985,1020,23,12,2,1,NA,9500
1985,1022,80,18,1,2,NA,31668
1985,1028,62,12,1,1,NA,22432
1985,1030,59,12,2,1,NA,11876
1985,1037,25,10,2,1,NA,31668
1985,1041,20,11,1,2,NA,22432
1985,1044,46,12,1,1,NA,14515
1985,1046,77,7,1,1,NA,4750
1985,1047,70,13,2,1,NA,3695
1985,1051,64,12,1,1,NA,528
1985,1056,43,12,2,2,NA,99257
1985,1059,29,12,2,1,NA,37500.4605
1985,1060,53,16,1,2,NA,44863
1985,1069,46,12,2,1,NA,99257
1985,1073,33,18,1,1,NA,19793
1985,1081,36,12,1,1,NA,6861
1985,1083,43,14,2,1,NA,14515
1985,1087,61,14,1,1,NA,31668
1985,1094,33,12,1,1,NA,31668
1985,1103,19,12,1,1,NA,31668
1985,1105,40,16,1,2,NA,31668
1985,1108,32,12,2,2,NA,11876
1985,1123,52,19,1,1,NA,31668
1985,1125,61,12,2,1,NA,11876
1985,1146,82,8,2,1,NA,4750
1985,1152,43,14,2,1,NA,44863
1985,1154,57,12,2,1,NA,NA
1985,1164,70,13,1,1,NA,NA
1985,1183,89,8,2,2,NA,6861
1985,1185,29,12,2,1,NA,31668
1985,1187,20,13,2,1,NA,7917
1985,1196,28,12,2,1,NA,17154
1985,1198,61,15,2,2,NA,19793
1985,1201,29,13,2,2,NA,17154
1985,1203,25,15,1,2,NA,17154
1985,1215,76,8,2,1,NA,6861
1985,1217,81,18,1,2,NA,17154
1985,1218,51,16,2,1,NA,99257
1985,1228,39,12,2,2,NA,22432
1985,1232,53,13,2,2,NA,5806
1985,1235,63,8,2,2,NA,3695
1985,1244,73,8,2,NA,NA,NA
1985,1247,61,17,2,1,NA,4750
1985,1253,52,7,1,1,NA,6861
1985,1259,23,12,1,1,NA,3695
1985,1262,25,17,1,1,NA,6861
1985,1265,35,11,2,1,NA,3695
1985,1270,39,12,1,2,NA,44863
1985,1271,59,7,2,1,NA,6861
1985,1279,21,12,2,1,NA,22432
1985,1280,27,10,1,2,NA,14515
1985,1281,59,11,2,1,NA,17154
1985,1287,32,12,2,1,NA,31668
1985,1294,77,10,2,2,NA,3695
1985,1301,30,11,1,1,NA,37500.4605
1985,1302,60,12,2,2,NA,31668
1985,1305,33,13,1,2,NA,31668
1985,1315,35,12,2,1,NA,7917
1985,1319,68,13,2,1,NA,11876
1985,1321,35,16,2,1,NA,44863
1985,1322,34,12,1,1,NA,14515
1985,1328,24,11,2,2,NA,11876
1985,1329,72,15,2,1,NA,19793
1985,1331,20,12,2,2,NA,14515
1985,1332,63,12,2,1,NA,5806
1985,1333,75,7,2,2,NA,3695
1985,1338,69,9,2,2,NA,9500
1985,1343,23,12,1,2,NA,44863
1985,1349,70,12,1,1,NA,22432
1985,1353,69,12,1,1,NA,NA
1985,1356,67,12,1,1,NA,9500
1985,1357,79,20,1,1,NA,NA
1985,1360,60,9,1,1,NA,2111
1985,1362,22,12,2,1,NA,19793
1985,1364,27,12,2,1,NA,14515
1985,1365,69,10,2,1,NA,NA
1985,1377,30,12,2,2,NA,22432
1985,1403,81,16,1,2,NA,17154
1985,1404,59,8,2,2,NA,4750
1985,1407,74,13,2,1,NA,11876
1985,1412,37,10,1,1,NA,17154
1985,1415,66,12,1,1,NA,44863
1985,1422,19,12,2,1,NA,528
1985,1426,22,15,2,2,NA,528
1985,1429,21,16,1,1,NA,99257
1985,1434,26,17,2,1,NA,31668
1985,1435,41,14,1,1,NA,31668
1985,1440,56,7,1,NA,NA,22432
1985,1451,58,11,1,1,NA,19793
1985,1455,26,9,2,2,NA,14515
1985,1460,31,12,1,2,NA,11876
1985,1461,34,12,2,1,NA,14515
1985,1470,57,12,2,1,NA,37500.4605
1985,1471,89,10,1,2,NA,9500
1985,1485,54,12,2,2,NA,NA
1985,1490,41,13,1,2,NA,9500
1985,1496,23,14,2,1,NA,2111
1985,1499,23,17,1,1,NA,14515
1985,1500,24,15,2,2,NA,11876
1985,1505,50,9,1,1,NA,5806
1985,1506,49,14,2,2,NA,22432
1985,1512,30,12,2,1,NA,31668
1985,1513,40,18,2,1,NA,31668
1985,1517,30,12,2,2,NA,5806
1985,1521,47,13,1,2,NA,44863
1985,1530,28,12,1,2,NA,11876
1986,1,28,14,1,NA,2,21659
1986,2,54,16,2,NA,1,56058
1986,4,77,14,2,NA,2,NA
1986,12,37,12,2,NA,2,NA
1986,14,36,6,2,NA,2,9173
1986,18,89,0,2,NA,2,NA
1986,19,45,12,2,NA,2,NA
1986,25,31,12,2,NA,2,NA
1986,28,20,14,1,NA,2,33125
1986,30,23,8,2,NA,2,NA
1986,33,46,14,2,NA,2,102084
1986,37,78,8,2,NA,2,NA
1986,39,40,18,2,NA,2,33125
1986,43,70,12,2,NA,2,NA
1986,52,22,12,1,NA,2,21659
1986,60,34,13,2,NA,2,102084
1986,61,64,12,1,NA,2,16563
1986,66,74,12,2,NA,1,9173
1986,72,23,17,2,NA,2,56058
1986,81,71,12,2,NA,2,NA
1986,100,32,12,2,NA,2,45866
1986,103,33,14,1,NA,2,56058
1986,109,71,5,2,NA,2,5606
1986,116,73,8,2,NA,2,4587
1986,131,27,12,2,NA,2,38222
1986,133,42,12,2,NA,2,102084
1986,137,38,16,1,NA,1,28029
1986,139,60,12,2,NA,2,9173
1986,140,77,16,2,NA,2,9173
1986,149,76,16,1,NA,2,7644
1986,151,68,12,1,NA,2,45866
1986,152,19,12,1,NA,2,NA
1986,154,63,16,2,NA,2,NA
1986,155,50,20,1,NA,2,45866
1986,158,54,12,2,NA,2,28029
1986,165,39,12,2,NA,2,19111
1986,170,54,16,2,NA,2,28029
1986,176,39,14,2,NA,2,45866
1986,178,66,11,2,NA,1,16563
1986,186,36,16,2,NA,2,38222
1986,196,44,18,1,NA,2,102084
1986,198,39,16,1,NA,1,33125
1986,206,25,12,2,NA,2,56058
1986,207,36,16,2,NA,1,56058
1986,209,63,10,2,NA,1,9173
1986,211,62,15,1,NA,2,33125
1986,225,33,12,2,NA,2,33125
1986,238,63,20,1,NA,2,102084
1986,245,52,12,2,NA,2,45866
1986,246,51,12,1,NA,2,11466
1986,247,26,11,1,NA,2,19111
1986,258,50,16,1,NA,2,45866
1986,262,31,16,1,NA,1,102084
1986,263,31,12,2,NA,1,33125
1986,272,70,12,2,NA,2,4587
1986,275,33,9,1,NA,2,16563
1986,277,53,7,1,NA,2,45866
1986,279,71,6,2,NA,1,4587
1986,281,65,12,1,NA,2,16563
1986,290,89,7,2,NA,2,4587
1986,292,73,10,2,NA,2,4587
1986,308,38,20,1,NA,2,NA
1986,321,62,13,2,NA,2,56058
1986,327,81,9,2,NA,2,5606
1986,338,34,14,2,NA,2,6625
1986,340,NA,NA,1,NA,2,NA
1986,342,45,12,1,NA,2,16563
1986,343,22,12,2,NA,1,11466
1986,347,82,7,2,NA,2,7644
1986,358,25,17,1,NA,2,3567
1986,362,23,12,1,NA,1,NA
1986,383,31,16,1,NA,2,38222
1986,395,32,12,1,NA,2,28029
1986,400,66,10,1,NA,1,45866
1986,402,45,9,2,NA,2,16563
1986,412,51,12,2,NA,2,16563
1986,415,29,12,1,NA,1,19111
1986,417,71,8,2,NA,2,3567
1986,420,30,12,2,NA,1,24207
1986,422,57,12,2,NA,2,24207
1986,431,39,14,2,NA,2,19111
1986,432,56,16,2,NA,2,14015
1986,437,49,4,1,NA,2,38222
1986,446,58,7,1,NA,2,6625
1986,449,54,10,2,NA,2,14015
1986,450,33,16,2,NA,2,45866
1986,468,38,12,2,NA,2,33125
1986,469,46,13,2,NA,1,56058
1986,470,31,12,1,NA,2,38222
1986,471,70,14,1,NA,2,28029
1986,472,61,15,1,NA,1,33125
1986,473,24,12,1,NA,2,33125
1986,476,55,12,1,NA,2,102084
1986,482,40,16,1,NA,2,102084
1986,485,32,16,1,NA,1,45866
1986,486,35,16,2,NA,2,56058
1986,490,29,12,2,NA,2,38222
1986,504,23,13,2,NA,2,16563
1986,506,30,12,1,NA,2,33125
1986,507,45,12,1,NA,2,33125
1986,513,56,11,2,NA,2,2038
1986,517,28,12,2,NA,2,33125
1986,522,36,16,2,NA,2,33125
1986,523,65,12,2,NA,2,38222
1986,524,60,12,2,NA,2,14015
1986,525,60,12,1,NA,2,33125
1986,528,83,6,2,NA,2,NA
1986,547,80,12,2,NA,2,4587
1986,548,24,11,1,NA,1,9173
1986,554,51,12,2,NA,2,45866
1986,557,79,12,1,NA,2,38222
1986,563,66,12,1,NA,2,4587
1986,565,34,12,2,NA,2,6625
1986,566,32,12,1,NA,2,28029
1986,569,37,12,2,NA,2,38222
1986,598,29,14,1,NA,2,33125
1986,599,83,8,1,NA,2,NA
1986,600,81,9,2,NA,2,6625
1986,606,24,13,1,NA,2,33125
1986,616,63,12,2,NA,2,11466
1986,623,21,11,1,NA,1,510
1986,625,28,12,2,NA,2,33125
1986,629,40,12,2,NA,2,NA
1986,640,42,13,2,NA,2,28029
1986,642,60,10,1,NA,2,21659
1986,645,66,14,2,NA,2,14015
1986,646,30,19,2,NA,2,14015
1986,658,29,16,1,NA,1,45866
1986,660,49,16,1,NA,2,102084
1986,663,24,16,2,NA,1,56058
1986,665,77,11,2,NA,2,9173
1986,670,56,9,2,NA,2,NA
1986,673,39,16,2,NA,2,NA
1986,674,68,14,2,NA,1,11466
1986,675,42,14,2,NA,2,102084
1986,678,70,12,1,NA,2,11466
1986,686,34,16,1,NA,1,19111
1986,690,73,8,2,NA,2,9173
1986,694,52,15,2,NA,2,14015
1986,695,22,16,2,NA,2,38222
1986,704,54,13,2,NA,2,28029
1986,708,65,12,2,NA,2,11466
1986,717,23,12,1,NA,2,14015
1986,720,53,12,2,NA,2,16563
1986,736,62,12,2,NA,2,9173
1986,746,49,16,2,NA,2,33125
1986,748,81,9,2,NA,2,4587
1986,753,21,12,2,NA,2,14015
1986,761,72,16,2,NA,2,11466
1986,763,77,5,2,NA,2,9173
1986,765,46,11,2,NA,2,19111
1986,767,39,17,2,NA,2,28029
1986,774,68,11,2,NA,2,14015
1986,784,19,11,2,NA,2,NA
1986,794,38,11,2,NA,1,5606
1986,799,65,5,2,NA,2,9173
1986,802,33,12,2,NA,2,28029
1986,804,78,8,2,NA,2,7644
1986,810,65,16,1,NA,2,56058
1986,813,39,11,2,NA,2,28029
1986,814,49,12,2,NA,2,56058
1986,815,65,12,2,NA,2,45866
1986,818,70,10,2,NA,2,14015
1986,822,59,8,2,NA,2,11466
1986,825,74,9,2,NA,2,5606
1986,836,49,13,2,NA,2,33125
1986,839,26,15,1,NA,2,19111
1986,854,55,11,2,NA,2,NA
1986,856,89,13,2,NA,2,9173
1986,862,46,19,1,NA,2,102084
1986,866,31,12,1,NA,1,14015
1986,870,23,15,1,NA,2,7644
1986,878,39,16,2,NA,2,45866
1986,880,39,14,2,NA,1,16563
1986,883,73,11,2,NA,2,6625
1986,886,52,14,2,NA,2,38222
1986,894,25,16,2,NA,2,14015
1986,906,62,12,2,NA,2,24207
1986,907,27,14,2,NA,2,28029
1986,911,34,13,2,NA,2,16563
1986,912,64,10,2,NA,2,2038
1986,915,22,9,2,NA,NA,11466
1986,918,44,12,1,NA,2,102084
1986,922,41,12,2,NA,2,45866
1986,928,23,12,1,NA,1,16563
1986,929,29,12,1,NA,2,19111
1986,934,78,13,1,NA,2,24207
1986,939,31,20,2,NA,2,33125
1986,942,75,16,1,NA,2,14015
1986,944,38,13,1,NA,NA,102084
1986,946,39,17,2,NA,1,28029
1986,947,38,19,2,NA,1,102084
1986,951,20,11,1,NA,2,11466
1986,953,31,16,2,NA,NA,24207
1986,958,78,12,2,NA,2,14015
1986,961,62,16,1,NA,2,24207
1986,972,40,17,2,NA,2,45866
1986,974,44,12,1,NA,2,102084
1986,978,39,20,1,NA,1,45866
1986,985,43,12,1,NA,1,56058
1986,990,52,12,1,NA,2,21659
1986,1006,46,13,1,NA,2,33125
1986,1014,60,17,1,NA,2,6625
1986,1020,19,10,1,NA,2,NA
1986,1024,43,12,2,NA,2,28029
1986,1027,35,12,1,NA,1,38222
1986,1029,52,12,2,NA,2,38222
1986,1030,41,12,1,NA,2,102084
1986,1033,26,11,1,NA,1,33125
1986,1036,61,16,1,NA,2,102084
1986,1038,59,16,1,NA,2,56058
1986,1044,53,15,1,NA,2,21659
1986,1048,34,12,2,NA,2,38222
1986,1053,NA,12,2,NA,2,16563
1986,1064,42,13,2,NA,2,33125
1986,1073,36,14,2,NA,2,14015
1986,1083,27,16,1,NA,2,NA
1986,1092,73,11,2,NA,2,NA
1986,1097,25,10,1,NA,2,14015
1986,1101,51,12,2,NA,2,4587
1986,1116,46,12,2,NA,2,45866
1986,1117,53,12,2,NA,2,28029
1986,1121,51,12,2,NA,2,14015
1986,1122,59,12,2,NA,2,28029
1986,1126,33,12,2,NA,2,38222
1986,1131,66,10,1,NA,2,11466
1986,1132,28,12,2,NA,2,19111
1986,1138,35,7,1,NA,1,NA
1986,1142,57,8,2,NA,2,NA
1986,1152,59,8,2,NA,2,11466
1986,1153,19,10,2,NA,2,28029
1986,1167,37,15,2,NA,2,28029
1986,1184,74,12,2,NA,2,7644
1986,1190,32,14,1,NA,2,16563
1986,1191,34,18,2,NA,2,38222
1986,1193,62,11,2,NA,2,3567
1986,1198,22,12,1,NA,2,19111
1986,1201,89,8,2,NA,2,4587
1986,1202,69,12,2,NA,2,5606
1986,1205,43,12,1,NA,2,45866
1986,1209,63,12,2,NA,2,3567
1986,1211,60,12,2,NA,2,102084
1986,1223,78,16,2,NA,2,19111
1986,1226,60,8,2,NA,1,11466
1986,1228,28,12,1,NA,2,45866
1986,1232,21,13,2,NA,2,NA
1986,1242,40,12,2,NA,2,28029
1986,1243,70,12,1,NA,2,28029
1986,1245,36,12,1,NA,2,33125
1986,1252,38,12,2,NA,1,NA
1986,1265,61,4,1,NA,2,510
1986,1267,25,14,1,NA,2,19111
1986,1280,53,12,2,NA,1,6625
1986,1298,25,11,2,NA,2,5606
1986,1300,29,12,2,NA,NA,19111
1986,1302,35,14,2,NA,2,24207
1986,1305,47,10,1,NA,2,3567
1986,1317,30,18,2,NA,2,19111
1986,1321,20,12,2,NA,2,9173
1986,1323,24,16,1,NA,2,28029
1986,1326,25,13,1,NA,2,24207
1986,1330,81,5,1,NA,NA,4587
1986,1334,36,12,2,NA,2,33125
1986,1336,42,12,2,NA,2,7644
1986,1338,23,12,2,NA,2,3567
1986,1342,59,8,2,NA,2,21659
1986,1344,72,8,2,NA,2,4587
1986,1347,25,12,1,NA,1,45866
1986,1348,30,12,2,NA,2,24207
1986,1362,48,8,2,NA,2,28029
1986,1364,74,8,2,NA,2,3567
1986,1365,41,16,1,NA,2,11466
1986,1367,24,12,1,NA,2,38222
1986,1375,54,10,1,NA,2,21659
1986,1376,56,8,2,NA,2,5606
1986,1383,52,10,1,NA,2,510
1986,1388,20,13,1,NA,1,2038
1986,1393,42,16,2,NA,NA,11466
1986,1394,32,10,2,NA,1,3567
1986,1395,34,11,2,NA,2,14015
1986,1397,33,11,2,NA,2,21659
1986,1399,55,12,2,NA,2,11466
1986,1401,67,5,2,NA,2,4587
1986,1406,77,0,2,NA,2,4587
1986,1408,67,3,1,NA,2,6625
1986,1412,34,12,1,NA,2,14015
1986,1420,31,12,2,NA,2,33125
1986,1421,68,12,1,NA,2,38222
1986,1438,37,13,2,NA,2,45866
1986,1448,30,11,2,NA,2,14015
1986,1450,30,10,2,NA,1,4587
1986,1454,60,10,1,NA,1,24207
1986,1460,42,14,2,NA,2,24207
1986,1468,47,11,1,NA,2,2038
1987,4,66,18,2,1,1,90278
1987,14,45,8,1,1,2,45000
1987,15,24,15,1,1,2,21250
1987,20,25,15,2,1,2,27500
1987,21,20,13,1,2,2,13750
1987,25,67,13,2,1,1,45000
1987,29,35,11,1,2,2,45000
1987,30,27,17,1,NA,2,27500
1987,38,51,11,2,1,2,45000
1987,44,62,12,2,1,1,NA
1987,45,35,17,1,1,2,55000
1987,49,43,12,1,2,NA,37500
1987,55,34,14,1,1,1,27500
1987,59,45,12,2,1,2,45000
1987,61,37,15,2,2,1,NA
1987,74,20,12,2,1,NA,11250
1987,79,58,12,1,NA,2,3500
1987,80,64,16,1,1,2,55000
1987,89,41,12,2,1,2,16250
1987,94,51,12,1,1,2,13750
1987,96,48,12,1,1,2,27500
1987,101,27,12,1,1,1,27500
1987,103,52,11,2,1,2,500
1987,111,28,15,2,1,2,7500
1987,118,48,16,2,1,2,21250
1987,119,42,14,1,2,2,90278
1987,122,44,12,1,1,2,90278
1987,130,86,8,1,1,2,4500
1987,134,29,12,2,1,2,18750
1987,135,48,8,1,2,2,90278
1987,138,40,16,1,1,2,90278
1987,142,31,11,1,2,2,32500
1987,153,28,16,2,1,1,27500
1987,155,55,10,1,2,2,27500
1987,159,64,12,1,1,2,27500
1987,162,38,14,2,1,2,NA
1987,164,47,12,2,1,2,90278
1987,165,81,8,2,1,2,NA
1987,170,40,14,2,2,2,55000
1987,178,77,11,2,1,2,21250
1987,181,30,20,1,1,2,23750
1987,185,39,12,2,1,1,90278
1987,186,34,17,1,1,1,18750
1987,204,23,16,2,1,2,16250
1987,206,30,16,2,2,2,27500
1987,214,25,5,1,1,2,13750
1987,215,29,15,1,1,1,11250
1987,217,75,8,2,1,2,4500
1987,221,22,12,2,1,2,27500
1987,222,27,12,1,2,1,16250
1987,232,88,8,2,NA,2,9000
1987,235,38,16,2,1,2,37500
1987,244,43,14,1,2,2,NA
1987,245,46,12,1,1,2,37500
1987,249,24,17,2,1,1,3500
1987,256,43,16,1,1,2,NA
1987,257,46,20,1,1,1,90278
1987,260,65,14,1,2,1,37500
1987,267,66,12,2,1,NA,27500
1987,268,32,14,2,1,NA,NA
1987,275,35,13,1,2,2,13750
1987,276,78,8,2,1,2,9000
1987,278,35,17,1,1,2,37500
1987,280,54,16,1,1,1,90278
1987,284,23,11,2,1,2,4500
1987,288,36,12,2,1,2,NA
1987,292,65,12,2,1,2,NA
1987,299,53,19,1,1,2,90278
1987,302,32,16,1,1,1,16250
1987,307,30,13,1,1,1,45000
1987,308,34,14,1,2,2,23750
1987,316,35,9,1,1,2,37500
1987,329,23,6,1,1,2,9000
1987,333,34,12,1,1,2,45000
1987,334,61,12,2,1,2,23750
1987,339,45,20,1,1,1,23750
1987,344,46,12,2,1,2,90278
1987,347,33,16,1,1,2,55000
1987,350,26,18,1,1,2,18750
1987,352,36,14,1,2,2,23750
1987,353,29,12,1,1,1,6500
1987,358,28,13,2,2,1,90278
1987,361,49,12,1,2,2,90278
1987,365,30,16,2,1,2,11250
1987,366,45,19,2,1,2,NA
1987,371,24,12,2,1,2,11250
1987,374,42,12,2,1,2,11250
1987,375,71,9,2,1,2,9000
1987,380,25,14,1,1,2,37500
1987,387,44,16,2,1,2,90278
1987,388,36,14,2,1,1,37500
1987,390,32,14,2,2,2,9000
1987,399,43,12,2,1,2,45000
1987,406,34,13,1,1,2,32500
1987,412,41,17,2,1,2,90278
1987,413,58,16,2,1,2,55000
1987,414,44,14,2,1,2,55000
1987,421,48,13,2,1,2,55000
1987,423,34,18,1,1,2,90278
1987,427,55,12,1,1,2,90278
1987,430,26,12,1,1,2,NA
1987,438,56,13,2,1,2,23750
1987,442,37,20,1,1,1,23750
1987,452,70,19,1,1,2,90278
1987,454,29,11,1,1,2,NA
1987,456,20,12,2,1,NA,11250
1987,457,38,16,1,1,1,37500
1987,461,40,12,2,1,2,55000
1987,471,64,10,1,1,2,13750
1987,473,80,13,1,1,NA,16250
1987,474,29,13,1,2,NA,27500
1987,482,54,18,1,NA,NA,23750
1987,488,33,15,1,1,2,37500
1987,491,30,12,1,1,2,18750
1987,495,44,13,1,2,2,55000
1987,496,28,12,2,1,2,37500
1987,518,69,10,2,1,2,6500
1987,522,58,13,1,1,2,32500
1987,528,79,19,1,1,2,90278
1987,531,26,12,2,1,2,32500
1987,547,22,12,1,2,1,18750
1987,551,54,14,2,1,1,13750
1987,553,72,12,2,1,2,13750
1987,560,58,16,2,1,2,32500
1987,563,54,12,2,1,2,23750
1987,568,31,12,1,2,2,18750
1987,570,63,10,2,1,2,7500
1987,573,36,9,2,2,1,4500
1987,578,25,12,2,1,1,18750
1987,584,31,14,1,1,2,45000
1987,586,57,17,2,1,2,37500
1987,602,52,15,2,1,2,13750
1987,606,38,12,1,1,2,37500
1987,609,48,12,1,2,2,32500
1987,611,67,10,2,2,2,23750
1987,615,31,12,2,1,2,13750
1987,617,70,13,2,2,2,7500
1987,625,78,8,2,1,2,NA
1987,631,82,10,2,1,2,3500
1987,641,25,15,2,1,NA,4500
1987,656,29,16,1,1,2,27500
1987,659,27,16,2,1,2,37500
1987,662,27,12,2,2,2,NA
1987,667,27,12,2,1,2,37500
1987,670,39,9,2,1,2,500
1987,671,41,12,1,2,1,27500
1987,679,30,20,2,1,1,90278
1987,693,28,12,1,1,2,45000
1987,698,50,18,2,1,2,45000
1987,701,45,13,2,1,2,55000
1987,706,26,18,1,1,2,90278
1987,709,65,16,1,1,2,45000
1987,710,NA,NA,2,1,2,NA
1987,713,74,16,2,1,2,16250
1987,714,36,12,1,1,2,21250
1987,718,34,8,2,1,2,45000
1987,720,67,3,1,1,2,11250
1987,722,20,12,2,1,2,13750
1987,727,61,10,2,1,2,NA
1987,729,39,12,2,1,2,21250
1987,738,70,6,1,2,2,6500
1987,744,29,12,2,2,2,37500
1987,746,45,15,1,1,2,90278
1987,749,25,14,2,1,2,18750
1987,758,35,16,2,2,2,55000
1987,759,31,16,2,1,2,55000
1987,760,63,12,1,1,2,27500
1987,774,63,12,2,2,2,NA
1987,780,34,8,1,1,2,13750
1987,785,74,12,1,2,1,37500
1987,786,66,11,2,1,2,9000
1987,787,45,8,1,1,2,6500
1987,812,NA,12,1,2,2,NA
1987,820,27,12,1,2,1,11250
1987,831,78,10,1,1,2,4500
1987,834,51,16,1,2,2,55000
1987,835,41,14,2,1,2,45000
1987,842,27,10,2,1,1,11250
1987,854,48,14,2,2,2,37500
1987,860,41,18,2,1,1,37500
1987,866,22,14,1,1,1,2000
1987,871,21,14,1,1,2,21250
1987,872,66,13,2,1,2,13750
1987,875,61,12,2,1,2,32500
1987,877,47,12,2,2,2,45000
1987,878,68,12,2,1,2,3500
1987,879,80,8,1,1,2,11250
1987,885,42,9,2,2,2,13750
1987,891,79,7,2,1,2,11250
1987,896,44,12,1,2,2,21250
1987,904,39,19,2,1,1,37500
1987,907,28,12,2,1,NA,45000
1987,917,37,19,2,2,1,32500
1987,919,37,16,1,1,1,32500
1987,922,75,12,1,2,2,90278
1987,928,19,11,2,1,2,16250
1987,929,64,10,2,1,2,13750
1987,931,73,12,2,1,2,13750
1987,933,30,16,2,1,NA,18750
1987,937,19,12,1,1,2,55000
1987,943,67,16,2,1,2,27500
1987,945,29,12,2,1,1,NA
1987,946,35,17,2,1,2,55000
1987,949,28,14,2,1,2,55000
1987,952,33,12,1,1,2,45000
1987,955,40,16,1,1,2,90278
1987,958,57,14,2,1,2,90278
1987,974,38,14,1,1,1,37500
1987,977,42,12,2,1,NA,37500
1987,978,48,12,1,NA,2,6500
1987,984,71,14,2,1,2,6500
1987,992,71,9,1,2,2,21250
1987,1003,48,12,1,2,2,55000
1987,1004,34,18,2,1,NA,32500
1987,1010,38,12,1,2,2,21250
1987,1011,33,12,2,2,2,32500
1987,1020,21,15,1,1,2,5500
1987,1026,45,14,2,1,2,55000
1987,1028,31,17,1,2,2,90278
1987,1030,27,13,2,1,1,13750
1987,1033,39,12,2,1,2,90278
1987,1038,38,19,2,2,1,45000
1987,1041,37,14,1,2,1,5500
1987,1057,19,12,2,2,2,27500
1987,1062,79,10,2,1,2,16250
1987,1065,38,16,2,1,2,55000
1987,1066,29,12,2,1,2,6500
1987,1071,54,12,2,1,2,21250
1987,1076,76,12,1,2,2,9000
1987,1080,45,12,2,2,2,27500
1987,1089,73,12,2,1,2,500
1987,1093,35,12,2,1,2,23750
1987,1100,66,9,2,1,2,21250
1987,1101,28,16,2,1,2,45000
1987,1102,62,12,2,1,2,45000
1987,1111,65,12,1,1,2,90278
1987,1114,35,16,2,1,2,32500
1987,1122,50,15,1,1,2,16250
1987,1123,48,8,2,2,1,NA
1987,1126,53,12,2,2,2,27500
1987,1144,36,16,1,1,2,32500
1987,1145,43,13,2,1,2,18750
1987,1146,59,13,2,1,2,32500
1987,1155,55,12,1,1,2,27500
1987,1156,82,8,1,2,2,11250
1987,1170,35,13,1,1,2,45000
1987,1174,29,12,2,NA,2,21250
1987,1182,23,8,1,1,1,3500
1987,1183,63,NA,2,NA,NA,NA
1987,1203,31,18,2,2,2,18750
1987,1211,65,8,2,1,2,13750
1987,1229,61,10,2,1,2,7500
1987,1230,73,15,2,2,2,21250
1987,1245,57,14,1,2,2,45000
1987,1246,40,6,1,1,2,21250
1987,1257,35,13,2,2,1,16250
1987,1260,40,14,1,1,2,32500
1987,1265,21,14,2,1,1,11250
1987,1273,49,5,1,2,2,21250
1987,1274,40,14,1,2,2,90278
1987,1278,74,12,2,2,2,NA
1987,1279,64,11,2,2,NA,23750
1987,1282,24,14,2,1,2,11250
1987,1283,75,12,2,2,2,7500
1987,1291,39,11,1,1,2,3500
1987,1296,21,13,2,1,2,6500
1987,1308,85,7,2,1,2,NA
1987,1312,37,12,1,2,2,37500
1987,1319,38,12,2,2,2,13750
1987,1325,63,12,2,1,2,6500
1987,1329,37,12,2,1,2,32500
1987,1341,76,3,1,1,1,11250
1987,1342,53,11,1,2,2,13750
1987,1350,48,11,2,1,2,11250
1987,1354,52,12,2,1,2,37500
1987,1357,46,14,2,NA,1,45000
1987,1361,62,6,1,1,2,3500
1987,1370,80,5,2,1,2,NA
1987,1376,21,14,1,2,2,6500
1987,1383,52,7,1,2,2,21250
1987,1387,22,15,2,1,2,18750
1987,1405,71,7,2,1,2,9000
1987,1410,43,7,1,2,2,7500
1987,1423,39,12,2,1,2,32500
1987,1427,40,16,1,2,2,21250
1987,1428,36,17,2,2,2,27500
1987,1435,46,12,2,1,2,27500
1987,1446,30,14,2,2,2,55000
1987,1449,29,12,1,2,1,37500
1987,1450,41,12,2,2,2,45000
1987,1453,35,12,2,1,2,27500
1987,1454,41,17,1,2,2,45000
1987,1457,68,12,1,2,2,27500
1987,1459,72,12,2,1,2,NA
1987,2005,67,7,2,1,2,9000
1987,2014,78,3,2,2,2,4500
1987,2017,22,16,2,1,1,NA
1987,2026,25,14,1,1,2,18750
1987,2029,41,12,2,1,2,18750
1987,2030,30,12,2,1,2,45000
1987,2035,28,13,2,2,2,13750
1987,2067,60,13,2,1,2,23750
1987,2068,63,14,1,1,1,11250
1987,2069,74,8,1,1,2,13750
1987,2080,42,10,1,2,2,9000
1987,2088,21,12,2,2,2,4500
1987,2089,25,12,2,1,2,16250
1987,2095,34,14,1,1,1,3500
1987,2107,37,12,2,1,2,21250
1987,2114,39,18,2,1,2,55000
1987,2117,27,12,1,2,1,21250
1987,2129,61,9,2,2,2,7500
1987,2132,43,16,1,1,1,55000
1987,2133,28,16,1,1,2,90278
1987,2136,22,12,2,2,2,NA
1987,2137,33,10,2,1,2,16250
1987,2151,21,13,1,1,2,4500
1987,2152,60,12,2,1,2,13750
1987,2156,39,16,2,1,2,32500
1987,2157,38,9,2,1,1,32500
1987,2164,37,12,2,1,2,13750
1987,2166,60,14,1,1,2,NA
1987,2172,31,16,2,1,2,27500
1987,2181,43,13,2,1,2,23750
1987,2185,20,12,1,1,2,16250
1987,2187,25,13,1,1,1,32500
1987,2193,55,12,1,1,2,55000
1987,2195,NA,0,1,1,2,NA
1987,2203,39,15,1,1,2,3500
1987,2219,66,10,1,2,2,NA
1987,2235,30,14,2,1,2,NA
1987,2239,NA,14,2,1,2,NA
1987,2243,45,13,1,1,2,11250
1987,2244,32,12,1,1,1,27500
1987,2247,65,7,2,1,2,16250
1987,2249,36,8,2,NA,2,18750
1987,2250,76,16,2,1,2,27500
1987,2253,NA,16,2,1,2,NA
1987,2257,49,12,2,NA,2,11250
1987,2263,41,12,2,1,2,4500
1987,2266,36,11,2,1,1,23750
1987,2268,54,12,1,2,NA,NA
1987,2271,50,3,1,1,2,9000
1987,2272,42,16,1,1,2,37500
1987,2273,73,12,2,1,2,NA
1987,2280,45,17,2,1,1,11250
1987,2284,23,15,2,1,2,4500
1987,2289,19,12,2,1,2,2000
1987,2292,34,14,2,1,2,11250
1987,2297,29,13,2,1,2,2000
1987,2298,26,12,2,1,1,11250
1987,2304,23,15,2,1,1,2000
1987,2306,71,8,2,2,2,5500
1987,2312,55,8,2,1,2,2000
1987,2313,40,6,2,1,2,4500
1987,2314,61,9,2,1,2,27500
1987,2317,30,12,1,1,2,32500
1987,2318,48,16,2,1,2,21250
1987,2319,42,12,2,1,2,9000
1987,2331,40,12,2,1,NA,13750
1987,2332,39,14,2,1,2,5500
1987,2333,26,14,1,1,1,9000
1987,2338,65,4,2,2,1,3500
1987,2348,20,12,1,2,2,NA
1988,17,30,16,2,1,NA,22919
1988,21,24,12,2,1,2,22919
1988,26,78,12,2,1,NA,NA
1988,35,38,16,1,1,2,22919
1988,42,34,16,2,NA,2,43426
1988,45,43,5,1,1,NA,43426
1988,46,37,12,2,NA,2,53077
1988,47,37,16,1,NA,1,43426
1988,58,21,13,1,NA,NA,NA
1988,66,53,10,1,1,NA,36189
1988,70,29,12,2,2,NA,43426
1988,71,77,12,2,1,2,7238
1988,77,30,11,1,NA,1,22919
1988,79,68,12,2,NA,2,18094
1988,81,35,15,2,NA,1,53077
1988,90,81,12,2,1,2,22919
1988,93,58,15,2,1,2,43426
1988,101,28,14,1,1,1,26538
1988,106,28,16,1,NA,1,10857
1988,109,33,14,2,1,NA,13269
1988,121,36,13,2,1,2,20507
1988,127,36,18,2,1,NA,43426
1988,129,35,16,2,1,NA,36189
1988,130,56,14,1,NA,2,91587
1988,136,47,11,2,1,NA,26538
1988,146,78,8,2,1,NA,NA
1988,155,30,12,2,1,2,15682
1988,161,52,9,2,1,NA,31364
1988,162,26,15,1,NA,2,91587
1988,168,20,12,1,1,NA,36189
1988,177,41,13,1,1,NA,18094
1988,178,44,16,2,1,1,91587
1988,188,25,17,1,NA,1,26538
1988,189,38,13,2,2,NA,31364
1988,190,25,14,1,NA,2,13269
1988,195,26,13,2,1,1,NA
1988,198,23,6,2,1,NA,15682
1988,201,67,2,2,NA,2,5308
1988,202,69,16,2,1,2,91587
1988,208,32,12,1,1,NA,43426
1988,211,24,12,1,NA,2,13269
1988,212,31,15,1,NA,2,26538
1988,216,35,19,1,1,NA,53077
1988,218,32,20,2,1,NA,10857
1988,219,35,16,1,1,NA,31364
1988,221,35,14,2,NA,2,15682
1988,223,42,20,1,1,NA,43426
1988,224,35,16,1,1,NA,NA
1988,229,60,16,1,NA,2,NA
1988,245,26,14,1,NA,2,26538
1988,261,29,16,2,NA,1,91587
1988,266,19,11,1,NA,1,91587
1988,271,NA,15,2,NA,NA,NA
1988,276,47,12,1,1,NA,36189
1988,281,76,6,2,1,2,7238
1988,285,89,16,2,1,NA,3378
1988,286,56,18,2,1,1,91587
1988,301,32,14,1,1,2,43426
1988,302,33,10,2,NA,2,10857
1988,306,70,13,2,NA,2,NA
1988,307,77,12,2,1,NA,7238
1988,308,64,12,2,NA,2,31364
1988,320,52,18,2,1,2,43426
1988,323,32,18,2,1,NA,43426
1988,335,25,12,1,1,2,8685
1988,339,44,16,1,NA,2,53077
1988,347,66,14,2,1,NA,31364
1988,348,45,12,2,1,2,43426
1988,350,54,12,2,1,NA,13269
1988,354,25,14,1,2,2,18094
1988,365,54,12,2,NA,2,8685
1988,366,24,13,2,1,NA,3378
1988,368,55,18,2,1,2,31364
1988,369,53,9,1,NA,2,483
1988,374,28,9,1,1,NA,20507
1988,377,67,11,2,NA,1,26538
1988,391,45,12,2,1,2,36189
1988,392,39,13,1,NA,1,NA
1988,393,63,18,1,1,NA,36189
1988,394,39,18,2,1,NA,26538
1988,400,37,18,1,NA,NA,NA
1988,402,53,12,2,NA,2,15682
1988,406,33,12,2,NA,1,3378
1988,411,47,18,2,2,2,36189
1988,413,33,18,2,1,2,91587
1988,424,40,12,1,NA,2,53077
1988,425,46,18,2,1,1,91587
1988,428,74,12,2,NA,2,26538
1988,429,48,11,2,1,2,36189
1988,430,62,16,1,1,2,22919
1988,433,26,12,2,2,2,31364
1988,437,23,11,2,1,NA,483
1988,438,22,12,2,1,NA,3378
1988,443,31,12,2,NA,2,15682
1988,447,28,12,2,NA,2,26538
1988,454,73,10,2,1,1,22919
1988,456,78,4,2,1,NA,6273
1988,464,60,16,1,2,NA,31364
1988,470,35,12,2,NA,1,53077
1988,472,22,14,2,1,2,15682
1988,474,61,12,2,2,2,53077
1988,478,44,12,1,1,NA,36189
1988,486,40,19,1,NA,2,31364
1988,488,27,15,1,1,NA,6273
1988,489,19,12,2,1,NA,NA
1988,491,28,9,2,2,NA,1930
1988,499,42,12,2,1,2,43426
1988,506,23,12,2,NA,2,NA
1988,510,54,12,2,NA,2,36189
1988,521,77,13,2,1,NA,5308
1988,526,33,18,1,1,NA,36189
1988,529,27,13,2,2,NA,53077
1988,534,21,12,2,1,2,7238
1988,537,23,12,1,2,NA,22919
1988,538,34,14,2,NA,2,26538
1988,540,19,12,1,1,1,20507
1988,550,25,14,1,NA,2,26538
1988,553,31,12,1,1,2,20507
1988,556,69,17,2,NA,2,91587
1988,559,45,12,2,2,NA,43426
1988,563,70,12,2,1,2,26538
1988,564,57,12,2,1,NA,53077
1988,568,37,12,1,1,2,53077
1988,572,28,16,2,NA,2,22919
1988,587,22,12,2,1,1,8685
1988,593,31,12,1,NA,2,26538
1988,594,71,12,2,1,2,15682
1988,596,44,16,2,NA,2,31364
1988,598,83,8,1,2,1,13269
1988,612,89,8,2,1,NA,5308
1988,614,61,12,1,NA,2,43426
1988,615,52,18,1,2,NA,26538
1988,618,31,9,2,1,NA,22919
1988,622,37,12,2,NA,2,10857
1988,640,36,16,2,1,NA,43426
1988,641,27,17,2,1,2,NA
1988,653,49,12,2,NA,2,22919
1988,655,58,13,2,NA,1,22919
1988,656,78,15,2,NA,2,18094
1988,658,23,15,2,NA,2,15682
1988,661,27,10,2,NA,1,8685
1988,668,35,12,2,1,2,5308
1988,674,48,18,1,1,2,91587
1988,683,64,13,1,1,NA,10857
1988,685,38,15,2,1,NA,36189
1988,686,68,5,2,NA,2,1930
1988,687,29,18,1,1,NA,10857
1988,695,45,16,2,1,2,43426
1988,697,34,12,2,NA,2,10857
1988,700,34,13,1,1,NA,13269
1988,707,29,14,2,1,NA,4343
1988,712,51,14,2,1,NA,91587
1988,724,69,13,2,NA,2,22919
1988,726,46,12,2,1,NA,36189
1988,727,20,11,1,NA,2,20507
1988,733,33,11,2,1,NA,3378
1988,739,59,12,2,1,2,43426
1988,746,25,17,2,1,2,18094
1988,757,42,16,2,NA,1,26538
1988,761,60,4,1,1,1,26538
1988,769,79,9,2,2,2,8685
1988,773,78,13,1,1,2,10857
1988,775,27,9,1,2,NA,10857
1988,784,64,12,1,NA,2,20507
1988,790,65,14,1,1,NA,22919
1988,796,42,11,1,2,NA,5308
1988,797,50,16,2,1,2,31364
1988,801,45,14,2,NA,2,91587
1988,814,70,12,1,NA,1,NA
1988,816,64,4,1,NA,2,4343
1988,817,35,12,2,NA,2,13269
1988,821,34,16,1,NA,2,53077
1988,824,47,8,1,1,2,6273
1988,831,44,7,1,1,2,8685
1988,837,76,NA,2,NA,2,10857
1988,840,31,12,1,1,NA,20507
1988,848,25,11,1,NA,2,13269
1988,849,70,12,2,2,NA,13269
1988,850,37,12,2,1,NA,13269
1988,857,72,7,1,NA,2,15682
1988,864,49,10,2,1,2,6273
1988,867,39,13,2,NA,2,36189
1988,877,61,8,2,2,NA,10857
1988,886,24,11,2,NA,1,4343
1988,887,32,7,2,1,NA,4343
1988,890,28,11,2,NA,2,13269
1988,895,27,11,2,NA,2,8685
1988,901,62,10,2,2,1,4343
1988,904,61,9,2,1,2,31364
1988,912,68,8,2,1,2,10857
1988,913,68,19,1,NA,1,26538
1988,915,71,11,2,NA,2,10857
1988,920,69,12,2,NA,2,36189
1988,922,35,16,2,1,2,91587
1988,929,41,16,1,NA,2,31364
1988,933,58,12,2,NA,2,91587
1988,937,22,11,2,2,NA,18094
1988,940,66,11,2,NA,NA,15682
1988,944,65,11,2,NA,2,13269
1988,946,42,12,1,2,NA,31364
1988,951,47,14,2,1,1,10857
1988,961,55,14,1,1,1,10857
1988,968,36,14,2,2,NA,43426
1988,973,61,12,2,1,NA,4343
1988,982,50,12,1,1,2,43426
1988,987,45,14,2,NA,2,43426
1988,991,38,12,2,1,NA,10857
1988,1000,19,12,1,1,NA,53077
1988,1003,30,14,1,2,1,91587
1988,1007,76,12,1,1,NA,22919
1988,1012,89,8,2,1,NA,4343
1988,1018,38,12,1,NA,2,53077
1988,1022,27,12,2,1,2,31364
1988,1029,70,12,1,1,NA,18094
1988,1034,49,11,2,1,NA,91587
1988,1036,41,12,2,1,2,53077
1988,1038,40,20,1,NA,1,91587
1988,1039,33,12,2,1,NA,31364
1988,1043,78,14,1,2,2,22919
1988,1049,30,14,1,2,NA,36189
1988,1080,78,6,2,1,NA,NA
1988,1088,40,16,2,1,NA,91587
1988,1090,31,16,2,NA,2,91587
1988,1094,36,16,1,1,NA,53077
1988,1096,30,12,2,NA,1,43426
1988,1104,22,12,2,1,NA,53077
1988,1114,29,16,2,NA,NA,7238
1988,1116,48,12,2,2,2,43426
1988,1123,53,12,1,1,NA,10857
1988,1138,28,18,2,1,NA,483
1988,1144,66,12,2,1,2,36189
1988,1147,62,12,2,1,NA,13269
1988,1153,38,12,1,1,NA,NA
1988,1159,67,12,2,NA,2,6273
1988,1171,28,12,2,1,NA,NA
1988,1174,70,9,2,1,NA,26538
1988,1175,46,20,1,NA,2,36189
1988,1181,32,12,1,1,NA,15682
1988,1186,30,16,2,1,2,31364
1988,1190,44,13,1,1,NA,15682
1988,1194,53,18,1,1,NA,43426
1988,1203,25,12,2,NA,2,13269
1988,1205,76,8,2,NA,2,8685
1988,1215,24,15,2,NA,2,NA
1988,1217,71,12,1,2,NA,7238
1988,1219,37,15,1,NA,2,53077
1988,1228,23,11,2,NA,NA,6273
1988,1237,51,12,2,1,NA,20507
1988,1239,76,10,1,2,NA,13269
1988,1246,29,12,2,1,NA,31364
1988,1247,29,12,1,1,NA,1930
1988,1253,62,14,2,1,2,43426
1988,1255,87,8,2,2,2,4343
1988,1256,25,12,2,1,NA,10857
1988,1261,33,9,1,2,NA,10857
1988,1270,31,12,2,1,2,7238
1988,1273,72,12,1,NA,2,5308
1988,1280,35,17,2,NA,2,53077
1988,1283,25,15,1,NA,2,4343
1988,1290,70,11,1,NA,2,15682
1988,1299,49,9,2,1,NA,5308
1988,1300,28,10,1,1,NA,5308
1988,1303,68,11,2,NA,2,7238
1988,1320,64,12,1,NA,1,10857
1988,1321,84,12,1,1,NA,8685
1988,1333,42,13,1,NA,2,43426
1988,1338,60,11,2,2,2,13269
1988,1340,24,12,2,2,NA,10857
1988,1351,21,12,2,1,NA,26538
1988,1354,23,14,1,NA,2,18094
1988,1363,58,12,1,2,2,NA
1988,1366,58,16,2,2,2,53077
1988,1376,40,11,1,2,2,15682
1988,1388,37,12,1,NA,2,36189
1988,1391,22,15,2,NA,2,3378
1988,1396,22,15,1,1,1,6273
1988,1397,83,6,1,NA,2,5308
1988,1399,20,13,2,2,2,483
1988,1405,42,20,1,1,NA,43426
1988,1406,56,16,1,NA,2,43426
1988,1410,24,12,1,2,NA,31364
1988,1414,66,11,2,1,2,18094
1988,1417,21,11,1,2,NA,10857
1988,1419,61,7,2,1,2,NA
1988,1423,66,1,1,NA,2,6273
1988,1424,75,14,2,1,NA,20507
1988,1428,42,9,2,1,2,26538
1988,1429,21,11,2,1,2,43426
1988,1430,23,10,1,NA,1,5308
1988,1433,39,14,1,1,1,13269
1988,1434,44,15,2,NA,1,13269
1988,1448,21,13,2,2,NA,91587
1988,1449,21,14,1,1,NA,1930
1988,1466,72,6,2,1,NA,5308
1988,1467,76,4,2,2,2,3378
1988,1476,41,18,1,1,2,26538
1989,5,38,16,1,1,1,88133
1989,6,27,13,2,NA,1,8349
1989,9,40,12,1,NA,2,8349
1989,13,65,12,1,NA,2,19713
1989,24,22,14,1,NA,2,25511
1989,33,48,14,2,1,NA,88133
1989,36,45,16,1,1,NA,88133
1989,37,46,14,2,NA,NA,NA
1989,40,49,16,2,NA,2,51023
1989,46,75,8,1,1,NA,22032
1989,47,35,15,2,1,2,12756
1989,51,42,16,1,1,1,88133
1989,60,71,14,1,1,2,30150
1989,61,75,9,2,1,2,NA
1989,66,79,8,2,NA,1,NA
1989,72,64,8,2,1,NA,5102
1989,74,51,14,2,NA,2,25511
1989,80,51,12,2,NA,2,17394
1989,82,31,17,1,1,NA,41746
1989,90,24,NA,2,NA,2,NA
1989,94,67,13,2,NA,2,12756
1989,97,38,14,2,1,2,6030
1989,98,52,9,1,NA,2,25511
1989,100,20,12,2,1,2,25511
1989,112,56,8,2,1,NA,464
1989,114,21,8,2,NA,2,10436
1989,115,22,11,1,NA,2,15075
1989,130,42,15,1,NA,2,30150
1989,131,33,12,2,1,2,88133
1989,132,48,12,2,NA,2,25511
1989,146,50,12,2,1,NA,NA
1989,151,20,12,2,1,2,41746
1989,156,32,12,2,1,NA,25511
1989,157,22,12,1,1,NA,88133
1989,159,29,14,2,1,2,25511
1989,161,37,15,2,1,1,51023
1989,166,54,NA,2,1,2,30150
1989,172,73,13,2,NA,1,5102
1989,180,23,16,1,1,1,88133
1989,181,75,12,2,1,2,NA
1989,185,59,19,1,NA,1,88133
1989,194,32,20,2,NA,1,88133
1989,197,21,15,2,1,NA,15075
1989,200,28,18,1,1,1,88133
1989,204,50,16,2,1,2,41746
1989,211,59,8,2,1,NA,NA
1989,213,56,16,2,NA,1,41746
1989,221,29,12,1,NA,NA,22032
1989,223,36,18,1,2,NA,88133
1989,230,38,12,2,1,NA,25511
1989,232,48,12,1,1,2,88133
1989,240,78,10,2,NA,2,3247
1989,244,70,12,1,1,2,15075
1989,256,28,12,1,1,NA,NA
1989,257,29,11,1,1,NA,17394
1989,261,60,13,2,NA,2,41746
1989,265,32,16,2,1,2,88133
1989,276,70,12,2,NA,2,5102
1989,277,62,9,2,1,2,10436
1989,280,42,20,1,1,NA,15075
1989,288,50,14,1,1,2,88133
1989,298,59,16,1,1,NA,25511
1989,305,43,13,1,1,2,19713
1989,313,23,14,1,1,NA,51023
1989,314,47,14,2,NA,2,41746
1989,317,31,14,1,2,NA,51023
1989,321,19,14,1,NA,2,51023
1989,324,56,16,2,1,NA,30150
1989,330,44,19,2,1,NA,30150
1989,333,47,15,1,1,2,88133
1989,335,43,12,2,2,NA,88133
1989,337,28,12,2,NA,2,30150
1989,341,36,19,2,1,NA,41746
1989,343,42,15,2,1,NA,88133
1989,360,31,8,1,1,NA,41746
1989,373,34,20,1,1,2,88133
1989,381,24,12,2,1,NA,34788
1989,382,49,NA,1,1,NA,22032
1989,384,42,9,2,1,NA,88133
1989,387,49,9,2,1,2,22032
1989,396,45,13,1,2,NA,88133
1989,405,32,12,2,1,2,17394
1989,421,68,8,2,1,NA,22032
1989,426,24,13,1,NA,1,NA
1989,427,63,12,1,NA,2,15075
1989,428,33,16,2,1,NA,34788
1989,442,30,13,2,1,2,30150
1989,445,76,14,1,NA,2,22032
1989,446,79,13,2,NA,2,10436
1989,451,47,12,2,1,NA,51023
1989,455,28,14,1,NA,2,41746
1989,462,20,14,2,1,2,NA
1989,470,33,12,2,NA,2,34788
1989,472,19,12,2,NA,2,51023
1989,477,43,13,1,NA,NA,30150
1989,487,29,18,2,1,2,88133
1989,488,27,12,2,1,NA,30150
1989,500,55,16,1,1,2,88133
1989,523,48,12,1,NA,2,88133
1989,526,31,16,1,1,2,41746
1989,530,69,15,1,NA,2,88133
1989,538,22,12,1,1,2,88133
1989,548,70,8,2,1,NA,6030
1989,552,19,11,2,1,2,34788
1989,561,49,12,2,1,NA,NA
1989,566,64,12,1,NA,1,25511
1989,574,33,13,2,NA,2,25511
1989,583,44,16,2,1,NA,88133
1989,589,45,12,2,1,NA,6958
1989,592,46,17,1,1,NA,51023
1989,597,40,14,2,1,2,30150
1989,602,25,12,1,NA,2,34788
1989,604,74,12,1,1,2,15075
1989,608,42,13,2,2,NA,88133
1989,613,75,18,1,NA,2,88133
1989,614,72,10,1,1,NA,12756
1989,629,52,11,1,1,NA,51023
1989,633,46,12,2,NA,2,34788
1989,639,56,18,2,1,NA,88133
1989,648,25,12,2,NA,1,41746
1989,652,31,16,2,1,NA,41746
1989,662,46,15,2,NA,2,NA
1989,663,55,12,1,NA,2,88133
1989,684,51,11,2,NA,1,8349
1989,686,34,16,2,1,2,51023
1989,688,70,15,1,NA,2,30150
1989,690,36,12,2,1,NA,22032
1989,699,42,16,1,1,NA,41746
1989,700,39,12,2,1,NA,30150
1989,703,30,16,2,NA,2,41746
1989,707,25,12,1,1,2,17394
1989,723,45,12,1,NA,2,51023
1989,731,54,20,1,1,1,41746
1989,733,70,16,1,1,2,41746
1989,743,46,12,1,NA,2,NA
1989,745,80,10,2,1,2,10436
1989,746,77,16,2,1,NA,15075
1989,752,76,12,2,1,2,10436
1989,753,76,12,2,1,2,1855
1989,763,31,17,1,NA,2,41746
1989,769,34,13,1,2,2,41746
1989,770,53,7,2,NA,2,22032
1989,772,25,7,2,NA,1,15075
1989,773,74,8,2,NA,2,10436
1989,780,39,14,2,1,2,17394
1989,789,27,11,1,NA,2,25511
1989,793,26,16,1,1,2,30150
1989,795,62,5,1,1,NA,5102
1989,803,47,11,1,2,NA,NA
1989,808,37,10,1,NA,2,12756
1989,814,60,14,2,1,NA,88133
1989,817,36,12,2,1,NA,19713
1989,818,63,12,1,NA,2,25511
1989,820,56,14,1,1,2,25511
1989,822,23,10,2,NA,2,6958
1989,825,65,14,2,2,1,41746
1989,829,22,12,1,NA,2,5102
1989,832,20,12,2,NA,2,10436
1989,835,37,14,1,NA,2,34788
1989,839,87,9,2,1,2,5102
1989,840,24,13,2,1,2,10436
1989,851,40,12,2,1,2,41746
1989,857,81,13,2,1,2,NA
1989,867,31,14,2,1,2,15075
1989,868,19,12,2,NA,2,25511
1989,870,32,17,1,2,NA,51023
1989,873,35,14,2,NA,1,17394
1989,880,21,14,2,1,2,12756
1989,882,27,12,1,NA,2,19713
1989,884,24,12,2,1,NA,25511
1989,886,51,12,1,2,NA,34788
1989,889,61,18,1,2,2,51023
1989,891,66,14,2,NA,2,NA
1989,893,32,12,2,1,NA,30150
1989,894,63,12,2,2,1,25511
1989,895,69,13,1,1,2,88133
1989,906,52,12,2,1,NA,34788
1989,915,49,18,1,1,NA,NA
1989,916,23,12,1,1,NA,88133
1989,922,69,12,2,1,NA,15075
1989,924,34,12,1,NA,1,10436
1989,925,70,10,2,1,NA,4175
1989,931,61,6,1,NA,2,12756
1989,938,68,15,2,NA,1,30150
1989,941,37,16,1,2,2,34788
1989,953,19,7,1,1,1,3247
1989,958,51,14,1,1,2,51023
1989,963,38,12,1,1,NA,34788
1989,971,40,14,1,NA,1,12756
1989,973,70,9,1,NA,2,NA
1989,975,77,12,2,2,2,NA
1989,978,62,14,2,1,1,19713
1989,986,60,17,2,1,NA,51023
1989,989,29,16,1,1,1,25511
1989,991,39,12,1,1,2,30150
1989,994,27,13,1,NA,2,41746
1989,1001,49,18,2,1,NA,88133
1989,1002,23,10,2,NA,2,6958
1989,1007,28,13,2,1,NA,15075
1989,1011,21,14,1,1,NA,88133
1989,1024,43,20,1,1,2,34788
1989,1025,51,14,1,1,NA,51023
1989,1028,55,12,1,1,NA,10436
1989,1034,44,16,2,NA,1,88133
1989,1046,56,20,1,2,1,88133
1989,1047,39,17,1,1,1,19713
1989,1049,21,13,2,1,NA,12756
1989,1050,59,12,2,NA,2,25511
1989,1053,23,12,1,2,NA,88133
1989,1054,32,14,1,1,NA,41746
1989,1056,26,18,2,1,1,8349
1989,1059,26,14,2,1,2,17394
1989,1064,34,14,1,NA,2,34788
1989,1068,89,16,2,NA,2,12756
1989,1081,44,14,2,1,NA,34788
1989,1082,19,12,1,1,2,51023
1989,1083,35,12,2,2,NA,15075
1989,1084,54,17,1,NA,2,41746
1989,1100,39,12,1,1,2,30150
1989,1104,74,6,1,1,2,464
1989,1110,50,12,1,1,2,34788
1989,1111,74,11,1,1,NA,17394
1989,1113,72,12,2,1,2,10436
1989,1123,45,12,2,NA,2,88133
1989,1124,33,12,1,NA,2,17394
1989,1125,33,17,2,NA,1,5102
1989,1126,59,8,2,1,2,10436
1989,1129,21,11,2,NA,1,6030
1989,1131,19,12,2,2,2,12756
1989,1136,80,7,2,1,NA,5102
1989,1139,18,11,2,1,NA,34788
1989,1141,88,11,2,NA,2,51023
1989,1142,44,8,1,1,2,12756
1989,1150,88,13,2,1,NA,22032
1989,1154,33,12,1,NA,1,88133
1989,1155,66,13,1,1,NA,NA
1989,1157,25,12,2,1,2,17394
1989,1159,55,12,1,NA,2,12756
1989,1164,30,9,2,NA,2,34788
1989,1174,55,10,2,1,1,12756
1989,1192,63,13,2,1,2,15075
1989,1193,43,12,2,2,2,30150
1989,1196,37,15,2,2,NA,NA
1989,1210,23,14,2,NA,2,12756
1989,1213,31,13,2,1,NA,15075
1989,1218,78,12,2,NA,NA,8349
1989,1229,53,8,1,2,2,NA
1989,1230,68,12,2,NA,2,88133
1989,1231,41,12,2,1,NA,51023
1989,1232,77,11,2,NA,NA,10436
1989,1234,25,16,2,NA,2,17394
1989,1238,52,12,2,1,2,25511
1989,1247,59,12,2,1,2,30150
1989,1256,67,12,2,1,2,8349
1989,1257,30,16,2,1,2,4175
1989,1282,39,12,2,NA,2,22032
1989,1283,77,11,2,NA,2,NA
1989,1285,55,12,2,NA,2,25511
1989,1288,49,12,2,NA,2,41746
1989,1290,78,8,1,1,NA,10436
1989,1295,75,6,1,NA,2,6958
1989,1299,75,10,2,1,2,8349
1989,1300,66,8,2,1,NA,8349
1989,1301,39,7,1,2,NA,17394
1989,1305,33,20,2,1,2,22032
1989,1311,58,14,1,1,NA,30150
1989,1316,56,18,1,NA,2,NA
1989,1320,50,12,2,1,2,22032
1989,1324,69,11,2,NA,2,4175
1989,1331,29,12,1,1,2,30150
1989,1346,66,12,2,1,2,10436
1989,1358,38,14,2,1,NA,30150
1989,1362,58,9,2,NA,1,NA
1989,1385,27,11,1,2,NA,15075
1989,1386,66,12,1,2,2,8349
1989,1394,31,9,2,2,NA,4175
1989,1404,66,8,1,1,NA,19713
1989,1405,47,11,1,2,1,17394
1989,1420,37,12,1,1,NA,17394
1989,1422,64,8,2,NA,2,10436
1989,1424,27,15,2,NA,2,1855
1989,1425,23,15,1,NA,2,NA
1989,1427,21,15,1,1,2,41746
1989,1433,20,13,1,2,NA,NA
1989,1440,22,15,1,2,NA,88133
1989,1454,30,16,1,1,NA,17394
1989,1461,48,7,2,1,NA,3247
1989,1465,67,7,2,1,NA,6958
1989,1466,65,11,2,1,NA,5102
1989,1471,55,10,1,2,2,22032
1989,1473,24,10,2,NA,2,88133
1989,1478,60,12,2,1,NA,19713
1989,1482,33,15,1,2,1,41746
1989,1484,79,12,1,2,NA,88133
1989,1488,65,12,1,NA,2,19713
1989,1489,57,12,2,1,2,25511
1989,1501,40,12,1,2,1,51023
1989,1506,41,16,1,1,1,88133
1989,1514,37,18,1,1,NA,34788
1989,1517,36,15,2,2,1,19713
1989,1524,68,8,2,2,2,12756
1989,1527,71,8,1,2,NA,4175
1989,1528,40,15,1,2,2,88133
1989,1531,35,14,2,NA,2,41746
1989,1532,35,16,2,1,2,30150
1989,1535,42,20,1,2,2,34788
1989,1537,19,12,2,1,NA,12756
1990,3,25,16,1,2,NA,NA
1990,17,89,14,1,1,2,NA
1990,20,50,16,2,1,2,99988
1990,25,25,15,1,1,2,99988
1990,30,53,14,2,2,2,48790
1990,35,32,11,2,1,1,9980
1990,39,43,16,1,1,NA,24395
1990,56,57,17,1,NA,1,3992
1990,75,32,14,1,1,NA,33266
1990,78,50,18,1,NA,1,16633
1990,80,19,11,2,1,1,NA
1990,83,45,14,1,1,NA,7984
1990,86,56,15,2,NA,2,24395
1990,88,84,8,2,1,2,6653
1990,94,67,13,1,1,NA,21068
1990,96,75,10,1,1,2,NA
1990,100,45,15,1,1,NA,6653
1990,102,64,20,1,NA,2,33266
1990,106,62,16,1,1,2,99988
1990,109,62,20,1,1,1,99988
1990,110,34,14,1,NA,2,39919
1990,112,60,12,2,1,NA,24395
1990,115,42,13,1,1,NA,48790
1990,116,29,15,2,NA,2,39919
1990,124,42,13,2,1,2,99988
1990,135,54,12,2,1,NA,99988
1990,145,58,12,2,1,NA,39919
1990,146,66,10,2,1,NA,28830
1990,147,29,11,1,1,2,48790
1990,158,37,20,2,NA,1,99988
1990,159,24,12,1,1,1,18851
1990,170,72,14,2,1,NA,14415
1990,173,63,13,2,1,NA,NA
1990,178,43,14,1,NA,2,99988
1990,181,24,17,1,NA,1,48790
1990,191,80,5,2,NA,2,9980
1990,192,22,14,1,NA,2,NA
1990,198,22,10,1,1,1,14415
1990,204,57,12,1,NA,2,48790
1990,214,78,19,1,NA,2,48790
1990,216,38,16,1,2,2,33266
1990,222,79,5,1,NA,NA,NA
1990,224,40,15,2,1,NA,16633
1990,232,29,12,2,NA,2,14415
1990,238,54,16,2,1,NA,99988
1990,239,63,19,2,1,NA,48790
1990,246,31,12,1,NA,1,28830
1990,248,22,12,1,1,2,28830
1990,255,30,14,2,NA,2,NA
1990,258,71,16,1,1,NA,21068
1990,262,68,20,2,1,NA,99988
1990,265,42,16,2,1,NA,NA
1990,266,61,16,1,NA,2,NA
1990,268,49,12,1,2,NA,18851
1990,274,75,11,2,1,2,3105
1990,278,31,13,1,NA,1,48790
1990,279,38,13,2,NA,2,14415
1990,281,47,16,2,NA,2,9980
1990,284,64,12,1,1,2,39919
1990,287,65,12,2,2,NA,16633
1990,292,63,12,2,NA,2,9980
1990,293,54,10,2,NA,2,24395
1990,295,36,14,2,NA,2,99988
1990,307,36,18,2,NA,2,NA
1990,311,31,11,2,1,2,16633
1990,314,30,12,2,1,NA,39919
1990,315,23,12,1,1,2,33266
1990,318,78,8,1,1,2,12197
1990,326,30,16,1,2,2,48790
1990,332,29,12,2,NA,NA,NA
1990,357,42,12,2,1,NA,14415
1990,358,71,9,1,1,2,24395
1990,366,35,13,1,NA,2,21068
1990,368,37,14,2,1,2,24395
1990,378,37,12,2,NA,2,48790
1990,382,43,12,2,1,NA,99988
1990,383,28,12,2,1,NA,NA
1990,398,41,15,1,1,2,18851
1990,403,43,14,2,NA,1,NA
1990,407,45,18,1,NA,2,33266
1990,413,22,14,2,1,NA,24395
1990,422,56,16,1,1,NA,24395
1990,425,49,17,2,NA,2,48790
1990,430,27,16,1,NA,2,28830
1990,436,38,12,1,1,NA,24395
1990,437,26,12,2,NA,2,48790
1990,438,22,12,2,1,NA,48790
1990,443,28,11,1,NA,1,28830
1990,444,19,11,2,1,NA,NA
1990,450,67,9,1,NA,2,1774
1990,458,33,16,2,1,2,99988
1990,460,34,14,2,1,2,99988
1990,461,40,18,1,1,NA,99988
1990,464,30,13,1,NA,1,28830
1990,477,67,14,1,NA,2,24395
1990,480,25,12,1,2,NA,21068
1990,484,25,12,2,NA,1,12197
1990,485,24,12,1,NA,1,18851
1990,496,47,16,1,1,NA,99988
1990,501,54,0,1,NA,NA,99988
1990,510,54,12,1,NA,2,39919
1990,514,77,19,1,1,NA,99988
1990,515,65,14,2,NA,2,99988
1990,518,49,8,2,1,2,14415
1990,522,36,13,1,1,2,16633
1990,525,44,12,2,NA,NA,28830
1990,526,68,12,2,NA,2,14415
1990,528,54,12,1,2,2,33266
1990,542,26,15,2,NA,2,28830
1990,548,29,11,1,1,NA,16633
1990,549,50,12,2,NA,1,18851
1990,558,22,14,1,NA,2,33266
1990,568,31,11,1,NA,1,16633
1990,569,36,14,2,1,2,99988
1990,588,22,12,2,1,2,99988
1990,599,24,12,2,NA,2,18851
1990,603,31,15,2,1,NA,14415
1990,604,42,18,1,1,NA,39919
1990,618,25,17,1,1,1,24395
1990,620,20,13,1,1,NA,3105
1990,636,73,11,2,NA,2,12197
1990,638,43,14,1,NA,1,NA
1990,639,64,10,2,1,NA,3992
1990,640,43,11,1,NA,2,5766
1990,658,35,12,2,1,2,39919
1990,659,73,7,2,1,NA,3992
1990,661,62,8,1,NA,2,18851
1990,662,22,12,2,NA,NA,16633
1990,664,38,19,1,NA,2,99988
1990,666,28,16,1,NA,1,33266
1990,671,45,12,1,1,NA,39919
1990,674,31,12,2,1,2,28830
1990,678,25,14,2,1,NA,9980
1990,680,72,16,1,NA,2,9980
1990,681,28,9,1,1,2,24395
1990,688,47,12,2,1,NA,5766
1990,690,26,13,1,NA,NA,33266
1990,696,36,12,1,1,NA,28830
1990,699,57,18,1,1,NA,99988
1990,701,25,11,1,1,NA,21068
1990,702,69,12,2,NA,2,NA
1990,705,72,14,1,1,2,3992
1990,714,34,12,2,1,NA,48790
1990,715,22,12,1,NA,2,6653
1990,727,22,12,2,NA,2,5766
1990,731,46,6,2,1,NA,NA
1990,735,40,12,1,1,NA,16633
1990,738,23,12,1,1,2,3105
1990,748,75,10,1,NA,2,3992
1990,749,76,8,2,1,2,3992
1990,755,19,11,2,1,NA,48790
1990,758,32,9,2,1,2,24395
1990,762,27,12,2,NA,2,7984
1990,769,33,12,1,NA,2,7984
1990,770,34,12,2,1,2,9980
1990,775,25,12,1,NA,1,18851
1990,778,44,9,2,1,2,9980
1990,782,67,14,2,1,2,28830
1990,783,71,15,2,1,2,14415
1990,784,61,15,2,2,NA,21068
1990,788,46,12,2,1,NA,99988
1990,790,49,16,2,NA,2,28830
1990,794,35,12,2,1,NA,99988
1990,801,32,14,1,2,NA,33266
1990,804,34,16,2,NA,2,39919
1990,809,33,12,1,1,2,99988
1990,815,33,12,1,1,NA,16633
1990,825,61,8,1,1,1,99988
1990,835,30,15,1,1,NA,28830
1990,837,55,16,1,1,NA,24395
1990,838,46,14,1,NA,2,99988
1990,848,40,16,2,1,NA,48790
1990,862,35,12,2,NA,1,16633
1990,864,19,11,1,1,NA,14415
1990,870,53,14,1,NA,2,39919
1990,882,82,17,2,NA,2,16633
1990,884,76,12,2,1,NA,28830
1990,888,34,12,2,1,2,99988
1990,898,38,20,1,NA,2,99988
1990,900,46,18,2,NA,1,99988
1990,908,31,12,1,1,2,28830
1990,912,37,16,2,1,2,12197
1990,915,21,12,1,NA,2,12197
1990,916,51,12,2,1,2,39919
1990,924,21,14,2,1,NA,1774
1990,926,23,13,2,NA,2,18851
1990,939,37,20,2,NA,1,5766
1990,948,29,12,1,2,NA,28830
1990,953,34,15,1,2,1,NA
1990,964,35,18,2,1,NA,21068
1990,965,25,11,2,1,1,NA
1990,968,27,17,2,1,2,6653
1990,978,74,12,1,2,NA,12197
1990,979,45,16,1,NA,2,NA
1990,982,47,18,2,1,NA,99988
1990,997,59,12,2,2,2,6653
1990,1000,38,20,1,NA,2,NA
1990,1007,30,12,2,1,2,9980
1990,1013,30,14,2,1,2,5766
1990,1014,33,13,2,NA,2,1774
1990,1016,69,8,2,1,NA,3992
1990,1018,68,12,2,1,NA,7984
1990,1028,40,20,1,1,1,48790
1990,1032,56,13,1,NA,2,3105
1990,1040,59,12,2,2,NA,9980
1990,1042,27,11,2,2,2,7984
1990,1060,34,17,2,NA,1,14415
1990,1069,79,12,1,1,2,4879
1990,1073,39,13,2,1,NA,28830
1990,1079,22,9,2,1,2,9980
1990,1082,81,12,2,1,NA,NA
1990,1083,26,12,1,1,2,18851
1990,1095,69,12,1,1,NA,99988
1990,1102,31,12,2,1,NA,NA
1990,1105,83,8,2,NA,NA,NA
1990,1106,58,12,1,1,NA,24395
1990,1117,43,17,1,1,NA,24395
1990,1124,81,8,2,NA,2,21068
1990,1127,84,7,1,1,NA,12197
1990,1135,19,11,2,1,2,99988
1990,1138,34,16,2,1,2,16633
1990,1148,89,13,2,NA,2,NA
1990,1156,42,11,2,NA,2,9980
1990,1174,74,16,2,1,NA,12197
1990,1179,49,12,1,2,2,28830
1990,1181,27,10,1,1,2,7984
1990,1186,51,12,2,NA,NA,NA
1990,1187,21,12,1,1,NA,9980
1990,1189,42,12,2,NA,2,12197
1990,1191,28,12,1,NA,2,12197
1990,1192,45,12,2,1,2,5766
1990,1193,39,12,2,NA,2,3105
1990,1195,63,8,2,NA,1,28830
1990,1196,23,12,1,NA,2,12197
1990,1200,37,18,1,NA,2,NA
1990,1201,43,13,1,2,NA,48790
1990,1203,38,10,2,2,NA,4879
1990,1210,36,11,2,NA,2,NA
1990,1214,75,14,2,1,NA,9980
1990,1220,61,12,2,2,NA,12197
1990,1221,28,12,2,1,NA,28830
1990,1224,23,12,2,1,2,24395
1990,1236,60,4,1,NA,2,4879
1990,1238,46,12,2,1,2,16633
1990,1243,28,12,1,NA,2,16633
1990,1244,36,11,2,1,NA,24395
1990,1254,65,8,1,NA,2,12197
1990,1260,43,12,2,1,2,99988
1990,1271,34,9,2,NA,2,3105
1990,1278,67,9,2,1,2,NA
1990,1279,46,12,2,1,NA,33266
1990,1291,22,15,1,1,NA,1774
1990,1297,41,13,1,1,2,39919
1990,1300,19,11,1,1,2,18851
1990,1304,32,10,1,1,NA,39919
1990,1305,40,8,1,1,NA,9980
1990,1307,43,8,2,1,2,7984
1990,1308,64,4,1,NA,2,9980
1990,1312,44,15,1,1,NA,39919
1990,1313,34,12,2,1,2,16633
1990,1316,39,11,2,NA,2,28830
1990,1326,29,15,2,1,2,24395
1990,1328,38,12,1,2,NA,12197
1990,1335,22,12,2,NA,1,7984
1990,1340,57,20,1,NA,1,48790
1990,1341,72,16,1,2,1,NA
1990,1342,61,12,1,NA,2,99988
1990,1345,37,13,2,1,NA,24395
1990,1349,28,20,2,1,1,99988
1990,1352,30,12,2,NA,1,18851
1990,1355,70,13,1,2,2,18851
1990,1360,39,12,1,1,1,39919
1990,1363,59,9,1,1,NA,NA
1990,1368,24,12,2,NA,1,NA
1991,4,26,20,2,1,1,NA
1991,10,64,14,2,1,NA,90265
1991,15,33,12,2,1,NA,22980
1991,16,59,12,2,1,NA,NA
1991,33,49,13,1,NA,2,NA
1991,41,37,15,2,1,NA,90265
1991,43,30,16,2,1,NA,11490
1991,45,65,13,2,1,1,11490
1991,54,35,16,1,1,NA,31336
1991,55,43,20,1,1,1,56405
1991,62,33,13,1,1,NA,4596
1991,68,34,11,2,1,NA,15668
1991,70,71,11,2,NA,2,7521
1991,71,37,12,2,NA,2,13579
1991,73,61,12,1,1,NA,13579
1991,74,50,14,2,NA,2,13579
1991,75,49,4,1,1,1,22980
1991,84,25,16,1,1,1,27158
1991,94,44,15,1,1,2,11490
1991,95,37,13,2,1,2,31336
1991,102,71,8,2,NA,2,15668
1991,104,68,12,2,1,NA,NA
1991,105,33,10,1,1,NA,37603
1991,107,71,12,1,1,NA,13579
1991,111,43,13,1,1,NA,90265
1991,113,31,13,1,1,2,27158
1991,123,29,16,2,1,NA,56405
1991,126,32,19,2,1,NA,56405
1991,130,46,19,2,NA,2,45959
1991,143,27,17,2,1,NA,31336
1991,152,27,12,1,1,2,NA
1991,153,24,12,1,1,2,19846
1991,154,64,14,1,NA,2,22980
1991,159,75,12,1,NA,2,NA
1991,162,22,10,2,NA,2,3760
1991,167,38,19,1,NA,1,56405
1991,169,70,11,2,1,2,9401
1991,171,41,15,1,1,NA,15668
1991,172,69,12,2,1,2,11490
1991,176,70,12,1,1,2,17757
1991,183,54,16,2,1,NA,NA
1991,184,22,11,2,NA,2,22980
1991,186,28,16,2,1,1,17757
1991,193,39,12,2,1,1,27158
1991,194,34,9,2,1,NA,37603
1991,200,21,14,2,1,2,13579
1991,201,21,14,2,1,2,4596
1991,207,74,16,1,1,2,37603
1991,209,50,18,2,1,NA,90265
1991,215,37,20,1,1,NA,22980
1991,216,29,17,2,1,1,45959
1991,218,28,16,1,NA,2,19846
1991,221,33,16,2,NA,2,17757
1991,233,49,12,1,NA,1,13579
1991,234,35,13,2,1,2,11490
1991,236,36,18,1,1,1,56405
1991,239,51,10,2,1,2,NA
1991,242,24,12,1,NA,2,418
1991,243,20,12,2,1,2,9401
1991,247,41,10,1,NA,2,19846
1991,249,70,12,1,1,NA,22980
1991,252,43,8,1,1,2,7521
1991,255,29,11,2,1,2,13579
1991,267,46,9,2,NA,2,90265
1991,268,49,14,2,1,NA,13579
1991,283,70,12,1,1,2,13579
1991,286,61,15,2,NA,1,17757
1991,290,67,12,1,1,NA,31336
1991,303,71,8,2,1,NA,NA
1991,304,29,16,1,2,2,27158
1991,305,26,13,2,1,NA,15668
1991,306,23,16,2,NA,2,13579
1991,307,21,14,2,1,2,9401
1991,329,53,12,1,1,NA,37603
1991,342,41,16,2,NA,2,22980
1991,343,59,15,1,1,2,56405
1991,352,36,12,2,2,2,22980
1991,353,39,16,2,1,NA,90265
1991,355,60,16,1,1,NA,56405
1991,357,43,16,2,1,2,90265
1991,362,50,16,1,1,2,22980
1991,364,76,12,1,NA,2,37603
1991,371,69,12,2,1,NA,13579
1991,372,72,18,2,NA,1,11490
1991,379,28,12,2,1,NA,19846
1991,386,68,12,1,1,NA,NA
1991,390,36,12,2,NA,2,17757
1991,393,45,16,2,NA,NA,NA
1991,406,37,13,1,2,NA,27158
1991,408,23,16,1,NA,2,31336
1991,415,35,12,2,NA,2,13579
1991,425,31,12,2,1,NA,11490
1991,430,34,10,2,1,1,37603
1991,433,68,16,1,NA,2,90265
1991,434,44,16,2,1,1,56405
1991,439,37,12,2,NA,2,11490
1991,445,49,15,2,1,NA,45959
1991,447,44,18,2,NA,2,90265
1991,453,25,15,1,1,NA,31336
1991,458,36,12,2,NA,2,45959
1991,464,55,9,2,1,2,45959
1991,465,62,12,2,1,NA,56405
1991,466,72,12,2,NA,2,NA
1991,467,26,12,1,1,2,31336
1991,474,47,10,1,1,NA,37603
1991,479,60,12,2,1,NA,37603
1991,484,44,8,1,NA,2,37603
1991,485,42,16,2,1,1,45959
1991,487,67,17,1,NA,1,90265
1991,489,41,16,2,1,NA,56405
1991,497,29,12,1,NA,2,45959
1991,501,49,12,2,2,NA,45959
1991,502,23,12,1,NA,2,19846
1991,508,65,12,1,1,2,27158
1991,514,76,10,2,1,1,22980
1991,525,39,12,2,1,2,17757
1991,532,20,10,1,2,NA,19846
1991,545,31,12,1,NA,2,27158
1991,557,73,12,2,1,NA,4596
1991,559,54,12,2,1,2,11490
1991,561,74,18,1,2,NA,90265
1991,563,48,12,1,1,NA,56405
1991,565,37,9,2,1,1,31336
1991,572,48,12,2,1,2,19846
1991,573,81,12,1,1,NA,NA
1991,588,32,12,2,NA,2,31336
1991,589,32,12,1,1,2,37603
1991,594,50,14,1,NA,2,45959
1991,600,31,9,1,1,2,27158
1991,602,30,12,1,1,2,31336
1991,616,45,12,2,NA,2,27158
1991,617,61,8,1,2,2,19846
1991,619,38,12,2,NA,2,9401
1991,621,81,5,2,2,NA,NA
1991,622,74,8,1,NA,1,9401
1991,624,39,12,2,1,NA,22980
1991,639,30,13,2,1,2,17757
1991,644,47,12,2,2,2,37603
1991,645,32,18,2,NA,2,11490
1991,648,29,12,2,1,1,15668
1991,653,38,14,1,NA,2,45959
1991,664,67,12,2,NA,2,22980
1991,668,38,12,2,1,2,11490
1991,674,37,13,2,2,NA,11490
1991,676,47,16,1,1,1,90265
1991,677,40,16,1,NA,2,37603
1991,678,67,10,1,NA,1,NA
1991,684,70,17,1,1,NA,22980
1991,687,58,10,1,2,NA,7521
1991,688,72,4,2,NA,2,3760
1991,693,72,5,2,1,NA,2925
1991,695,34,4,1,NA,2,9401
1991,697,58,11,2,NA,2,19846
1991,708,41,12,1,NA,2,13579
1991,710,23,16,1,1,2,90265
1991,713,58,8,1,1,2,37603
1991,714,20,12,2,NA,2,2925
1991,716,48,14,2,1,NA,4596
1991,718,55,18,1,1,2,56405
1991,733,47,11,1,1,NA,11490
1991,734,31,12,2,1,2,37603
1991,743,26,10,2,NA,2,19846
1991,745,39,16,1,2,NA,27158
1991,750,37,16,2,1,2,31336
1991,751,47,14,2,1,NA,56405
1991,752,38,12,2,NA,2,56405
1991,766,26,13,2,1,NA,NA
1991,770,84,8,2,1,2,5432
1991,772,62,8,1,2,NA,37603
1991,775,19,12,2,2,2,37603
1991,784,73,19,1,1,2,56405
1991,789,46,16,1,2,NA,31336
1991,800,31,14,2,NA,2,37603
1991,808,55,10,1,NA,2,NA
1991,818,21,15,2,2,NA,3760
1991,819,65,7,2,NA,2,7521
1991,821,53,3,2,2,NA,9401
1991,824,43,9,2,1,NA,4596
1991,833,44,10,2,NA,2,22980
1991,838,82,10,2,2,1,3760
1991,850,71,12,1,NA,2,27158
1991,853,27,13,1,1,2,22980
1991,863,54,13,2,1,2,31336
1991,864,31,10,1,1,NA,15668
1991,869,71,14,2,NA,2,17757
1991,873,30,14,2,1,2,22980
1991,887,68,12,2,1,NA,418
1991,895,44,13,1,NA,2,31336
1991,898,39,16,1,NA,2,56405
1991,905,38,14,1,1,1,45959
1991,906,67,10,2,1,NA,22980
1991,919,76,12,2,1,NA,NA
1991,924,54,10,1,1,2,22980
1991,926,52,14,1,1,2,45959
1991,936,37,16,1,2,NA,27158
1991,938,74,9,1,NA,2,11490
1991,948,33,14,1,2,1,15668
1991,957,45,16,2,NA,2,11490
1991,958,40,14,1,2,NA,22980
1991,965,41,12,2,NA,NA,NA
1991,970,23,13,1,NA,1,2925
1991,972,68,11,2,NA,1,NA
1991,979,85,10,1,1,NA,9401
1991,987,80,16,2,1,2,11490
1991,988,69,12,2,1,NA,13579
1991,993,26,18,2,1,NA,22980
1991,995,68,13,2,1,1,11490
1991,997,73,14,2,1,2,6267
1991,998,66,18,1,1,2,22980
1991,1003,36,16,1,1,NA,45959
1991,1024,35,20,1,1,NA,90265
1991,1025,54,14,1,NA,1,56405
1991,1029,19,12,2,1,NA,2925
1991,1033,23,16,1,NA,2,2925
1991,1040,28,14,2,NA,2,9401
1991,1042,35,12,2,1,2,22980
1991,1046,43,13,1,1,2,19846
1991,1050,44,16,1,NA,NA,17757
1991,1055,20,12,2,2,2,22980
1991,1066,41,14,1,2,NA,31336
1991,1069,61,12,1,NA,2,NA
1991,1078,77,12,2,1,NA,19846
1991,1087,48,12,1,NA,2,56405
1991,1088,53,19,1,1,2,56405
1991,1095,21,15,2,NA,2,7521
1991,1097,27,17,2,1,NA,17757
1991,1104,63,16,1,1,NA,90265
1991,1105,NA,NA,2,NA,NA,NA
1991,1108,29,15,2,1,2,22980
1991,1117,42,12,2,1,2,19846
1991,1123,54,12,2,1,2,17757
1991,1124,31,13,2,1,NA,37603
1991,1136,63,9,2,2,2,15668
1991,1145,36,11,2,1,NA,37603
1991,1147,30,15,1,1,2,NA
1991,1148,28,16,2,1,2,37603
1991,1149,72,6,2,1,NA,5432
1991,1150,26,14,2,NA,2,27158
1991,1164,51,11,1,2,NA,45959
1991,1167,27,12,2,1,NA,17757
1991,1169,38,16,2,1,1,19846
1991,1171,52,13,2,NA,2,45959
1991,1172,52,11,1,2,NA,19846
1991,1182,68,7,2,NA,NA,NA
1991,1196,54,18,1,1,NA,13579
1991,1198,53,9,1,1,2,NA
1991,1199,27,14,1,1,1,9401
1991,1202,20,12,1,1,2,37603
1991,1203,87,14,2,1,NA,11490
1991,1214,32,18,2,NA,2,19846
1991,1215,51,12,1,1,2,31336
1991,1223,56,8,1,1,2,17757
1991,1231,66,12,2,1,2,11490
1991,1241,77,8,1,NA,NA,9401
1991,1242,21,12,1,NA,2,NA
1991,1256,24,13,2,NA,2,37603
1991,1268,45,12,2,NA,2,22980
1991,1271,36,14,1,NA,1,37603
1991,1275,71,8,1,1,2,17757
1991,1288,52,13,2,1,NA,7521
1991,1297,50,16,2,1,NA,45959
1991,1299,49,17,1,NA,1,17757
1991,1301,74,12,2,NA,2,NA
1991,1308,28,12,1,1,NA,15668
1991,1312,22,12,1,1,NA,7521
1991,1318,58,15,2,1,NA,17757
1991,1328,36,14,1,NA,2,15668
1991,1333,33,14,2,1,2,NA
1991,1339,73,8,1,2,2,13579
1991,1344,67,12,2,1,NA,27158
1991,1353,32,12,1,1,NA,19846
1991,1357,48,10,2,NA,2,17757
1991,1360,77,10,2,1,NA,13579
1991,1366,61,6,2,NA,2,9401
1991,1367,22,12,1,NA,2,31336
1991,1368,33,12,2,2,NA,31336
1991,1371,75,12,1,NA,2,19846
1991,1372,67,11,1,2,2,13579
1991,1388,43,11,2,NA,2,5432
1991,1389,78,8,2,1,NA,4596
1991,1390,48,16,1,1,NA,90265
1991,1393,44,11,1,NA,2,15668
1991,1396,27,11,2,2,2,9401
1991,1398,38,6,1,NA,1,1671
1991,1402,32,12,2,NA,2,15668
1991,1409,57,12,2,NA,2,15668
1991,1413,64,13,2,NA,2,NA
1991,1414,45,7,1,1,NA,15668
1991,1419,22,15,1,1,NA,3760
1991,1421,21,14,1,1,2,2925
1991,1436,22,15,2,1,1,418
1991,1454,58,NA,1,NA,2,9401
1991,1460,32,16,2,NA,2,37603
1991,1468,31,12,2,2,2,37603
1991,1470,71,6,2,NA,2,5432
1991,1471,81,11,2,1,NA,4596
1991,1474,41,10,2,NA,2,3760
1991,1476,61,3,1,1,NA,9401
1991,1482,82,12,2,2,NA,NA
1991,1491,35,11,2,NA,2,37603
1991,1496,31,14,2,NA,1,56405
1991,1506,33,12,1,NA,2,90265
1991,1511,48,10,1,2,NA,4596
1993,9,31,18,1,1,NA,103880
1993,15,33,10,2,1,NA,8843
1993,20,34,16,1,NA,1,103880
1993,31,29,16,1,1,2,43230
1993,33,40,16,2,2,2,25545
1993,34,26,11,2,NA,NA,25545
1993,37,20,12,2,1,NA,7074
1993,47,28,18,1,1,NA,29475
1993,48,34,18,2,1,1,35370
1993,51,48,16,1,2,1,43230
1993,54,20,13,1,1,2,43230
1993,62,19,11,2,1,NA,393
1993,63,37,12,2,NA,1,43230
1993,64,48,16,2,1,2,103880
1993,66,45,14,1,1,2,103880
1993,68,23,16,2,1,NA,103880
1993,78,41,12,1,NA,2,29475
1993,79,41,12,2,1,NA,7074
1993,92,62,12,2,1,2,29475
1993,99,18,11,1,1,1,35370
1993,108,43,12,1,2,1,53055
1993,109,28,16,1,NA,2,43230
1993,117,72,16,1,NA,1,103880
1993,123,71,7,2,1,NA,5895
1993,125,30,16,1,1,2,53055
1993,130,62,12,2,NA,1,35370
1993,142,50,13,2,NA,2,35370
1993,152,32,12,1,NA,1,NA
1993,154,66,16,1,NA,2,103880
1993,155,33,16,2,NA,2,35370
1993,159,55,20,1,1,2,103880
1993,161,34,16,1,1,2,7074
1993,162,43,17,2,1,2,12773
1993,164,48,16,1,1,1,103880
1993,171,38,12,1,1,NA,53055
1993,179,70,15,1,1,NA,43230
1993,182,35,12,2,1,NA,16703
1993,188,76,14,2,NA,NA,NA
1993,190,45,12,2,1,NA,29475
1993,192,71,12,1,NA,2,25545
1993,196,80,12,2,1,NA,14738
1993,203,66,20,1,NA,2,53055
1993,204,69,16,1,NA,2,29475
1993,213,59,13,2,1,NA,53055
1993,214,39,17,1,1,2,103880
1993,219,53,18,1,1,2,53055
1993,220,41,13,2,1,NA,53055
1993,226,71,6,2,1,NA,8843
1993,241,34,16,1,1,NA,NA
1993,247,41,17,2,NA,2,29475
1993,248,27,14,2,1,NA,25545
1993,250,50,14,1,NA,2,103880
1993,257,20,12,2,NA,2,29475
1993,261,43,15,2,NA,1,103880
1993,264,47,14,2,1,2,35370
1993,273,22,15,2,NA,2,10808
1993,289,25,18,2,NA,2,NA
1993,291,45,12,1,1,2,35370
1993,293,44,12,1,NA,1,21615
1993,298,75,12,1,NA,2,10808
1993,299,71,16,1,NA,2,7074
1993,303,36,14,2,1,NA,29475
1993,312,68,13,2,1,1,8843
1993,317,41,14,1,1,NA,NA
1993,322,41,16,2,1,2,25545
1993,323,19,11,2,1,2,16703
1993,335,26,12,1,2,NA,12773
1993,349,33,12,1,NA,2,53055
1993,355,32,13,2,1,NA,35370
1993,361,43,10,1,NA,2,103880
1993,364,32,12,1,NA,1,43230
1993,369,71,16,2,2,2,16703
1993,371,25,12,1,1,NA,16703
1993,373,66,14,2,2,2,21615
1993,381,19,11,2,1,NA,43230
1993,382,58,14,2,1,NA,25545
1993,383,59,16,2,NA,2,43230
1993,384,19,11,2,NA,2,10808
1993,388,35,11,1,1,2,21615
1993,389,44,12,2,1,NA,28570.648500000003
1993,392,38,14,2,1,2,25545
1993,400,36,16,1,1,NA,NA
1993,405,40,12,2,1,2,16703
1993,406,68,13,1,NA,2,28570.648500000003
1993,407,19,8,2,2,NA,393
1993,411,63,14,2,NA,2,14738
1993,413,38,12,2,NA,1,25545
1993,415,49,16,1,1,NA,5109
1993,419,69,12,2,2,2,12773
1993,433,41,12,2,1,NA,16703
1993,434,36,19,1,1,1,29475
1993,437,47,14,2,2,1,43230
1993,438,21,13,2,1,NA,43230
1993,439,59,12,2,2,2,25545
1993,441,23,11,2,1,NA,NA
1993,451,88,12,1,1,NA,25545
1993,462,75,12,2,1,NA,8843
1993,463,72,10,2,1,2,3537
1993,468,64,12,2,NA,2,16703
1993,473,46,12,2,NA,2,8843
1993,483,32,18,2,2,2,14738
1993,489,82,14,1,NA,2,16703
1993,491,51,16,1,NA,1,103880
1993,496,33,NA,1,1,NA,12773
1993,500,50,12,2,1,2,2751
1993,502,81,13,2,1,NA,25545
1993,504,63,17,1,1,NA,103880
1993,516,66,10,1,1,NA,43230
1993,524,36,13,1,NA,2,12773
1993,531,46,14,2,1,1,53055
1993,532,42,20,1,NA,1,25545
1993,535,46,14,1,1,NA,25545
1993,555,49,15,1,NA,2,103880
1993,558,89,16,2,NA,2,5109
1993,563,53,12,2,1,2,3537
1993,568,74,11,2,NA,2,12773
1993,569,89,12,1,NA,2,10808
1993,575,58,13,2,1,2,12773
1993,578,24,12,1,NA,NA,25545
1993,594,47,12,1,NA,1,12773
1993,596,82,12,1,1,2,16703
1993,597,87,13,1,2,2,NA
1993,600,35,12,2,1,2,35370
1993,603,37,14,1,1,NA,53055
1993,604,24,14,2,1,2,14738
1993,612,73,12,1,1,NA,8843
1993,617,74,12,2,NA,2,3537
1993,620,33,11,1,NA,2,4323
1993,639,62,12,1,1,2,8843
1993,642,35,14,2,NA,NA,NA
1993,654,39,12,2,NA,2,35370
1993,663,29,12,1,NA,2,10808
1993,677,21,14,2,2,2,28570.648500000003
1993,686,73,8,2,1,2,10808
1993,697,79,16,1,2,2,16703
1993,700,85,2,1,1,2,10808
1993,702,26,13,1,NA,2,28570.648500000003
1993,703,42,14,1,NA,2,35370
1993,706,68,8,1,NA,1,25545
1993,709,81,4,1,1,NA,5109
1993,710,65,13,2,1,2,NA
1993,715,28,10,2,NA,2,7074
1993,734,37,13,2,2,2,8843
1993,746,81,10,2,1,2,5109
1993,752,75,0,2,1,NA,1572
1993,755,46,14,1,1,NA,28570.648500000003
1993,756,35,17,2,NA,2,53055
1993,759,25,12,2,1,NA,5109
1993,761,47,7,1,1,NA,28570.648500000003
1993,764,81,4,2,NA,2,4323
1993,768,48,13,2,NA,2,29475
1993,769,46,16,2,1,NA,14738
1993,774,76,7,2,NA,2,5895
1993,778,69,13,2,NA,1,43230
1993,782,35,16,1,NA,2,103880
1993,789,52,13,2,2,2,35370
1993,792,38,14,1,2,2,29475
1993,795,35,16,1,NA,2,29475
1993,797,78,7,2,2,NA,4323
1993,799,29,10,2,1,2,8843
1993,801,66,15,2,1,2,21615
1993,803,37,18,2,NA,2,28570.648500000003
1993,808,75,5,2,1,NA,3537
1993,814,43,18,1,NA,1,103880
1993,819,52,6,2,NA,1,5895
1993,834,60,16,2,1,NA,103880
1993,837,51,10,1,1,NA,25545
1993,841,27,20,1,1,NA,25545
1993,845,33,12,2,NA,NA,4323
1993,848,31,16,2,1,NA,103880
1993,849,35,20,1,2,NA,103880
1993,858,19,11,2,1,2,103880
1993,863,41,15,2,1,NA,103880
1993,869,55,16,2,1,2,21615
1993,870,47,11,2,NA,1,35370
1993,874,32,14,1,NA,NA,103880
1993,876,28,17,2,1,2,53055
1993,884,46,14,2,1,1,43230
1993,892,36,12,2,2,NA,21615
1993,893,68,12,2,1,NA,16703
1993,894,47,12,2,NA,2,43230
1993,908,51,14,2,1,NA,25545
1993,911,29,14,1,1,NA,NA
1993,914,40,12,2,2,2,29475
1993,915,38,13,2,1,2,12773
1993,920,29,12,2,NA,1,5895
1993,921,26,15,2,NA,2,8843
1993,923,60,12,1,NA,2,21615
1993,936,71,14,2,1,2,21615
1993,937,57,16,2,1,NA,43230
1993,950,39,16,2,1,NA,103880
1993,952,35,17,1,1,1,25545
1993,953,68,12,2,1,2,53055
1993,955,56,10,2,1,NA,21615
1993,957,65,11,1,1,2,3537
1993,966,59,12,2,NA,1,25545
1993,979,29,18,1,2,NA,53055
1993,982,28,13,2,1,NA,21615
1993,983,70,13,2,1,NA,10808
1993,984,36,14,1,1,NA,103880
1993,985,42,18,2,1,1,103880
1993,986,31,16,2,NA,2,21615
1993,987,50,16,2,1,1,16703
1993,989,29,12,2,NA,2,25545
1993,1011,43,16,2,NA,2,103880
1993,1018,30,16,2,1,2,103880
1993,1020,32,11,1,2,NA,10808
1993,1022,67,11,2,NA,NA,NA
1993,1024,75,12,2,1,NA,10808
1993,1026,27,16,2,1,2,43230
1993,1038,42,14,1,NA,2,43230
1993,1047,74,14,1,2,1,NA
1993,1054,26,12,2,NA,NA,NA
1993,1059,45,16,2,1,1,103880
1993,1063,23,14,2,NA,2,10808
1993,1076,35,14,1,NA,1,21615
1993,1091,29,12,2,1,2,25545
1993,1098,20,12,2,NA,2,5895
1993,1102,45,10,2,1,2,10808
1993,1106,21,12,2,NA,2,28570.648500000003
1993,1107,28,16,2,NA,2,53055
1993,1119,77,12,2,NA,2,14738
1993,1123,39,12,1,2,1,29475
1993,1124,60,12,1,1,NA,10808
1993,1134,26,12,2,NA,2,16703
1993,1145,78,8,1,1,NA,21615
1993,1150,42,12,1,1,NA,29475
1993,1155,61,4,1,NA,2,3537
1993,1156,23,12,1,NA,1,4323
1993,1160,69,11,2,NA,2,12773
1993,1165,54,16,2,NA,2,NA
1993,1168,67,16,2,1,2,103880
1993,1176,78,12,2,NA,2,12773
1993,1181,55,12,2,NA,2,43230
1993,1185,49,12,2,1,2,21615
1993,1193,25,14,2,NA,2,14738
1993,1195,31,12,2,1,NA,16703
1993,1209,36,17,1,1,NA,43230
1993,1210,65,14,1,2,NA,14738
1993,1211,59,16,1,NA,2,103880
1993,1223,39,12,2,1,NA,35370
1993,1228,80,10,2,2,NA,12773
1993,1231,67,16,2,NA,2,NA
1993,1233,40,12,2,1,2,16703
1993,1238,46,14,1,2,NA,43230
1993,1240,29,16,2,1,NA,21615
1993,1242,72,7,1,1,NA,14738
1993,1246,25,13,1,NA,1,16703
1993,1254,32,9,2,1,2,16703
1993,1259,26,12,1,1,2,25545
1993,1260,28,12,2,1,NA,16703
1993,1268,35,13,2,2,2,8843
1993,1279,43,NA,2,NA,2,2751
1993,1289,34,14,1,NA,2,25545
1993,1293,69,18,1,1,NA,29475
1993,1294,65,12,1,NA,2,NA
1993,1305,58,14,1,1,1,14738
1993,1307,35,8,2,NA,2,3537
1993,1308,60,6,2,NA,1,3537
1993,1309,33,10,1,2,NA,29475
1993,1311,82,12,1,2,2,8843
1993,1312,29,16,1,1,2,4323
1993,1313,41,15,2,1,2,NA
1993,1338,40,12,2,1,2,14738
1993,1344,32,12,2,NA,1,NA
1993,1345,64,16,2,1,2,25545
1993,1348,63,16,2,NA,1,29475
1993,1355,40,15,1,2,NA,NA
1993,1360,30,12,1,1,NA,10808
1993,1366,29,12,2,1,2,35370
1993,1369,35,18,2,NA,2,29475
1993,1371,23,16,1,2,NA,7074
1993,1374,39,13,2,2,NA,43230
1993,1380,63,12,1,NA,2,10808
1993,1384,42,18,2,1,NA,43230
1993,1395,21,13,1,1,NA,21615
1993,1398,58,12,2,1,NA,2751
1993,1402,27,13,1,1,2,35370
1993,1406,36,12,2,NA,2,43230
1993,1409,66,18,1,NA,1,53055
1993,1411,53,14,1,1,1,103880
1993,1413,42,16,1,1,NA,43230
1993,1430,38,12,1,1,2,29475
1993,1433,28,15,2,2,NA,12773
1993,1434,74,8,1,1,2,12773
1993,1439,24,15,1,NA,2,21615
1993,1444,46,12,2,1,1,25545
1993,1445,36,10,1,NA,2,35370
1993,1450,67,7,2,NA,2,393
1993,1456,38,14,2,1,NA,43230
1993,1459,32,18,2,1,NA,43230
1993,1464,44,16,2,1,2,4323
1993,1477,72,8,1,NA,2,16703
1993,1484,73,12,2,1,2,NA
1993,1489,19,12,1,2,2,3537
1993,1501,40,12,2,NA,2,12773
1993,1502,38,10,1,2,NA,14738
1993,1509,62,8,1,1,NA,10808
1993,1511,20,12,1,NA,2,21615
1993,1516,76,7,1,NA,2,NA
1993,1518,70,8,1,NA,2,3537
1993,1521,37,12,2,2,1,393
1993,1525,60,10,2,1,NA,393
1993,1528,30,11,1,1,2,12773
1993,1530,44,18,1,1,2,53055
1993,1537,30,11,2,NA,2,28570.648500000003
1993,1543,61,12,1,1,NA,43230
1993,1546,23,16,2,1,NA,5109
1993,1547,23,15,1,1,NA,43230
1993,1548,37,16,1,1,1,53055
1993,1549,47,12,1,1,2,53055
1993,1553,69,12,2,NA,2,3537
1993,1562,37,10,1,1,NA,5895
1993,1566,30,12,2,NA,NA,10808
1993,1570,82,6,1,NA,2,5895
1993,1573,58,18,1,2,NA,53055
1993,1584,86,12,1,NA,2,NA
1993,1593,86,12,2,NA,2,NA
1993,1596,38,15,2,NA,2,53055
1993,1599,29,13,2,NA,2,103880
1993,1602,28,16,1,1,2,53055
1994,5,21,13,2,NA,1,10505
1994,8,25,12,1,NA,2,8595
1994,14,56,16,1,1,2,100963.26468
1994,15,36,18,1,1,NA,34380
1994,16,25,16,2,1,NA,21010
1994,17,52,18,2,NA,1,100963.26468
1994,27,58,12,2,NA,2,4202
1994,28,44,8,2,NA,NA,2674
1994,30,36,17,2,1,NA,NA
1994,42,27,18,2,NA,2,51570
1994,53,73,12,1,1,NA,NA
1994,54,34,14,2,1,NA,100963.26468
1994,60,45,9,1,2,NA,42020
1994,67,44,12,2,NA,2,NA
1994,68,28,16,2,1,NA,NA
1994,71,26,10,2,1,NA,4966
1994,85,34,16,1,NA,2,51570
1994,88,74,12,1,NA,2,100963.26468
1994,95,63,20,2,NA,NA,100963.26468
1994,98,43,12,2,NA,NA,42020
1994,129,36,12,2,1,NA,42020
1994,130,40,13,2,1,2,42020
1994,133,47,12,1,1,2,24830
1994,141,40,12,2,NA,2,24830
1994,147,46,20,2,1,NA,100963.26468
1994,156,29,16,1,1,NA,21010
1994,158,50,12,1,NA,2,100963.26468
1994,160,44,16,2,NA,2,51570
1994,161,36,16,1,1,NA,NA
1994,163,42,17,2,1,NA,NA
1994,166,50,16,2,1,NA,NA
1994,178,71,12,2,NA,2,24830
1994,182,73,17,2,NA,2,28650
1994,184,57,16,2,1,NA,100963.26468
1994,193,41,16,1,1,NA,34380
1994,201,28,13,2,NA,1,24830
1994,202,37,12,1,NA,1,100963.26468
1994,211,74,13,2,NA,1,NA
1994,214,80,16,1,1,1,27881.912999999997
1994,222,45,15,1,NA,2,21010
1994,244,40,12,2,1,NA,2674
1994,245,45,16,2,NA,2,34380
1994,247,43,14,2,1,NA,100963.26468
1994,250,35,13,2,1,NA,100963.26468
1994,270,NA,13,2,1,2,24830
1994,283,66,12,2,1,NA,24830
1994,290,20,11,1,1,NA,51570
1994,292,59,14,1,1,NA,28650
1994,298,37,11,1,NA,1,10505
1994,299,75,12,1,1,2,21010
1994,307,28,14,1,NA,1,34380
1994,310,20,12,1,2,1,NA
1994,313,34,18,1,1,2,51570
1994,315,33,16,2,2,NA,28650
1994,316,30,12,2,NA,2,51570
1994,319,37,14,1,NA,NA,NA
1994,321,58,13,2,1,2,16235
1994,322,85,12,2,1,NA,21010
1994,326,42,15,2,NA,2,28650
1994,328,40,14,1,1,2,42020
1994,331,76,12,2,NA,2,21010
1994,337,34,12,2,NA,1,NA
1994,342,61,12,1,1,2,42020
1994,359,28,18,2,NA,2,100963.26468
1994,365,27,16,2,1,NA,21010
1994,367,33,15,2,NA,2,28650
1994,377,36,15,1,2,1,42020
1994,383,68,12,2,1,NA,NA
1994,387,28,16,2,NA,2,34380
1994,396,29,16,2,1,2,34380
1994,409,51,12,1,1,1,34380
1994,411,42,16,2,1,NA,21010
1994,414,34,16,2,1,1,34380
1994,424,20,11,2,NA,1,382
1994,431,68,15,2,NA,1,51570
1994,435,52,16,1,2,NA,100963.26468
1994,442,32,12,2,1,NA,4202
1994,444,60,14,1,1,NA,12415
1994,450,42,12,1,NA,1,8595
1994,453,68,8,1,1,NA,6876
1994,470,60,12,1,1,NA,28650
1994,484,33,12,1,NA,2,21010
1994,494,43,9,2,1,2,6876
1994,499,63,19,2,NA,2,14325
1994,503,41,12,2,1,NA,16235
1994,504,40,11,1,1,NA,21010
1994,507,35,12,2,NA,2,8595
1994,509,38,14,2,NA,1,51570
1994,512,46,12,1,1,2,34380
1994,527,61,12,2,1,NA,NA
1994,530,60,12,2,1,NA,27881.912999999997
1994,535,48,16,1,NA,2,100963.26468
1994,536,59,16,1,1,2,100963.26468
1994,546,68,12,2,NA,2,4202
1994,550,74,8,2,1,2,4202
1994,552,67,10,2,1,1,24830
1994,553,31,13,2,NA,2,10505
1994,554,44,12,2,NA,2,4202
1994,561,34,12,1,2,2,42020
1994,571,74,12,1,NA,2,16235
1994,584,38,13,1,1,2,42020
1994,585,31,17,1,1,NA,51570
1994,586,44,13,2,1,NA,24830
1994,595,42,16,2,NA,2,51570
1994,598,44,12,2,1,NA,28650
1994,602,40,16,2,NA,2,12415
1994,603,69,15,2,1,2,21010
1994,614,61,12,1,2,NA,12415
1994,615,53,12,1,1,2,28650
1994,618,50,12,2,NA,2,27881.912999999997
1994,627,20,11,1,2,1,1528
1994,635,32,12,1,2,2,24830
1994,636,38,11,2,1,2,12415
1994,645,43,13,2,1,NA,34380
1994,655,41,12,2,1,2,10505
1994,658,23,14,1,NA,2,34380
1994,671,28,15,2,1,2,34380
1994,676,34,19,1,NA,2,100963.26468
1994,679,44,14,2,1,NA,34380
1994,684,37,18,2,NA,1,34380
1994,686,31,11,1,1,1,12415
1994,688,37,20,2,NA,2,34380
1994,690,36,14,2,NA,NA,8595
1994,700,40,17,2,NA,2,51570
1994,703,18,11,1,1,2,34380
1994,713,51,14,2,1,1,51570
1994,721,49,18,1,NA,2,100963.26468
1994,728,82,20,2,1,NA,16235
1994,732,74,12,2,1,NA,NA
1994,736,72,0,1,NA,NA,4966
1994,738,36,16,1,NA,1,42020
1994,740,40,13,2,1,2,34380
1994,741,47,18,2,NA,1,NA
1994,771,27,16,2,1,NA,42020
1994,772,37,15,2,1,1,34380
1994,780,32,14,1,NA,1,51570
1994,781,32,13,2,1,NA,NA
1994,790,50,14,1,1,2,100963.26468
1994,791,31,15,2,1,NA,100963.26468
1994,792,26,16,1,1,NA,100963.26468
1994,796,57,14,1,1,2,27881.912999999997
1994,800,44,15,2,1,2,100963.26468
1994,803,36,17,2,1,1,100963.26468
1994,808,38,16,1,2,1,28650
1994,814,39,14,1,2,NA,NA
1994,816,28,16,2,1,NA,21010
1994,817,37,12,1,1,1,21010
1994,818,25,12,2,NA,1,5730
1994,824,60,16,1,1,NA,42020
1994,830,45,16,1,NA,1,100963.26468
1994,841,19,11,1,2,2,21010
1994,858,33,13,1,NA,1,4202
1994,863,25,12,2,NA,2,6876
1994,871,23,13,1,1,NA,10505
1994,872,29,12,2,NA,2,16235
1994,876,33,12,1,2,2,16235
1994,881,44,13,1,1,1,34380
1994,883,43,14,2,2,NA,24830
1994,886,26,14,2,NA,2,4202
1994,895,27,16,1,NA,2,21010
1994,898,25,12,2,1,NA,14325
1994,906,36,16,2,1,NA,34380
1994,910,37,18,1,1,NA,42020
1994,911,25,12,2,NA,2,16235
1994,920,27,14,2,1,2,24830
1994,931,26,17,2,1,2,24830
1994,948,34,16,2,1,NA,100963.26468
1994,951,42,14,1,2,1,34380
1994,953,44,20,1,NA,2,5730
1994,957,21,15,2,1,1,2674
1994,966,49,17,2,1,NA,42020
1994,971,25,12,2,NA,2,14325
1994,973,33,5,1,1,NA,6876
1994,975,73,12,2,1,2,5730
1994,981,35,16,1,2,1,4966
1994,987,44,15,2,1,2,27881.912999999997
1994,993,37,13,1,2,1,NA
1994,998,26,17,2,1,2,12415
1994,1009,60,12,2,1,NA,21010
1994,1016,50,12,2,1,2,24830
1994,1022,32,10,2,1,NA,8595
1994,1037,63,8,2,1,2,5730
1994,1039,67,12,1,NA,2,NA
1994,1040,46,18,1,1,2,34380
1994,1044,53,14,1,1,2,100963.26468
1994,1049,48,12,1,2,2,42020
1994,1051,47,20,1,NA,1,51570
1994,1054,65,12,1,1,NA,12415
1994,1062,31,16,2,NA,1,6876
1994,1063,26,17,2,NA,1,8595
1994,1065,25,17,2,1,NA,12415
1994,1068,45,17,2,1,2,16235
1994,1070,50,15,2,2,NA,34380
1994,1072,30,16,2,1,NA,42020
1994,1082,48,14,1,1,NA,51570
1994,1087,22,13,1,NA,2,51570
1994,1090,77,7,2,NA,2,NA
1994,1095,32,12,2,NA,2,14325
1994,1101,35,12,2,1,NA,51570
1994,1102,61,12,2,1,2,3438
1994,1109,68,12,2,NA,2,10505
1994,1113,31,12,2,1,NA,21010
1994,1117,32,16,1,1,1,24830
1994,1118,81,12,2,1,NA,16235
1994,1120,29,9,1,1,2,NA
1994,1124,45,12,2,1,NA,34380
1994,1142,80,16,1,1,2,NA
1994,1147,25,16,1,1,2,24830
1994,1153,36,14,2,NA,1,12415
1994,1154,35,13,1,2,1,1528
1994,1162,50,10,2,NA,2,4966
1994,1166,44,13,1,NA,2,34380
1994,1170,66,12,1,NA,2,14325
1994,1172,35,16,2,NA,2,100963.26468
1994,1175,52,16,2,1,2,NA
1994,1178,30,13,2,1,NA,12415
1994,1186,47,13,2,1,NA,NA
1994,1190,63,12,2,NA,2,12415
1994,1191,40,17,2,1,NA,34380
1994,1192,66,12,2,NA,2,10505
1994,1194,23,17,2,1,NA,12415
1994,1201,88,8,2,1,2,6876
1994,1205,27,16,1,1,2,NA
1994,1206,57,12,1,1,NA,21010
1994,1211,27,12,2,NA,2,51570
1994,1212,82,14,1,1,NA,8595
1994,1214,18,11,1,1,NA,34380
1994,1219,45,12,2,NA,NA,34380
1994,1223,43,13,1,1,2,34380
1994,1228,76,16,1,1,2,16235
1994,1231,66,16,1,2,2,NA
1994,1233,78,12,2,1,NA,NA
1994,1234,85,18,1,NA,2,21010
1994,1235,52,14,2,1,NA,28650
1994,1250,44,18,2,NA,2,4202
1994,1254,24,15,1,1,2,21010
1994,1259,32,14,2,NA,2,34380
1994,1260,41,14,1,2,1,24830
1994,1263,71,13,1,1,2,14325
1994,1264,26,12,1,1,NA,NA
1994,1269,49,16,1,2,1,16235
1994,1271,35,10,2,2,NA,24830
1994,1284,52,16,1,NA,2,100963.26468
1994,1288,58,12,1,1,NA,42020
1994,1295,33,12,1,2,2,42020
1994,1305,54,12,2,NA,2,100963.26468
1994,1306,41,12,2,1,NA,34380
1994,1308,48,14,1,1,NA,100963.26468
1994,1310,73,11,2,NA,2,12415
1994,1314,26,12,2,1,NA,3438
1994,1320,55,16,1,NA,2,51570
1994,1321,59,12,2,2,NA,34380
1994,1322,37,14,2,1,2,4202
1994,1335,69,12,2,1,1,12415
1994,1337,36,12,2,1,2,34380
1994,1341,38,13,1,1,NA,NA
1994,1348,46,16,2,1,NA,12415
1994,1353,22,14,2,1,2,6876
1994,1367,75,8,2,1,NA,NA
1994,1368,41,20,2,NA,2,21010
1994,1371,41,16,1,1,NA,24830
1994,1373,73,12,1,1,NA,34380
1994,1377,32,16,1,1,NA,24830
1994,1390,34,17,2,NA,1,34380
1994,1395,30,13,2,1,NA,28650
1994,1398,71,14,2,NA,2,27881.912999999997
1994,1405,62,18,2,2,NA,27881.912999999997
1994,1413,24,12,2,NA,2,1528
1994,1420,47,15,1,1,NA,27881.912999999997
1994,1426,43,14,2,1,2,28650
1994,1431,49,13,2,1,NA,27881.912999999997
1994,1438,69,16,2,NA,2,100963.26468
1994,1455,78,12,2,NA,2,27881.912999999997
1994,1457,38,11,1,1,2,16235
1994,1462,32,12,1,NA,2,34380
1994,1480,59,12,1,1,NA,27881.912999999997
1994,1485,29,14,2,NA,2,5730
1994,1487,83,15,2,1,NA,51570
1994,1491,47,20,2,NA,1,NA
1994,1507,75,8,2,1,2,24830
1994,1509,25,16,2,1,NA,12415
1994,1513,87,8,1,2,NA,6876
1994,1521,59,14,2,2,NA,NA
1994,1526,24,12,2,1,2,NA
1994,1529,23,14,2,NA,2,34380
1994,1542,43,13,2,2,2,382
1994,1553,40,16,2,2,1,14325
1994,1555,33,16,2,NA,2,100963.26468
1994,1556,48,20,1,1,NA,51570
1994,1557,54,8,2,NA,NA,10505
1994,1561,30,7,1,NA,2,24830
1994,1564,34,12,1,1,NA,21010
1994,1567,52,8,1,2,2,28650
1994,1584,69,14,2,NA,2,10505
1994,1585,48,12,2,NA,2,NA
1994,1589,66,16,2,NA,1,42020
1994,1595,24,16,1,1,NA,12415
1994,1601,33,9,2,1,1,10505
1994,1603,47,12,1,2,NA,16235
1994,1605,36,20,2,NA,1,28650
1994,1615,54,12,2,1,2,100963.26468
1994,1617,47,16,2,1,NA,NA
1994,1625,35,12,1,1,1,NA
1994,1631,45,11,2,NA,NA,42020
1994,1634,46,13,2,2,NA,28650
1994,1638,39,16,2,2,NA,34380
1994,1651,30,12,2,1,2,16235
1994,1656,53,10,2,NA,2,21010
1994,1662,41,19,1,1,1,100963.26468
1994,1663,30,17,1,1,NA,21010
1994,1665,26,16,1,2,NA,21010
1994,1670,26,12,2,NA,2,10505
1994,1674,31,10,2,NA,1,6876
1994,1677,82,8,2,1,NA,5730
1994,1680,47,16,2,1,2,100963.26468
1994,1681,39,13,2,1,2,16235
1994,1689,69,20,1,1,2,34380
1994,1691,71,17,1,1,NA,100963.26468
1994,1697,61,13,2,1,2,100963.26468
1994,1699,58,17,2,1,2,100963.26468
1994,1714,70,13,2,1,NA,NA
1994,1727,68,14,1,2,2,NA
1994,1732,25,16,2,NA,2,24830
1994,1733,51,10,2,NA,2,51570
1994,1744,53,11,2,2,NA,24830
1994,1758,33,13,2,1,NA,21010
1994,1763,36,13,2,1,2,14325
1994,1765,18,9,2,NA,2,NA
1994,1774,60,16,2,1,NA,4202
1994,1776,38,13,1,NA,2,5730
1994,1778,82,NA,2,NA,NA,NA
1994,1779,45,18,2,1,NA,42020
1994,1789,72,12,1,NA,NA,34380
1994,1797,20,13,2,1,NA,27881.912999999997
1994,1799,52,12,2,1,NA,42020
1994,1801,49,14,2,1,NA,42020
1994,1804,34,16,2,1,2,42020
1994,1810,32,20,1,2,NA,28650
1994,1814,25,15,1,1,NA,8595
1994,1818,35,14,2,NA,2,28650
1994,1820,24,12,1,NA,2,8595
1994,1821,75,11,1,1,NA,10505
1994,1826,28,12,1,2,1,24830
1994,1836,61,16,1,2,2,51570
1994,1839,89,16,2,NA,NA,NA
1994,1844,30,16,1,1,2,100963.26468
1994,1847,28,13,2,1,NA,28650
1994,1857,32,14,2,1,2,34380
1994,1867,39,9,2,NA,1,21010
1994,1886,56,8,1,NA,1,2674
1994,1888,57,7,2,1,NA,4202
1994,1897,77,16,1,1,NA,NA
1994,1899,36,13,1,2,2,16235
1994,1900,25,11,1,NA,1,NA
1994,1903,27,12,1,1,1,42020
1994,1905,58,12,2,2,NA,42020
1994,1911,71,6,2,1,2,NA
1994,1912,36,12,1,1,2,42020
1994,1913,37,12,1,1,NA,10505
1994,1916,22,10,2,NA,2,12415
1994,1917,30,12,2,2,NA,NA
1994,1918,44,18,2,1,2,21010
1994,1919,45,15,1,NA,1,51570
1994,1925,41,16,1,2,2,34380
1994,1926,54,15,1,NA,2,34380
1994,1927,62,12,2,1,NA,8595
1994,1930,35,16,2,2,1,24830
1994,1944,69,12,1,1,NA,24830
1994,1948,30,8,2,NA,1,4966
1994,1949,48,8,1,1,1,28650
1994,1959,33,16,2,1,2,34380
1994,1962,76,10,2,1,1,NA
1994,1968,63,13,2,NA,2,34380
1994,1973,37,13,2,1,2,27881.912999999997
1994,1974,46,17,1,1,NA,NA
1994,1977,39,13,2,1,2,34380
1994,1984,34,16,2,1,2,8595
1994,1985,89,14,2,NA,2,NA
1994,1995,20,12,2,2,NA,NA
1994,2001,50,16,1,NA,1,51570
1994,2004,34,18,1,NA,1,28650
1994,2005,54,12,1,2,NA,34380
1994,2007,28,11,2,2,1,4966
1994,2011,21,14,2,1,1,2674
1994,2015,28,12,2,NA,2,51570
1994,2019,29,16,2,1,2,12415
1994,2020,44,12,1,NA,1,NA
1994,2022,38,18,1,1,NA,100963.26468
1994,2025,50,18,1,NA,2,NA
1994,2034,28,16,2,1,NA,34380
1994,2051,52,14,1,1,NA,NA
1994,2056,77,5,2,NA,2,10505
1994,2057,30,11,1,NA,1,14325
1994,2060,41,9,2,1,NA,24830
1994,2064,59,12,1,NA,2,382
1994,2070,46,13,2,1,2,42020
1994,2078,53,14,2,1,NA,21010
1994,2079,44,10,2,1,NA,NA
1994,2085,47,12,1,1,1,28650
1994,2086,48,12,1,NA,2,24830
1994,2091,25,14,1,NA,2,16235
1994,2092,43,12,2,1,NA,27881.912999999997
1994,2094,37,12,2,1,NA,51570
1994,2107,41,20,2,NA,2,24830
1994,2118,33,16,1,1,2,5730
1994,2135,32,12,2,1,2,21010
1994,2149,71,10,1,NA,2,NA
1994,2150,43,16,1,NA,1,28650
1994,2152,39,16,1,1,2,100963.26468
1994,2154,48,19,2,1,NA,51570
1994,2168,48,18,2,1,2,42020
1994,2173,34,19,1,2,NA,42020
1994,2185,59,10,2,1,2,6876
1994,2190,25,17,1,NA,2,21010
1994,2197,47,11,2,1,NA,4966
1994,2198,26,18,2,1,NA,NA
1994,2201,23,13,1,1,2,12415
1994,2212,21,12,1,2,NA,24830
1994,2215,51,14,1,2,NA,42020
1994,2216,35,12,1,1,NA,100963.26468
1994,2225,26,16,1,NA,2,21010
1994,2226,32,14,1,2,2,28650
1994,2228,42,14,2,1,NA,28650
1994,2231,38,13,2,NA,2,51570
1994,2235,32,17,1,1,2,27881.912999999997
1994,2238,26,11,2,NA,2,5730
1994,2239,28,17,2,NA,NA,5730
1994,2243,25,16,2,1,NA,14325
1994,2260,55,19,1,1,NA,100963.26468
1994,2264,41,13,2,1,NA,27881.912999999997
1994,2272,45,15,2,NA,1,34380
1994,2273,50,12,2,NA,2,NA
1994,2289,77,12,2,NA,2,24830
1994,2290,50,14,2,1,NA,21010
1994,2294,53,10,1,1,1,1528
1994,2305,48,20,1,1,1,12415
1994,2308,45,14,1,NA,2,28650
1994,2310,39,12,2,NA,2,51570
1994,2311,36,12,1,1,NA,21010
1994,2319,69,10,1,1,2,6876
1994,2329,27,12,2,1,2,16235
1994,2334,63,12,1,NA,2,10505
1994,2335,44,12,1,1,NA,34380
1994,2340,29,12,1,1,2,8595
1994,2342,60,9,2,1,NA,6876
1994,2343,69,10,1,2,2,14325
1994,2345,56,16,1,NA,2,100963.26468
1994,2347,76,16,1,NA,NA,28650
1994,2357,40,12,2,2,1,NA
1994,2360,51,12,1,1,NA,14325
1994,2368,36,12,1,2,2,24830
1994,2381,26,12,2,1,2,6876
1994,2384,57,11,2,1,1,21010
1994,2387,33,12,1,1,NA,10505
1994,2391,23,12,1,2,2,8595
1994,2394,86,11,2,NA,2,NA
1994,2395,49,12,2,1,NA,14325
1994,2396,71,12,1,1,2,6876
1994,2397,72,5,1,NA,2,8595
1994,2398,23,16,2,1,2,27881.912999999997
1994,2399,29,16,1,NA,2,27881.912999999997
1994,2409,29,20,2,NA,2,16235
1994,2426,22,14,1,NA,1,1528
1994,2429,42,13,2,1,2,51570
1994,2431,48,18,2,1,2,6876
1994,2434,24,12,1,NA,2,4202
1994,2437,43,12,1,1,NA,27881.912999999997
1994,2444,50,12,2,1,2,NA
1994,2447,21,12,1,1,1,34380
1994,2453,69,12,1,NA,2,10505
1994,2457,50,16,1,NA,2,51570
1994,2468,26,12,2,2,1,4966
1994,2472,62,12,2,NA,2,24830
1994,2477,47,20,1,1,1,NA
1994,2481,75,14,2,1,NA,16235
1994,2485,34,14,2,2,2,27881.912999999997
1994,2487,68,12,1,NA,2,24830
1994,2488,42,12,1,NA,2,42020
1994,2502,22,15,2,NA,2,NA
1994,2504,22,12,2,NA,2,3438
1994,2505,24,13,2,1,NA,8595
1994,2507,30,14,1,NA,2,NA
1994,2510,37,16,1,1,2,42020
1994,2512,25,17,1,1,2,24830
1994,2514,43,10,2,1,2,28650
1994,2515,31,14,2,1,NA,34380
1994,2519,33,14,1,1,NA,51570
1994,2524,30,12,1,NA,2,28650
1994,2526,51,14,2,NA,2,42020
1994,2534,32,14,2,1,NA,27881.912999999997
1994,2535,25,13,1,1,NA,24830
1994,2538,23,14,1,NA,2,21010
1994,2540,70,12,2,1,1,12415
1994,2541,63,14,1,2,2,100963.26468
1994,2542,37,12,2,1,2,42020
1994,2547,50,12,2,2,1,10505
1994,2548,32,16,2,NA,2,100963.26468
1994,2550,42,12,2,1,2,28650
1994,2557,66,16,1,NA,2,28650
1994,2571,39,14,1,1,2,34380
1994,2575,74,12,2,NA,2,NA
1994,2576,58,8,2,1,2,NA
1994,2581,60,11,2,1,NA,NA
1994,2583,58,12,1,NA,2,24830
1994,2586,28,13,2,1,NA,34380
1994,2587,74,4,2,1,NA,NA
1994,2590,72,10,2,NA,2,10505
1994,2593,24,9,2,1,1,12415
1994,2594,39,13,2,1,2,27881.912999999997
1994,2599,50,14,2,1,NA,21010
1994,2603,64,13,2,NA,2,14325
1994,2606,84,12,2,2,NA,NA
1994,2617,77,2,1,1,NA,NA
1994,2624,57,12,1,1,2,24830
1994,2634,58,3,1,NA,2,16235
1994,2639,63,16,2,NA,2,100963.26468
1994,2642,46,12,1,1,2,NA
1994,2649,63,8,1,1,NA,NA
1994,2650,31,13,2,1,1,21010
1994,2652,35,9,1,NA,2,12415
1994,2660,60,11,2,NA,2,4202
1994,2668,51,16,2,2,NA,16235
1994,2675,79,11,1,1,NA,100963.26468
1994,2678,48,8,1,NA,2,51570
1994,2680,65,12,2,1,NA,12415
1994,2681,84,11,2,1,1,8595
1994,2684,54,12,1,1,NA,16235
1994,2696,NA,NA,1,NA,2,NA
1994,2705,29,12,1,1,2,21010
1994,2706,30,12,2,1,2,12415
1994,2707,36,12,2,NA,2,16235
1994,2720,43,11,2,1,2,34380
1994,2724,69,11,2,2,NA,8595
1994,2725,75,6,1,2,2,6876
1994,2726,54,16,2,1,NA,42020
1994,2740,76,12,2,1,NA,8595
1994,2746,80,11,2,NA,2,2674
1994,2748,64,9,1,1,2,100963.26468
1994,2751,36,12,2,1,2,24830
1994,2752,57,13,2,1,NA,10505
1994,2755,54,7,2,2,2,21010
1994,2765,49,12,2,1,NA,4966
1994,2768,21,11,2,1,NA,1528
1994,2769,34,12,2,1,2,6876
1994,2770,28,10,2,NA,2,382
1994,2771,75,8,1,1,2,16235
1994,2788,29,14,1,2,2,34380
1994,2793,66,10,2,2,1,6876
1994,2803,30,12,1,1,NA,42020
1994,2812,48,14,2,1,2,4966
1994,2813,62,11,1,NA,2,382
1994,2818,60,9,2,1,NA,10505
1994,2820,62,3,1,2,2,6876
1994,2826,80,8,2,NA,2,4202
1994,2828,79,11,1,2,2,12415
1994,2834,74,9,2,1,NA,12415
1994,2837,29,12,2,1,NA,42020
1994,2838,26,17,2,NA,2,21010
1994,2842,65,15,1,NA,2,42020
1994,2847,31,20,2,NA,1,51570
1994,2854,46,12,1,1,2,28650
1994,2856,82,6,1,NA,2,NA
1994,2862,39,11,2,NA,2,6876
1994,2867,30,14,2,2,2,14325
1994,2871,25,12,2,1,2,28650
1994,2876,42,15,1,1,2,42020
1994,2877,65,12,2,NA,2,21010
1994,2880,42,13,2,2,NA,51570
1994,2881,31,12,1,1,2,27881.912999999997
1994,2884,22,12,1,2,NA,27881.912999999997
1994,2885,27,12,1,2,NA,27881.912999999997
1994,2888,64,17,2,2,2,21010
1994,2890,54,18,2,NA,2,16235
1994,2893,34,14,1,NA,1,8595
1994,2899,80,12,1,NA,2,14325
1994,2900,89,8,2,NA,2,2674
1994,2904,55,12,2,1,2,12415
1994,2906,37,11,2,1,NA,21010
1994,2910,54,12,1,NA,2,24830
1994,2917,47,12,1,2,2,27881.912999999997
1994,2919,62,12,1,1,NA,100963.26468
1994,2920,45,11,2,2,2,8595
1994,2924,39,12,1,NA,1,12415
1994,2932,69,11,2,NA,2,34380
1994,2935,35,12,1,NA,1,28650
1994,2943,48,12,2,1,2,NA
1994,2945,50,16,2,2,NA,24830
1994,2948,28,13,2,1,NA,14325
1994,2949,21,12,1,NA,2,14325
1994,2951,27,12,2,NA,2,51570
1994,2953,43,16,2,1,1,16235
1994,2955,27,17,2,1,NA,2674
1994,2964,35,10,2,1,NA,2674
1994,2978,29,12,1,1,2,16235
1994,2984,50,16,1,1,2,8595
1994,2987,30,14,1,NA,2,42020
1994,2988,37,12,2,2,2,12415
1994,2991,49,12,2,1,2,27881.912999999997
1996,3,55,18,1,1,NA,NA
1996,10,46,13,2,1,2,6525
1996,16,31,16,1,1,NA,3988
1996,21,53,12,1,1,NA,11781
1996,29,42,16,2,NA,2,15406
1996,36,49,14,2,1,NA,11781
1996,39,25,10,2,NA,NA,5438
1996,54,25,12,1,1,NA,26646.939000000002
1996,60,31,11,1,2,1,32625
1996,66,35,16,2,1,NA,NA
1996,67,29,14,1,NA,NA,NA
1996,71,42,8,2,1,NA,26646.939000000002
1996,75,51,10,2,2,2,11781
1996,80,31,12,2,NA,2,NA
1996,83,29,16,2,NA,2,19938
1996,89,37,16,1,NA,2,102565
1996,94,51,13,1,2,2,32625
1996,105,24,NA,1,1,NA,NA
1996,106,43,9,2,1,NA,39875
1996,109,25,16,1,1,2,NA
1996,116,24,13,2,NA,2,3263
1996,129,23,13,1,1,2,102565
1996,132,41,12,2,NA,2,102565
1996,138,33,11,2,NA,1,32625
1996,142,32,14,1,2,2,102565
1996,146,30,13,2,NA,2,15406
1996,153,50,18,2,1,NA,102565
1996,158,40,13,2,1,2,48938
1996,160,45,11,2,1,NA,NA
1996,161,52,14,2,1,2,39875
1996,163,46,18,2,1,NA,102565
1996,168,53,19,2,1,NA,102565
1996,175,68,15,2,NA,2,27188
1996,178,37,20,1,1,NA,102565
1996,183,47,20,2,NA,2,102565
1996,185,47,16,1,NA,2,27188
1996,189,63,12,2,1,NA,NA
1996,216,53,18,2,1,NA,102565
1996,218,43,16,2,NA,2,102565
1996,226,40,16,1,1,NA,102565
1996,228,53,16,1,NA,1,15406
1996,233,28,12,1,2,1,NA
1996,236,59,18,2,NA,2,102565
1996,241,51,17,1,1,NA,48938
1996,246,75,7,2,1,NA,5438
1996,254,52,NA,2,2,2,11781
1996,255,24,16,2,1,2,39875
1996,258,36,13,2,NA,2,102565
1996,275,30,14,1,2,1,39875
1996,278,76,9,2,NA,2,6525
1996,280,51,16,2,1,2,32625
1996,281,28,11,2,2,NA,19938
1996,287,37,14,1,NA,2,48938
1996,292,36,15,2,1,NA,8156
1996,293,24,13,2,1,NA,NA
1996,294,47,17,2,NA,NA,26646.939000000002
1996,296,63,6,1,1,2,6525
1996,301,30,14,1,1,2,48938
1996,302,38,13,1,1,2,27188
1996,304,34,12,2,1,2,11781
1996,306,70,14,2,1,2,9969
1996,307,75,8,2,2,NA,27188
1996,312,22,13,2,1,NA,11781
1996,315,25,10,2,1,2,9969
1996,322,48,16,1,NA,1,102565
1996,324,36,13,1,1,2,102565
1996,331,46,12,1,1,2,4713
1996,344,46,8,1,1,NA,23563
1996,345,32,12,2,NA,2,15406
1996,351,37,17,2,2,1,4713
1996,354,24,14,2,1,2,32625
1996,356,37,12,2,1,NA,19938
1996,375,32,16,2,NA,2,32625
1996,385,69,12,2,NA,1,32625
1996,388,83,12,2,NA,2,9969
1996,392,87,12,1,1,1,13594
1996,396,50,16,1,NA,2,102565
1996,398,41,14,1,NA,2,39875
1996,401,36,14,2,1,NA,8156
1996,402,54,12,2,1,2,13594
1996,405,35,16,2,NA,2,19938
1996,412,26,10,2,1,1,3263
1996,418,34,14,2,NA,2,102565
1996,419,42,13,1,1,1,NA
1996,420,53,18,1,1,NA,102565
1996,424,43,16,1,1,NA,32625
1996,428,19,13,2,NA,2,23563
1996,429,20,10,1,1,NA,3988
1996,434,47,12,2,NA,2,8156
1996,454,88,11,1,1,2,NA
1996,455,56,13,2,NA,2,32625
1996,460,34,12,1,1,NA,13594
1996,462,59,15,1,NA,2,102565
1996,466,38,18,2,1,2,102565
1996,469,83,13,2,1,1,NA
1996,481,70,10,2,NA,2,9969
1996,485,28,13,2,1,NA,23563
1996,490,27,14,2,1,NA,32625
1996,491,31,20,2,1,2,19938
1996,496,76,13,2,1,1,NA
1996,506,62,12,2,NA,2,NA
1996,513,42,12,1,NA,2,102565
1996,522,48,16,2,1,NA,102565
1996,526,31,20,1,NA,NA,102565
1996,529,39,14,2,1,NA,48938
1996,531,42,8,1,1,NA,15406
1996,535,53,16,2,1,2,48938
1996,542,20,14,2,1,NA,102565
1996,545,35,16,2,1,2,48938
1996,546,48,14,1,1,NA,102565
1996,549,32,17,2,NA,1,102565
1996,555,79,11,2,1,NA,5438
1996,557,35,12,2,NA,2,NA
1996,558,39,12,2,NA,2,NA
1996,564,40,12,1,NA,2,32625
1996,565,63,14,2,1,NA,102565
1996,567,53,13,2,NA,2,39875
1996,580,51,16,2,NA,2,19938
1996,584,NA,14,2,1,1,8156
1996,588,40,15,2,NA,2,8156
1996,596,22,12,2,1,NA,11781
1996,598,24,13,1,1,2,9969
1996,613,34,16,2,1,1,48938
1996,626,68,20,1,NA,2,102565
1996,629,47,12,2,1,NA,8156
1996,632,28,18,1,1,1,48938
1996,647,30,12,2,NA,2,27188
1996,654,39,12,1,1,1,27188
1996,660,69,20,1,1,NA,32625
1996,671,43,16,1,2,NA,102565
1996,677,19,13,1,2,2,NA
1996,683,87,14,2,NA,2,NA
1996,689,31,16,2,NA,2,102565
1996,691,48,17,1,1,NA,102565
1996,694,53,18,2,1,NA,32625
1996,702,55,19,1,NA,NA,48938
1996,704,38,12,2,1,NA,48938
1996,705,65,12,2,1,NA,23563
1996,707,40,14,2,NA,2,48938
1996,710,35,16,2,1,NA,102565
1996,717,34,9,2,1,2,15406
1996,720,39,12,2,1,NA,27188
1996,722,34,13,1,NA,2,32625
1996,723,66,11,2,2,NA,NA
1996,729,37,14,1,1,2,48938
1996,731,41,12,1,1,2,102565
1996,738,53,15,1,1,NA,102565
1996,739,53,15,1,1,2,102565
1996,749,24,16,1,1,NA,102565
1996,751,40,16,1,NA,1,102565
1996,752,65,13,2,1,1,23563
1996,758,50,16,1,1,NA,102565
1996,759,33,16,1,2,1,102565
1996,769,49,7,2,1,NA,2538
1996,781,64,10,1,1,2,9969
1996,783,43,18,2,1,1,102565
1996,786,25,13,2,1,NA,8156
1996,792,42,14,2,NA,1,27188
1996,794,33,16,1,1,NA,48938
1996,805,70,12,1,1,1,3263
1996,813,22,13,2,1,1,2538
1996,818,23,13,1,1,2,26646.939000000002
1996,821,50,13,2,NA,2,48938
1996,836,61,16,1,2,1,48938
1996,844,25,12,1,1,1,19938
1996,845,35,14,2,NA,2,27188
1996,850,26,20,1,NA,2,9969
1996,852,45,20,2,1,NA,19938
1996,863,56,13,1,NA,2,48938
1996,865,26,16,1,1,NA,19938
1996,869,53,13,2,NA,1,39875
1996,871,34,13,2,1,NA,48938
1996,874,44,15,2,1,NA,48938
1996,877,21,14,1,1,NA,3988
1996,888,24,16,2,2,NA,15406
1996,896,21,12,1,1,NA,27188
1996,905,25,15,1,1,NA,13594
1996,907,24,12,1,2,NA,4713
1996,913,19,12,2,1,1,102565
1996,922,36,20,1,NA,1,102565
1996,931,24,12,2,NA,NA,9969
1996,932,26,10,2,NA,NA,5438
1996,934,61,8,1,NA,1,23563
1996,935,27,14,2,1,NA,27188
1996,939,34,16,1,1,NA,39875
1996,949,37,12,1,NA,NA,13594
1996,953,20,12,1,2,NA,48938
1996,963,22,14,2,1,NA,32625
1996,968,68,12,1,1,2,NA
1996,971,37,16,2,1,NA,102565
1996,975,54,16,1,2,2,9969
1996,986,29,17,2,NA,1,32625
1996,988,47,17,2,1,NA,39875
1996,992,60,14,1,1,NA,48938
1996,993,31,12,2,1,NA,27188
1996,1000,83,12,2,1,NA,11781
1996,1007,41,12,1,2,NA,39875
1996,1011,50,16,1,2,1,39875
1996,1015,72,15,2,1,NA,9969
1996,1021,22,12,1,2,1,8156
1996,1022,89,9,2,2,NA,27188
1996,1024,60,12,2,1,NA,19938
1996,1037,61,12,2,1,2,26646.939000000002
1996,1039,27,17,1,1,NA,19938
1996,1041,26,16,2,NA,2,13594
1996,1046,23,16,2,1,NA,8156
1996,1048,63,12,1,NA,2,32625
1996,1053,26,17,2,NA,2,23563
1996,1060,44,16,2,NA,2,102565
1996,1063,20,13,2,1,1,48938
1996,1070,28,12,1,1,2,32625
1996,1075,38,11,2,1,NA,5438
1996,1084,41,12,2,1,NA,8156
1996,1085,40,18,2,1,2,26646.939000000002
1996,1087,50,18,2,1,2,32625
1996,1089,42,18,1,NA,1,102565
1996,1105,49,12,2,1,NA,11781
1996,1108,79,16,1,1,NA,19938
1996,1109,89,15,2,1,2,23563
1996,1115,80,8,1,1,2,9969
1996,1121,64,5,1,NA,2,6525
1996,1123,42,9,2,NA,2,15406
1996,1139,50,18,2,1,NA,15406
1996,1144,38,12,2,1,1,9969
1996,1146,36,12,1,1,2,NA
1996,1148,32,16,1,1,NA,39875
1996,1149,24,12,2,NA,2,102565
1996,1151,78,14,2,NA,1,19938
1996,1160,49,11,1,NA,NA,39875
1996,1162,30,13,1,1,NA,19938
1996,1171,28,10,2,2,NA,1450
1996,1182,59,12,2,1,NA,32625
1996,1183,66,8,1,1,2,4713
1996,1187,24,12,1,NA,2,23563
1996,1189,42,12,1,1,NA,39875
1996,1201,34,15,1,2,2,39875
1996,1205,43,17,1,1,NA,48938
1996,1206,20,13,2,NA,2,102565
1996,1212,68,8,1,NA,2,8156
1996,1216,29,14,2,1,2,23563
1996,1226,30,13,1,1,NA,23563
1996,1232,38,13,2,NA,1,4713
1996,1233,23,8,2,NA,2,NA
1996,1239,64,12,2,1,NA,NA
1996,1245,79,12,2,NA,2,3988
1996,1246,69,11,2,1,1,8156
1996,1249,66,12,2,1,2,15406
1996,1251,41,12,1,NA,NA,4713
1996,1252,56,12,2,1,NA,6525
1996,1264,69,11,2,1,2,102565
1996,1266,39,12,1,NA,2,26646.939000000002
1996,1274,59,16,2,1,2,102565
1996,1279,51,18,1,NA,2,102565
1996,1287,69,11,2,1,2,15406
1996,1288,53,20,1,2,NA,102565
1996,1289,26,17,1,1,NA,32625
1996,1290,40,16,1,NA,2,32625
1996,1292,35,11,1,1,2,13594
1996,1294,60,17,2,1,2,19938
1996,1311,51,13,1,2,NA,32625
1996,1318,49,12,2,1,1,39875
1996,1329,24,12,2,NA,2,23563
1996,1330,26,12,1,2,2,26646.939000000002
1996,1334,22,12,1,1,1,19938
1996,1340,58,12,2,1,2,39875
1996,1346,84,12,1,1,2,NA
1996,1352,33,16,2,1,NA,39875
1996,1356,68,12,1,NA,1,27188
1996,1361,62,19,1,NA,2,102565
1996,1362,64,17,2,1,1,102565
1996,1363,59,16,1,1,NA,102565
1996,1366,56,16,2,1,NA,NA
1996,1367,46,20,2,NA,1,102565
1996,1368,41,18,1,1,NA,102565
1996,1374,72,10,1,1,NA,3263
1996,1375,34,13,2,NA,2,5438
1996,1380,44,19,1,1,2,102565
1996,1386,46,15,2,1,NA,NA
1996,1391,41,15,2,1,NA,11781
1996,1392,24,15,2,NA,NA,32625
1996,1407,37,17,1,1,NA,102565
1996,1422,70,12,2,NA,2,39875
1996,1427,59,12,2,1,2,23563
1996,1431,40,12,2,1,2,9969
1996,1434,42,16,2,1,NA,13594
1996,1442,30,16,1,1,2,26646.939000000002
1996,1446,30,11,1,1,2,1450
1996,1449,45,20,1,NA,2,39875
1996,1458,67,13,1,NA,1,26646.939000000002
1996,1463,33,14,2,NA,2,26646.939000000002
1996,1477,63,20,2,1,NA,NA
1996,1486,29,13,1,NA,2,23563
1996,1491,37,12,2,1,NA,26646.939000000002
1996,1498,42,12,1,NA,NA,26646.939000000002
1996,1499,43,12,2,1,NA,26646.939000000002
1996,1517,70,12,2,NA,2,32625
1996,1521,49,17,2,1,1,23563
1996,1526,25,15,1,1,NA,23563
1996,1530,63,12,2,2,NA,NA
1996,1532,24,12,2,NA,2,39875
1996,1533,69,12,1,1,NA,19938
1996,1536,22,12,1,1,2,102565
1996,1539,63,6,1,NA,2,8156
1996,1541,38,12,1,1,2,102565
1996,1545,52,18,1,NA,1,NA
1996,1547,70,16,1,1,1,102565
1996,1553,52,10,1,1,NA,19938
1996,1558,31,14,2,1,2,102565
1996,1562,70,12,2,1,2,23563
1996,1570,26,14,2,1,NA,23563
1996,1572,68,7,2,NA,2,8156
1996,1600,53,13,1,1,2,3988
1996,1607,41,14,2,NA,2,32625
1996,1609,20,12,2,1,2,363
1996,1613,51,10,2,1,NA,13594
1996,1614,38,9,2,2,1,9969
1996,1615,38,14,2,NA,2,39875
1996,1620,22,14,1,NA,1,48938
1996,1624,60,16,2,1,2,NA
1996,1627,41,20,1,2,NA,102565
1996,1628,45,12,2,NA,2,19938
1996,1629,25,12,2,1,NA,27188
1996,1637,53,12,1,NA,2,19938
1996,1641,50,12,2,NA,1,23563
1996,1644,26,16,1,2,1,23563
1996,1653,32,15,1,1,1,39875
1996,1662,62,10,2,NA,2,13594
1996,1684,33,13,2,1,1,NA
1996,1685,30,13,2,1,2,NA
1996,1688,22,11,2,1,2,NA
1996,1691,80,9,2,NA,1,NA
1996,1702,74,12,2,NA,2,102565
1996,1706,29,12,2,2,2,9969
1996,1707,39,12,1,1,2,19938
1996,1709,49,14,1,NA,2,26646.939000000002
1996,1711,45,15,2,2,NA,102565
1996,1713,46,14,2,NA,NA,39875
1996,1714,27,14,1,1,2,11781
1996,1716,77,14,1,1,NA,32625
1996,1717,66,12,1,NA,2,NA
1996,1720,76,6,2,1,2,13594
1996,1723,38,12,1,1,NA,23563
1996,1735,58,12,2,1,1,8156
1996,1739,32,16,2,NA,2,27188
1996,1742,32,12,2,1,1,NA
1996,1747,34,12,2,1,NA,32625
1996,1753,34,12,1,NA,2,19938
1996,1757,33,12,2,1,NA,15406
1996,1762,23,14,2,1,2,27188
1996,1766,36,12,1,1,2,23563
1996,1767,81,12,2,1,NA,NA
1996,1770,43,12,2,1,NA,102565
1996,1775,51,15,1,1,NA,39875
1996,1778,29,18,2,NA,NA,32625
1996,1793,31,13,2,1,NA,39875
1996,1802,29,12,1,1,2,48938
1996,1810,30,12,2,1,2,32625
1996,1813,47,15,1,NA,2,23563
1996,1818,48,12,2,2,2,23563
1996,1822,28,16,2,NA,1,23563
1996,1841,58,12,2,NA,2,NA
1996,1842,37,18,2,NA,1,32625
1996,1844,67,12,1,NA,2,19938
1996,1863,48,12,1,2,NA,11781
1996,1866,23,12,1,NA,2,8156
1996,1874,42,14,1,2,NA,27188
1996,1875,41,13,2,1,1,4713
1996,1876,27,16,2,NA,2,11781
1996,1886,22,15,2,1,2,NA
1996,1889,22,15,2,2,2,5438
1996,1892,74,12,2,1,NA,26646.939000000002
1996,1904,53,10,2,NA,2,8156
1996,1908,22,11,2,1,NA,363
1996,1910,79,10,2,NA,NA,3988
1996,1914,23,12,1,NA,2,8156
1996,1916,46,17,1,1,1,32625
1996,1922,72,11,1,1,1,15406
1996,1927,28,15,1,2,NA,26646.939000000002
1996,1937,49,16,2,NA,2,23563
1996,1945,76,14,2,1,NA,NA
1996,1949,66,11,2,1,NA,19938
1996,1956,22,16,2,1,NA,1450
1996,1958,24,15,2,NA,2,26646.939000000002
1996,1961,29,13,1,2,1,6525
1996,1965,21,15,1,1,2,3988
1996,1970,34,11,2,NA,NA,19938
1996,1980,42,15,2,NA,1,15406
1996,1982,23,12,2,NA,2,4713
1996,1986,38,9,2,1,2,9969
1996,1987,32,7,1,1,NA,9969
1996,2000,23,15,1,1,2,32625
1996,2003,41,12,2,NA,2,23563
1996,2006,41,13,1,1,NA,32625
1996,2009,43,12,2,1,2,8156
1996,2011,26,10,2,1,NA,9969
1996,2013,27,14,2,2,NA,8156
1996,2023,56,17,2,1,2,102565
1996,2027,89,13,2,NA,NA,8156
1996,2031,25,17,2,1,NA,6525
1996,2040,24,13,1,1,2,19938
1996,2043,23,15,1,1,1,27188
1996,2044,32,16,1,NA,1,23563
1996,2045,29,16,1,2,2,23563
1996,2050,60,12,2,NA,2,32625
1996,2053,36,15,1,NA,1,19938
1996,2060,43,12,2,1,NA,15406
1996,2064,56,12,2,NA,NA,6525
1996,2069,45,12,1,NA,2,48938
1996,2071,52,16,1,1,2,32625
1996,2072,48,13,2,NA,2,39875
1996,2083,43,10,2,NA,1,32625
1996,2095,33,19,1,NA,NA,NA
1996,2104,34,17,2,1,NA,9969
1996,2105,61,12,1,1,NA,102565
1996,2109,26,12,1,1,1,19938
1996,2111,27,12,1,NA,1,19938
1996,2113,53,20,1,1,2,32625
1996,2115,51,18,1,2,NA,27188
1996,2120,23,12,1,NA,1,8156
1996,2126,45,18,2,NA,1,19938
1996,2133,73,12,1,2,NA,102565
1996,2134,53,13,2,NA,1,102565
1996,2141,71,13,1,1,NA,27188
1996,2144,53,10,2,NA,1,32625
1996,2146,53,12,1,1,1,32625
1996,2152,50,18,2,2,NA,39875
1996,2155,46,12,2,1,NA,23563
1996,2160,32,15,1,NA,1,48938
1996,2164,38,20,2,NA,2,102565
1996,2165,42,14,1,2,1,8156
1996,2168,29,15,2,1,NA,32625
1996,2173,37,13,1,NA,2,26646.939000000002
1996,2188,23,16,2,1,NA,2538
1996,2190,43,18,1,2,2,48938
1996,2192,59,20,1,2,NA,102565
1996,2193,51,16,2,1,1,48938
1996,2202,30,20,1,1,NA,6525
1996,2210,45,10,1,1,2,39875
1996,2213,59,12,2,1,NA,NA
1996,2216,38,8,1,1,2,32625
1996,2219,23,16,2,NA,2,11781
1996,2228,89,10,2,1,NA,NA
1996,2231,43,14,1,1,1,48938
1996,2233,32,12,2,NA,1,11781
1996,2236,26,13,1,1,NA,26646.939000000002
1996,2237,35,15,2,1,2,13594
1996,2242,87,15,2,1,NA,11781
1996,2259,22,12,1,2,NA,NA
1996,2261,29,12,1,1,2,15406
1996,2274,41,12,2,1,NA,19938
1996,2277,72,12,2,1,NA,NA
1996,2300,57,9,1,1,NA,13594
1996,2301,47,14,1,1,1,48938
1996,2302,86,10,2,1,NA,15406
1996,2306,72,12,2,NA,2,39875
1996,2307,67,12,2,1,NA,23563
1996,2310,37,13,1,1,2,48938
1996,2314,39,14,1,NA,2,27188
1996,2317,38,13,2,1,NA,39875
1996,2324,33,12,2,1,2,32625
1996,2328,25,13,2,NA,2,NA
1996,2333,75,12,2,2,2,26646.939000000002
1996,2341,56,19,2,1,NA,32625
1996,2349,56,19,2,1,NA,19938
1996,2350,19,12,2,NA,1,363
1996,2352,57,14,2,1,NA,13594
1996,2355,38,12,2,1,NA,23563
1996,2356,27,16,2,1,NA,6525
1996,2357,21,15,2,1,2,1450
1996,2361,26,16,2,1,NA,19938
1996,2368,33,14,1,NA,1,27188
1996,2370,33,12,2,1,NA,15406
1996,2371,28,14,2,1,NA,39875
1996,2376,70,12,2,2,NA,8156
1996,2390,60,16,2,1,NA,39875
1996,2396,67,14,2,1,NA,23563
1996,2401,56,12,1,NA,1,4713
1996,2403,45,12,1,1,2,32625
1996,2408,55,12,1,2,NA,NA
1996,2412,70,12,1,NA,2,19938
1996,2413,59,13,2,1,2,9969
1996,2414,37,18,1,NA,2,19938
1996,2423,30,11,1,NA,2,NA
1996,2426,55,12,1,NA,2,15406
1996,2427,42,14,1,2,NA,32625
1996,2434,27,15,1,NA,2,2538
1996,2435,25,16,2,NA,2,27188
1996,2447,30,17,1,1,2,48938
1996,2448,41,12,1,1,2,27188
1996,2457,47,16,1,1,NA,32625
1996,2461,43,12,2,1,1,39875
1996,2464,76,10,2,NA,2,NA
1996,2470,44,13,1,NA,1,32625
1996,2472,24,15,1,1,NA,23563
1996,2481,89,14,2,1,NA,NA
1996,2486,46,15,1,1,2,39875
1996,2489,80,7,2,1,NA,NA
1996,2492,31,12,1,2,2,26646.939000000002
1996,2493,47,12,2,1,NA,19938
1996,2499,49,12,2,NA,2,NA
1996,2504,44,11,2,NA,2,2538
1996,2506,72,5,2,1,1,4713
1996,2508,80,8,1,2,2,8156
1996,2510,73,10,2,1,2,4713
1996,2513,47,11,1,1,NA,9969
1996,2519,66,12,1,1,2,15406
1996,2520,60,10,2,NA,2,23563
1996,2526,30,14,2,1,NA,19938
1996,2527,43,12,2,NA,1,4713
1996,2528,55,12,1,NA,1,27188
1996,2529,56,12,1,NA,2,102565
1996,2532,52,12,1,NA,2,8156
1996,2546,45,10,1,1,NA,23563
1996,2548,40,10,2,NA,2,363
1996,2549,21,11,1,NA,1,23563
1996,2551,28,10,1,2,NA,13594
1996,2556,42,8,1,2,NA,6525
1996,2560,36,10,2,1,NA,23563
1996,2564,78,8,2,1,2,NA
1996,2565,62,3,1,NA,2,NA
1996,2568,74,5,2,NA,NA,NA
1996,2572,72,8,1,NA,2,6525
1996,2577,43,16,2,1,NA,23563
1996,2578,35,12,1,1,NA,2538
1996,2581,76,8,2,1,2,5438
1996,2586,54,16,1,2,NA,32625
1996,2587,48,13,2,1,2,13594
1996,2589,35,12,2,1,NA,9969
1996,2590,38,11,2,1,1,27188
1996,2597,35,14,1,NA,1,27188
1996,2606,72,13,2,1,NA,NA
1996,2608,72,16,1,2,NA,NA
1996,2609,62,12,2,1,2,27188
1996,2623,71,3,2,NA,2,NA
1996,2626,32,13,2,1,NA,13594
1996,2633,21,12,2,2,NA,15406
1996,2635,59,16,1,2,NA,48938
1996,2636,36,15,2,1,NA,27188
1996,2637,43,12,2,NA,2,3988
1996,2638,31,12,2,NA,2,11781
1996,2644,34,12,2,1,2,15406
1996,2645,40,12,2,1,NA,26646.939000000002
1996,2648,49,12,1,1,2,27188
1996,2650,32,13,1,1,NA,102565
1996,2660,20,12,2,1,NA,26646.939000000002
1996,2665,30,14,2,1,NA,8156
1996,2670,38,16,2,1,NA,102565
1996,2680,74,14,2,NA,2,5438
1996,2685,37,12,1,1,1,19938
1996,2690,71,10,2,NA,2,3988
1996,2696,73,8,2,1,NA,363
1996,2701,66,12,1,1,2,9969
1996,2704,32,13,2,NA,2,15406
1996,2708,62,11,2,1,NA,26646.939000000002
1996,2717,61,12,2,2,NA,48938
1996,2725,63,12,1,2,1,3263
1996,2728,51,10,1,NA,1,NA
1996,2741,51,13,1,NA,2,39875
1996,2743,69,12,2,NA,2,NA
1996,2751,30,13,2,NA,NA,27188
1996,2753,54,15,2,1,2,15406
1996,2769,25,15,2,NA,2,32625
1996,2784,50,12,2,NA,2,27188
1996,2794,19,12,2,1,1,15406
1996,2795,47,12,2,1,1,23563
1996,2801,27,11,1,NA,2,23563
1996,2823,48,15,1,1,NA,102565
1996,2833,40,14,1,1,NA,23563
1996,2845,36,12,2,NA,2,11781
1996,2849,77,12,2,2,NA,4713
1996,2851,45,19,2,1,2,NA
1996,2853,28,12,2,1,NA,19938
1996,2861,60,12,1,2,NA,32625
1996,2866,28,13,2,1,2,26646.939000000002
1996,2867,75,11,1,2,2,15406
1996,2872,46,15,2,NA,2,32625
1996,2874,56,13,2,NA,2,11781
1996,2876,47,18,2,NA,2,23563
1996,2884,47,12,1,NA,1,102565
1996,2888,30,13,1,2,1,19938
1996,2892,24,12,2,1,NA,32625
1998,3,36,12,1,NA,2,56842
1998,15,20,12,2,NA,2,46507
1998,16,43,16,1,1,2,14641
1998,18,34,7,2,1,2,NA
1998,20,28,16,1,1,2,46507
1998,29,48,14,2,1,2,31005
1998,33,51,15,1,1,1,NA
1998,34,56,12,2,1,NA,NA
1998,36,64,13,2,NA,NA,16363
1998,37,50,16,2,NA,2,16363
1998,46,56,17,2,1,1,115841
1998,50,25,16,1,NA,2,18947
1998,58,35,14,1,2,2,5167
1998,60,81,6,2,NA,2,NA
1998,67,50,6,2,NA,1,7751
1998,70,74,12,2,1,NA,6201
1998,74,51,14,2,1,NA,18947
1998,79,82,8,2,NA,2,16363
1998,90,33,20,1,1,2,68900
1998,99,48,16,2,1,1,115841
1998,108,37,13,2,1,NA,31005
1998,115,59,7,2,1,2,2411
1998,125,35,10,1,1,2,9473
1998,129,80,9,2,NA,2,5167
1998,147,61,12,1,NA,NA,NA
1998,151,50,16,1,NA,1,46507
1998,152,48,12,2,NA,2,37895
1998,162,79,8,2,1,2,NA
1998,166,67,12,2,1,NA,18947
1998,167,40,14,1,2,NA,37895
1998,169,25,13,1,1,2,56842
1998,171,33,12,1,NA,2,22392
1998,173,70,12,2,1,2,14641
1998,175,20,12,1,1,NA,31005
1998,196,26,13,1,1,2,12918
1998,209,24,16,1,NA,2,68900
1998,212,28,14,1,NA,2,31005
1998,219,47,20,1,1,1,68900
1998,220,52,16,2,2,NA,22392
1998,227,61,8,1,1,NA,115841
1998,228,27,16,2,1,1,115841
1998,234,79,12,1,NA,1,9473
1998,236,44,14,2,2,1,7751
1998,238,45,14,2,1,NA,14641
1998,252,35,15,1,NA,1,37895
1998,264,61,12,2,1,NA,56842
1998,266,28,11,2,1,2,25837
1998,268,29,15,2,NA,1,NA
1998,277,24,16,1,1,1,7751
1998,286,22,15,1,1,NA,14641
1998,293,41,13,2,1,2,16363
1998,300,44,12,2,1,2,16363
1998,323,60,16,2,1,1,56842
1998,324,55,18,2,NA,2,68900
1998,325,55,15,1,1,NA,68900
1998,327,55,16,1,1,2,12918
1998,329,35,14,1,NA,2,31005
1998,330,60,17,1,2,NA,68900
1998,333,30,13,2,1,2,18947
1998,338,46,12,2,1,1,56842
1998,343,62,14,2,NA,2,37895
1998,344,29,12,1,NA,2,16363
1998,349,58,13,2,NA,2,9473
1998,359,24,14,2,1,NA,16363
1998,360,42,14,2,1,1,3100
1998,370,43,18,2,1,NA,56842
1998,373,48,16,1,NA,1,68900
1998,375,44,16,2,1,2,16363
1998,381,62,14,2,NA,2,22392
1998,382,40,15,2,1,NA,46507
1998,385,48,13,2,1,NA,31005
1998,389,28,16,1,1,1,46507
1998,399,46,12,1,2,NA,1378
1998,404,44,14,2,1,NA,56842
1998,409,37,14,1,NA,2,46507
1998,412,29,15,2,2,NA,68900
1998,418,43,17,1,1,NA,115841
1998,419,34,20,1,NA,1,25837
1998,420,54,12,2,1,1,25837
1998,426,20,12,1,1,NA,6201
1998,431,48,13,2,1,NA,11196
1998,433,27,14,2,NA,2,18947
1998,434,73,14,2,2,1,22392
1998,437,26,9,2,1,2,9473
1998,438,41,12,2,1,NA,22392
1998,440,40,14,2,NA,2,31005
1998,444,39,10,1,1,NA,14641
1998,446,56,15,2,NA,1,25837
1998,447,73,7,2,1,NA,1378
1998,451,19,12,2,2,2,6201
1998,456,50,16,1,1,NA,56842
1998,458,67,13,2,1,NA,7751
1998,461,23,16,2,1,1,5167
1998,462,42,14,1,NA,1,68900
1998,473,85,15,2,1,2,NA
1998,477,31,16,2,1,NA,56842
1998,479,46,16,2,1,1,56842
1998,482,55,18,2,NA,NA,68900
1998,483,32,13,2,1,NA,NA
1998,487,28,12,2,1,2,9473
1998,496,57,20,1,1,2,NA
1998,498,28,18,2,1,NA,115841
1998,507,58,12,2,1,NA,6201
1998,510,29,8,1,NA,1,9473
1998,515,73,3,2,1,NA,6201
1998,526,52,16,2,NA,2,NA
1998,528,25,14,2,1,1,NA
1998,535,32,16,1,1,NA,NA
1998,536,54,12,1,NA,1,NA
1998,537,38,12,2,NA,1,37895
1998,539,29,13,2,1,NA,56842
1998,541,30,12,2,1,2,14641
1998,544,37,13,2,NA,2,7751
1998,568,30,14,2,NA,2,18947
1998,571,22,12,1,NA,2,7751
1998,572,30,16,2,1,2,46507
1998,577,35,12,2,NA,2,18947
1998,584,31,10,2,1,NA,11196
1998,607,81,12,2,NA,2,11196
1998,609,51,12,1,1,NA,345
1998,616,76,16,2,NA,1,NA
1998,621,45,16,1,NA,1,16363
1998,622,80,12,1,1,2,25837
1998,638,55,13,2,1,NA,18947
1998,639,26,10,2,NA,2,6201
1998,641,25,11,1,1,2,1378
1998,642,28,12,2,1,NA,1378
1998,644,85,10,2,1,2,6201
1998,647,42,12,2,NA,NA,25837
1998,651,55,12,2,1,2,46507
1998,654,78,12,2,1,2,NA
1998,667,24,17,1,NA,2,14641
1998,671,35,10,1,NA,1,22392
1998,677,62,8,1,1,NA,7751
1998,683,49,12,2,1,NA,31005
1998,690,73,12,2,NA,1,7751
1998,691,56,12,2,1,NA,12918
1998,693,51,18,2,1,NA,31005
1998,694,28,16,1,NA,2,31005
1998,695,44,12,2,1,2,68900
1998,706,56,12,2,NA,1,7751
1998,715,55,16,1,NA,2,115841
1998,720,56,12,1,2,2,31005
1998,724,82,8,1,1,NA,18947
1998,726,85,8,2,1,2,5167
1998,737,35,12,2,NA,NA,25837
1998,745,59,12,1,2,NA,68900
1998,748,52,18,2,NA,2,37895
1998,750,55,16,1,2,1,NA
1998,758,28,16,1,1,NA,16363
1998,764,56,12,2,2,NA,22392
1998,768,40,16,2,1,1,16363
1998,769,60,19,1,NA,1,56842
1998,771,38,14,1,1,1,37895
1998,775,36,11,1,1,2,22392
1998,776,25,16,2,1,2,25837
1998,783,34,12,1,NA,1,NA
1998,787,80,8,1,NA,2,7751
1998,798,47,15,1,2,NA,NA
1998,802,24,12,1,2,NA,3100
1998,804,36,9,2,NA,2,18947
1998,808,32,10,2,2,2,3789
1998,811,52,17,2,NA,2,37895
1998,817,83,16,2,1,NA,345
1998,835,84,14,1,1,2,NA
1998,846,53,12,1,1,NA,18947
1998,848,30,14,1,1,NA,25837
1998,852,22,14,2,1,NA,14641
1998,853,37,16,2,1,NA,68900
1998,855,25,11,2,2,NA,1378
1998,857,69,8,2,1,NA,9473
1998,859,86,12,2,1,2,4478
1998,861,73,8,2,1,2,9473
1998,862,74,12,2,1,2,5167
1998,863,54,8,1,1,2,11196
1998,877,34,14,1,1,2,46507
1998,888,28,14,2,1,NA,2411
1998,895,47,12,1,NA,2,46507
1998,896,40,3,1,1,2,2411
1998,899,47,3,1,NA,2,345
1998,902,55,12,1,1,NA,46507
1998,914,35,11,1,NA,2,46507
1998,916,41,10,2,NA,2,37895
1998,927,34,16,2,1,NA,56842
1998,928,38,16,2,NA,1,25837
1998,933,37,13,2,2,NA,56842
1998,934,79,12,2,NA,2,18947
1998,936,34,15,2,1,NA,14641
1998,937,30,20,1,1,NA,25837
1998,938,19,12,2,1,2,46507
1998,942,67,12,2,NA,NA,9473
1998,943,27,12,2,1,2,11196
1998,944,44,14,1,1,NA,31005
1998,947,45,18,2,1,NA,37895
1998,949,67,19,2,1,1,18947
1998,952,31,20,2,1,NA,46507
1998,956,36,16,2,NA,1,31005
1998,960,47,15,1,1,2,46507
1998,980,28,13,2,1,2,31005
1998,982,34,16,2,1,NA,22392
1998,986,58,12,2,1,NA,14641
1998,990,33,12,1,NA,NA,25837
1998,992,35,12,1,2,NA,22392
1998,999,45,15,2,1,NA,56842
1998,1003,47,17,2,1,2,31005
1998,1012,63,11,1,NA,1,NA
1998,1028,34,12,2,1,2,18947
1998,1029,87,12,2,1,NA,22392
1998,1032,50,10,2,1,NA,37895
1998,1041,18,12,2,2,2,NA
1998,1042,51,16,2,1,NA,56842
1998,1043,43,16,1,NA,1,56842
1998,1044,20,12,2,NA,1,3100
1998,1047,34,16,2,1,NA,46507
1998,1058,41,16,1,1,1,16363
1998,1060,40,16,2,NA,1,37895
1998,1061,33,16,2,1,NA,14641
1998,1063,75,15,2,NA,2,9473
1998,1066,44,6,1,1,NA,16363
1998,1070,24,14,2,1,2,16363
1998,1071,87,13,1,1,NA,1378
1998,1075,41,17,2,1,1,56842
1998,1076,24,12,1,2,1,14641
1998,1083,19,13,1,NA,1,31005
1998,1094,25,13,2,1,NA,37895
1998,1096,27,10,2,1,NA,12918
1998,1097,39,12,2,1,NA,14641
1998,1106,49,12,1,1,2,46507
1998,1125,72,12,2,NA,2,22392
1998,1126,67,15,1,1,1,6201
1998,1129,70,13,1,1,2,18947
1998,1130,39,15,1,NA,2,14641
1998,1140,74,16,1,2,2,25837
1998,1146,45,14,2,1,2,9473
1998,1149,79,8,2,1,NA,NA
1998,1154,44,16,1,1,NA,18947
1998,1155,34,9,1,1,1,11196
1998,1167,73,6,2,NA,2,5167
1998,1180,33,12,2,1,NA,56842
1998,1189,31,12,1,1,2,NA
1998,1192,49,20,2,1,NA,46507
1998,1202,32,12,2,NA,2,345
1998,1212,41,10,1,1,2,37895
1998,1213,79,8,2,1,2,9473
1998,1214,75,12,2,2,2,9473
1998,1215,35,12,1,2,NA,11196
1998,1218,38,12,1,2,NA,NA
1998,1228,31,14,1,NA,2,46507
1998,1239,38,9,1,NA,2,6201
1998,1240,19,11,2,1,1,6201
1998,1242,23,15,1,1,NA,22392
1998,1249,29,16,1,1,2,31005
1998,1250,58,13,1,2,2,22392
1998,1256,24,12,1,2,1,14641
1998,1267,48,10,1,1,NA,31005
1998,1282,42,16,2,NA,1,56842
1998,1285,49,16,2,NA,2,46507
1998,1287,28,16,1,1,NA,37895
1998,1289,33,16,1,NA,1,25837
1998,1291,61,12,1,1,2,345
1998,1298,30,12,2,1,NA,56842
1998,1299,41,16,1,NA,2,16363
1998,1303,41,13,2,1,NA,5167
1998,1304,29,12,2,1,NA,9473
1998,1308,37,14,2,1,NA,31005
1998,1311,31,12,2,1,1,3100
1998,1315,65,9,2,1,2,9473
1998,1318,37,9,2,NA,2,18947
1998,1320,38,12,2,NA,NA,18947
1998,1328,40,12,1,1,NA,3100
1998,1329,22,14,1,1,NA,14641
1998,1330,36,15,2,NA,2,46507
1998,1348,35,12,1,NA,2,31005
1998,1351,33,17,2,1,NA,56842
1998,1361,22,13,2,1,1,1378
1998,1366,30,19,2,1,NA,37895
1998,1367,34,20,2,1,NA,25837
1998,1373,35,12,1,1,NA,NA
1998,1374,43,16,2,1,NA,46507
1998,1375,28,14,1,1,2,25837
1998,1378,34,12,1,NA,2,NA
1998,1379,34,14,2,1,NA,31005
1998,1385,33,16,1,NA,1,37895
1998,1390,85,2,2,1,2,5167
1998,1408,38,13,2,1,NA,18947
1998,1410,79,NA,1,NA,2,6201
1998,1414,44,12,2,1,2,NA
1998,1418,28,19,1,NA,1,25837
1998,1422,76,16,2,1,1,31005
1998,1423,34,12,2,1,2,31005
1998,1427,29,14,2,2,1,37895
1998,1428,57,18,1,2,2,22392
1998,1435,20,13,2,NA,2,18947
1998,1439,33,13,2,NA,2,31005
1998,1445,23,12,2,NA,NA,16363
1998,1446,32,12,1,NA,1,31005
1998,1451,35,12,2,NA,1,68900
1998,1454,44,10,1,2,1,46507
1998,1456,23,16,2,1,NA,56842
1998,1461,28,15,2,1,NA,18947
1998,1465,46,17,2,NA,1,18947
1998,1467,33,16,1,NA,2,22392
1998,1469,31,16,1,NA,2,NA
1998,1473,38,14,2,1,2,NA
1998,1478,54,12,2,NA,2,4478
1998,1486,38,20,1,NA,2,56842
1998,1498,21,10,2,1,NA,1378
1998,1499,20,10,2,NA,2,345
1998,1507,44,16,2,1,NA,18947
1998,1511,64,0,1,NA,2,14641
1998,1513,51,16,1,NA,2,115841
1998,1526,62,12,2,2,2,31005
1998,1529,80,12,1,NA,2,NA
1998,1534,49,12,1,2,2,31005
1998,1549,42,16,1,NA,1,56842
1998,1557,39,14,1,1,NA,37895
1998,1569,26,12,2,1,2,18947
1998,1578,28,16,2,NA,2,12918
1998,1580,21,12,1,1,2,2411
1998,1585,62,16,2,1,2,NA
1998,1588,74,19,2,1,2,22392
1998,1592,51,13,1,1,1,37895
1998,1604,20,13,2,1,1,12918
1998,1609,27,12,2,1,1,7751
1998,1612,34,17,1,1,NA,46507
1998,1616,29,15,1,NA,NA,16363
1998,1619,25,19,2,1,NA,22392
1998,1626,25,13,1,1,1,7751
1998,1628,48,6,2,NA,1,7751
1998,1632,30,17,1,NA,1,18947
1998,1636,34,14,1,1,NA,25837
1998,1637,42,12,2,1,NA,11196
1998,1643,77,11,2,NA,2,9473
1998,1644,61,7,1,1,2,37895
1998,1646,36,13,2,1,NA,345
1998,1651,66,16,1,1,2,22392
1998,1655,35,14,2,NA,2,25837
1998,1659,19,11,1,NA,NA,115841
1998,1660,43,19,1,1,NA,115841
1998,1665,42,16,2,1,2,115841
1998,1684,73,12,1,2,NA,31005
1998,1685,40,13,2,1,2,31005
1998,1691,83,10,1,2,1,NA
1998,1701,46,19,1,2,NA,25837
1998,1703,33,12,2,1,NA,18947
1998,1709,65,12,2,1,NA,7751
1998,1711,25,17,2,NA,NA,NA
1998,1712,43,12,1,2,NA,NA
1998,1720,32,13,1,NA,2,22392
1998,1728,56,15,1,NA,1,31005
1998,1730,60,10,2,NA,2,NA
1998,1745,66,12,2,2,2,NA
1998,1749,26,12,1,NA,2,31005
1998,1750,43,13,2,1,2,25837
1998,1756,83,8,1,1,2,7751
1998,1769,64,11,2,1,NA,4478
1998,1770,22,15,1,1,1,9473
1998,1781,38,13,1,NA,1,18947
1998,1787,74,12,2,2,1,12918
1998,1788,58,18,1,1,NA,115841
1998,1791,74,12,1,2,2,7751
1998,1795,28,14,1,NA,1,46507
1998,1805,62,12,2,1,NA,NA
1998,1807,55,12,1,NA,2,NA
1998,1808,37,14,1,1,NA,18947
1998,1812,76,12,2,2,2,11196
1998,1813,28,13,2,1,NA,14641
1998,1814,70,3,1,NA,2,5167
1998,1818,19,12,2,1,1,1378
1998,1822,63,12,2,1,1,NA
1998,1827,71,12,2,1,NA,18947
1998,1830,43,14,1,1,2,56842
1998,1838,24,16,2,1,NA,2411
1998,1840,39,17,2,1,NA,25837
1998,1842,46,16,1,1,1,18947
1998,1844,43,17,2,NA,2,56842
1998,1845,34,16,1,1,NA,37895
1998,1846,58,12,1,NA,NA,NA
1998,1851,43,14,2,2,NA,22392
1998,1855,60,17,1,1,2,115841
1998,1862,21,12,2,1,2,25837
1998,1865,56,12,2,NA,2,31005
1998,1867,72,14,2,1,2,16363
1998,1869,22,16,2,NA,2,56842
1998,1878,70,6,1,1,2,9473
1998,1880,26,10,1,1,2,16363
1998,1890,26,12,2,NA,2,1378
1998,1894,31,12,1,NA,2,37895
1998,1896,41,17,2,NA,2,31005
1998,1899,32,16,2,1,2,18947
1998,1909,63,8,2,1,NA,345
1998,1911,75,15,2,1,NA,NA
1998,1917,86,12,2,NA,2,5167
1998,1926,41,17,1,NA,1,37895
1998,1930,36,12,2,NA,1,12918
1998,1931,58,16,1,1,NA,25837
1998,1932,59,16,1,NA,1,NA
1998,1941,30,14,2,1,NA,16363
1998,1946,21,15,2,NA,1,6201
1998,1947,21,14,2,1,1,11196
1998,1950,38,18,1,1,2,25837
1998,1961,26,14,1,1,1,12918
1998,1963,20,12,1,1,2,1378
1998,1966,21,14,1,NA,1,14641
1998,1971,26,12,1,NA,2,31005
1998,1976,27,12,1,NA,2,31005
1998,1977,30,18,2,1,NA,18947
1998,1979,35,12,1,1,2,25837
1998,1980,29,17,2,NA,2,37895
1998,1982,21,11,2,NA,2,1378
1998,1984,37,12,2,NA,2,22392
1998,1985,21,12,2,1,NA,3789
1998,1986,34,15,1,1,2,345
1998,1988,27,12,1,1,1,18947
1998,1991,27,13,1,1,NA,18947
1998,2000,57,17,1,NA,2,25837
1998,2007,42,13,1,NA,2,18947
1998,2010,43,16,2,1,1,46507
1998,2011,36,15,1,2,2,NA
1998,2016,43,16,2,1,2,115841
1998,2022,47,14,1,1,2,37895
1998,2029,41,14,2,NA,2,NA
1998,2034,69,12,1,NA,2,16363
1998,2048,59,12,2,NA,2,68900
1998,2049,53,12,2,NA,2,25837
1998,2051,43,16,2,NA,NA,NA
1998,2056,51,16,2,1,2,115841
1998,2057,55,12,2,1,NA,115841
1998,2064,83,15,1,NA,2,NA
1998,2071,39,12,2,2,NA,4478
1998,2078,54,12,2,NA,2,4478
1998,2080,89,3,2,1,2,4478
1998,2090,64,16,2,1,1,46507
1998,2103,76,16,1,NA,2,NA
1998,2106,35,13,2,1,2,12918
1998,2118,50,14,2,NA,2,46507
1998,2127,36,13,2,1,2,16363
1998,2130,44,16,2,NA,2,37895
1998,2132,28,14,2,NA,1,31005
1998,2140,26,16,2,NA,1,18947
1998,2141,28,16,2,1,NA,18947
1998,2143,70,14,2,1,2,7751
1998,2147,32,16,1,1,2,NA
1998,2160,46,11,1,NA,1,3100
1998,2169,79,5,2,2,2,2411
1998,2172,49,15,2,1,2,7751
1998,2173,28,14,1,1,1,14641
1998,2175,23,15,1,NA,1,18947
1998,2192,29,12,2,NA,2,11196
1998,2194,54,12,1,1,2,NA
1998,2197,31,16,2,1,2,18947
1998,2206,58,12,2,1,NA,12918
1998,2207,26,14,1,1,1,NA
1998,2208,39,16,2,NA,2,115841
1998,2212,51,17,2,NA,2,31005
1998,2214,38,16,2,NA,2,14641
1998,2217,55,11,1,2,2,31005
1998,2226,34,12,1,1,NA,3789
1998,2233,64,10,1,2,NA,14641
1998,2238,83,15,2,1,NA,22392
1998,2239,38,12,2,1,NA,22392
1998,2240,64,9,1,1,2,NA
1998,2253,45,12,1,NA,1,18947
1998,2258,20,12,1,NA,1,31005
1998,2259,35,11,1,1,NA,14641
1998,2262,51,14,2,1,NA,46507
1998,2270,47,12,2,NA,2,22392
1998,2275,56,12,2,1,NA,31005
1998,2276,66,12,1,NA,2,NA
1998,2298,44,12,1,2,NA,25837
1998,2299,42,12,1,NA,2,68900
1998,2300,45,12,2,2,NA,16363
1998,2312,40,12,2,NA,1,31005
1998,2318,49,12,1,1,2,31005
1998,2321,24,17,2,NA,2,3789
1998,2328,34,12,2,NA,2,56842
1998,2332,49,12,1,NA,2,31005
1998,2338,41,12,1,1,1,14641
1998,2346,72,10,1,2,NA,22392
1998,2349,51,8,1,NA,2,37895
1998,2357,45,12,2,NA,1,14641
1998,2359,24,15,2,2,2,18947
1998,2369,24,10,2,1,2,7751
1998,2370,34,15,1,NA,2,31005
1998,2374,30,8,2,1,NA,3789
1998,2381,65,13,1,NA,2,11196
1998,2390,64,15,1,1,NA,18947
1998,2401,32,12,1,1,NA,68900
1998,2406,36,13,2,1,2,31005
1998,2433,25,12,2,1,NA,9473
1998,2434,35,12,2,2,NA,NA
1998,2445,36,14,1,2,2,37895
1998,2448,18,10,1,2,1,25837
1998,2453,35,12,2,2,NA,22392
1998,2463,51,16,2,1,NA,115841
1998,2472,54,15,2,2,NA,25837
1998,2474,39,15,2,2,2,46507
1998,2475,25,12,1,2,2,NA
1998,2480,28,12,1,2,NA,11196
1998,2482,38,12,1,NA,2,22392
1998,2486,45,12,2,1,2,37895
1998,2489,32,13,2,1,NA,22392
1998,2491,85,12,1,NA,2,7751
1998,2492,32,15,2,1,NA,31005
1998,2509,39,12,2,NA,1,14641
1998,2511,37,12,2,1,NA,115841
1998,2513,50,10,2,1,NA,25837
1998,2518,29,10,1,NA,2,22392
1998,2523,42,12,1,NA,2,37895
1998,2536,29,14,2,1,NA,2411
1998,2539,42,10,2,1,2,11196
1998,2548,37,12,1,1,2,12918
1998,2556,54,8,1,1,NA,37895
1998,2557,41,16,2,1,NA,68900
1998,2558,58,14,2,NA,1,NA
1998,2560,77,12,2,NA,2,31005
1998,2561,32,13,2,NA,2,46507
1998,2567,33,12,1,NA,2,31005
1998,2590,22,14,2,1,NA,3789
1998,2591,31,12,2,1,2,9473
1998,2596,42,14,2,1,NA,16363
1998,2601,25,13,1,NA,2,14641
1998,2602,36,16,1,2,2,37895
1998,2609,37,13,2,1,NA,18947
1998,2610,28,12,1,NA,1,18947
1998,2616,46,12,1,NA,2,12918
1998,2622,76,12,2,1,2,12918
1998,2626,86,15,2,1,NA,46507
1998,2627,33,13,2,2,1,NA
1998,2643,46,14,1,2,2,37895
1998,2658,46,19,2,1,NA,46507
1998,2663,79,12,2,NA,2,12918
1998,2667,50,14,1,1,NA,25837
1998,2669,34,16,2,1,2,46507
1998,2675,42,12,2,1,NA,22392
1998,2679,25,12,1,NA,2,16363
1998,2681,73,10,2,2,2,22392
1998,2684,60,12,1,NA,2,22392
1998,2692,76,6,2,1,2,9473
1998,2695,81,4,2,NA,2,3789
1998,2701,43,12,2,1,2,37895
1998,2705,72,10,2,NA,NA,NA
1998,2716,51,10,2,NA,2,12918
1998,2720,51,15,1,2,1,1378
1998,2721,26,8,2,1,NA,NA
1998,2722,32,12,2,1,1,31005
1998,2724,26,12,1,1,NA,14641
1998,2732,44,12,2,NA,2,68900
1998,2737,23,16,2,1,NA,68900
1998,2741,83,12,2,1,NA,NA
1998,2745,35,15,2,1,2,37895
1998,2746,48,13,2,1,NA,16363
1998,2752,73,12,1,NA,2,NA
1998,2757,73,7,1,NA,NA,3789
1998,2764,38,12,2,1,2,25837
1998,2772,74,16,1,2,NA,14641
1998,2781,34,8,2,1,NA,14641
1998,2782,67,12,1,1,2,18947
1998,2788,28,12,1,2,2,22392
1998,2793,70,10,1,1,NA,NA
1998,2795,41,18,2,1,NA,68900
1998,2812,32,13,2,NA,2,37895
1998,2817,68,12,2,NA,2,22392
1998,2822,49,12,1,NA,1,16363
1998,2823,37,14,1,NA,2,37895
1998,2827,59,9,2,1,NA,NA
2000,2,48,15,2,1,2,5985
2000,4,39,14,2,NA,1,29925
2000,9,44,18,1,NA,1,141038
2000,14,51,17,1,2,2,66500
2000,17,77,15,1,1,2,9143
2000,28,88,13,2,NA,2,NA
2000,31,89,12,2,NA,NA,24937
2000,33,55,12,2,1,NA,29925
2000,53,59,16,1,1,1,66500
2000,54,46,13,2,NA,2,141038
2000,60,21,15,2,1,2,NA
2000,62,31,20,2,1,2,44887
2000,68,33,7,2,1,NA,29925
2000,77,76,9,2,1,2,NA
2000,88,53,16,2,1,NA,29925
2000,92,45,14,1,NA,1,54862
2000,103,48,16,2,1,NA,141038
2000,108,47,16,2,NA,1,44887
2000,115,48,9,2,NA,2,44887
2000,121,43,13,2,NA,2,333
2000,129,36,11,1,NA,1,333
2000,131,23,16,1,1,1,2327
2000,132,30,15,1,2,1,18287
2000,141,76,7,1,NA,2,333
2000,147,58,12,2,1,2,1330
2000,148,29,12,2,1,NA,5985
2000,150,44,12,2,NA,2,5985
2000,152,36,11,2,2,NA,NA
2000,160,48,16,2,NA,NA,141038
2000,162,43,12,2,1,2,24937
2000,165,49,16,1,NA,1,NA
2000,167,19,11,1,1,2,NA
2000,173,36,14,1,NA,2,36575
2000,181,45,16,2,1,NA,NA
2000,184,50,NA,1,NA,1,NA
2000,185,50,NA,1,1,NA,141038
2000,190,38,19,1,NA,1,141038
2000,196,56,16,1,1,NA,NA
2000,206,30,19,1,NA,2,141038
2000,214,30,19,2,NA,1,141038
2000,218,31,12,2,1,NA,141038
2000,219,32,13,1,NA,2,66500
2000,221,28,15,2,1,NA,29925
2000,223,36,13,1,1,1,36575
2000,225,38,12,2,1,2,21612
2000,237,36,9,1,NA,1,36575
2000,238,49,20,1,1,NA,54862
2000,251,36,14,2,NA,2,36575
2000,256,38,16,2,2,1,44887
2000,263,72,12,2,1,NA,9143
2000,276,60,11,2,1,NA,NA
2000,278,61,8,2,2,NA,5985
2000,279,59,11,2,1,NA,9143
2000,280,59,12,2,1,2,10806
2000,281,31,11,2,1,NA,333
2000,287,42,15,1,NA,1,NA
2000,292,31,13,1,1,NA,24937
2000,295,34,14,2,1,1,NA
2000,307,40,12,2,1,1,141038
2000,316,29,16,2,NA,2,54862
2000,323,37,16,1,1,2,44887
2000,326,26,16,2,NA,2,21612
2000,328,23,15,1,1,NA,66500
2000,331,53,12,2,NA,2,44887
2000,335,47,16,2,1,NA,44887
2000,338,18,11,1,1,1,36575
2000,341,30,12,1,2,2,36575
2000,349,28,12,2,1,2,24937
2000,351,37,12,2,NA,2,141038
2000,356,42,16,1,1,NA,54862
2000,365,36,16,2,1,NA,141038
2000,366,45,16,1,NA,2,141038
2000,368,58,14,1,2,NA,54862
2000,370,25,12,2,NA,1,18287
2000,373,26,16,1,1,NA,15793
2000,378,44,13,1,1,1,2327
2000,391,71,3,2,1,1,NA
2000,396,42,12,2,NA,2,NA
2000,400,26,16,2,NA,NA,5985
2000,403,45,14,1,1,1,9143
2000,405,56,11,1,1,1,333
2000,410,42,19,2,1,1,141038
2000,414,54,17,2,1,1,54862
2000,415,38,17,2,NA,1,141038
2000,417,53,16,2,1,NA,141038
2000,420,46,16,2,1,1,44887
2000,423,53,14,2,1,NA,21612
2000,435,52,13,2,1,NA,15793
2000,438,28,14,1,1,2,24937
2000,452,84,6,2,1,NA,NA
2000,454,41,12,2,2,NA,24937
2000,465,37,12,1,1,2,44887
2000,470,28,16,2,NA,1,44887
2000,471,35,12,1,NA,2,36575
2000,473,30,12,1,1,2,24937
2000,479,53,11,1,2,NA,36575
2000,482,25,15,2,2,NA,29925
2000,486,31,12,1,2,NA,21612
2000,498,60,13,1,1,1,44887
2000,500,44,12,2,1,2,18287
2000,507,43,13,2,1,2,36575
2000,509,57,18,2,1,1,141038
2000,514,30,9,2,1,NA,14131
2000,515,24,10,1,NA,2,29925
2000,518,38,14,2,NA,1,44887
2000,523,25,12,1,1,NA,NA
2000,528,78,5,1,1,NA,NA
2000,533,37,8,2,NA,2,NA
2000,535,36,11,2,NA,2,5985
2000,545,45,14,2,1,NA,NA
2000,546,64,19,2,1,2,NA
2000,551,21,13,2,NA,1,NA
2000,553,48,15,2,1,NA,7481
2000,558,32,10,2,1,NA,NA
2000,564,70,14,2,1,NA,NA
2000,566,44,14,2,NA,2,54862
2000,569,36,14,2,NA,2,36575
2000,570,29,16,1,1,NA,7481
2000,572,40,8,1,1,2,18287
2000,580,25,12,2,1,1,24937
2000,589,35,16,1,NA,2,141038
2000,590,53,12,2,1,2,54862
2000,591,49,12,2,1,NA,44887
2000,592,45,14,1,1,2,44887
2000,594,36,14,2,NA,2,54862
2000,600,48,14,2,NA,2,66500
2000,602,54,8,1,1,2,29925
2000,614,51,12,1,1,NA,66500
2000,618,23,16,1,1,2,NA
2000,619,63,12,1,1,2,NA
2000,628,35,16,1,1,2,29925
2000,637,23,14,2,NA,2,24937
2000,639,62,12,2,NA,NA,24937
2000,640,40,16,2,1,NA,10806
2000,643,53,15,2,1,2,NA
2000,648,24,12,1,1,1,1330
2000,649,27,12,2,NA,1,24937
2000,657,46,12,2,1,2,12468
2000,665,42,12,2,1,NA,21612
2000,669,26,12,2,1,2,29925
2000,671,32,13,2,1,2,66500
2000,677,31,10,2,1,NA,18287
2000,687,30,16,2,1,2,44887
2000,689,57,15,2,2,NA,15793
2000,704,40,17,2,NA,2,1330
2000,707,26,14,1,NA,1,15793
2000,719,27,16,1,NA,1,10806
2000,723,37,16,1,NA,2,36575
2000,724,52,12,2,1,1,18287
2000,727,63,10,1,2,NA,24937
2000,728,79,11,1,1,NA,14131
2000,736,81,11,1,NA,2,7481
2000,737,88,16,2,1,NA,9143
2000,744,20,13,1,1,2,54862
2000,745,65,16,1,2,2,10806
2000,746,53,16,1,1,2,44887
2000,753,32,12,2,1,1,24937
2000,755,56,13,1,NA,2,18287
2000,759,69,12,2,2,NA,7481
2000,764,22,13,1,1,NA,21612
2000,776,47,15,2,1,NA,9143
2000,780,84,14,2,NA,1,29925
2000,781,54,12,2,1,1,5985
2000,782,45,13,2,1,NA,36575
2000,783,73,12,2,1,NA,36575
2000,784,79,12,1,1,NA,36575
2000,785,38,13,1,NA,2,10806
2000,790,30,12,1,NA,2,54862
2000,800,45,17,1,2,NA,NA
2000,807,46,12,2,1,NA,18287
2000,814,68,12,2,1,NA,7481
2000,817,26,16,1,1,1,36575
2000,838,72,14,2,1,1,29925
2000,855,73,16,2,1,1,141038
2000,866,65,NA,2,1,NA,3657
2000,873,31,18,2,NA,2,9143
2000,895,52,18,1,2,NA,29925
2000,896,60,18,2,1,2,44887
2000,897,30,16,2,NA,2,44887
2000,898,60,14,1,2,2,24937
2000,908,58,NA,2,NA,2,NA
2000,909,37,9,2,1,2,7481
2000,910,59,14,2,1,1,4322
2000,922,32,8,1,NA,1,14131
2000,925,49,14,1,NA,1,21612
2000,940,43,19,2,1,2,21612
2000,948,31,9,2,NA,1,15793
2000,954,49,13,1,NA,NA,10806
2000,955,50,12,2,NA,1,2992
2000,956,35,16,2,NA,1,9143
2000,960,35,16,2,1,NA,66500
2000,963,41,16,2,NA,2,NA
2000,971,50,10,1,1,2,333
2000,972,42,12,1,2,NA,12468
2000,982,31,10,2,1,1,2327
2000,991,38,12,2,1,2,29925
2000,992,51,12,2,1,NA,29925
2000,994,27,16,1,1,NA,44887
2000,998,NA,13,2,1,2,NA
2000,1002,42,14,1,1,2,24937
2000,1005,44,14,1,1,NA,54862
2000,1010,41,11,2,1,NA,29925
2000,1012,53,16,1,2,2,29925
2000,1026,42,12,2,1,NA,36575
2000,1032,53,12,1,NA,2,21612
2000,1039,34,16,2,1,1,21612
2000,1048,24,14,2,1,NA,4987
2000,1049,42,9,1,NA,2,9143
2000,1052,46,13,2,1,2,36575
2000,1067,41,9,1,1,2,15793
2000,1079,35,12,2,1,1,54862
2000,1083,36,15,2,1,1,10806
2000,1084,75,12,2,NA,2,9143
2000,1085,63,20,1,2,NA,36575
2000,1090,37,14,2,1,NA,66500
2000,1099,50,15,2,NA,2,54862
2000,1102,27,12,1,1,NA,NA
2000,1107,43,13,1,2,2,18287
2000,1132,61,8,2,1,NA,4987
2000,1134,19,13,1,NA,1,9143
2000,1135,30,14,2,NA,1,NA
2000,1137,24,11,1,1,1,5985
2000,1141,54,16,1,1,NA,24937
2000,1155,46,16,1,1,2,15793
2000,1158,44,14,2,1,2,54862
2000,1159,54,14,1,NA,2,44887
2000,1166,85,12,2,1,2,7481
2000,1170,77,14,2,1,NA,9143
2000,1174,37,14,1,NA,2,21612
2000,1180,37,16,1,NA,2,36575
2000,1182,85,11,2,1,NA,15793
2000,1183,39,18,1,1,NA,29925
2000,1186,56,9,2,2,NA,5985
2000,1187,43,14,1,1,2,NA
2000,1188,26,13,2,NA,2,15793
2000,1192,28,10,1,1,NA,18287
2000,1195,58,11,2,1,1,4987
2000,1208,66,20,2,NA,1,36575
2000,1210,38,16,2,1,2,36575
2000,1223,60,13,2,NA,2,29925
2000,1233,72,14,2,1,NA,NA
2000,1237,41,19,1,1,1,44887
2000,1238,44,12,2,NA,1,15793
2000,1248,49,18,1,1,1,54862
2000,1259,25,12,2,2,NA,29925
2000,1260,66,2,2,2,2,18287
2000,1263,57,16,2,1,NA,36575
2000,1264,84,10,2,NA,2,NA
2000,1276,19,12,2,NA,2,NA
2000,1294,70,12,2,NA,NA,4322
2000,1305,35,10,2,1,2,NA
2000,1311,26,15,2,NA,2,15793
2000,1314,29,12,2,NA,1,18287
2000,1317,40,13,2,1,NA,21612
2000,1318,58,7,2,NA,2,14131
2000,1325,30,19,2,1,NA,21612
2000,1331,32,14,1,1,1,12468
2000,1349,33,18,2,1,1,36575
2000,1354,42,15,1,2,1,NA
2000,1357,29,13,2,1,NA,44887
2000,1359,26,13,1,2,NA,44887
2000,1366,24,16,2,1,2,21612
2000,1372,68,10,2,NA,2,NA
2000,1375,54,12,2,1,2,9143
2000,1378,77,8,2,NA,2,7481
2000,1385,42,12,2,1,NA,10806
2000,1396,44,15,2,NA,2,15793
2000,1404,64,12,1,1,2,66500
2000,1410,24,12,1,NA,NA,24937
2000,1412,36,14,1,1,1,24937
2000,1413,37,15,1,1,NA,44887
2000,1416,35,12,1,1,2,21612
2000,1423,32,12,1,2,NA,29925
2000,1424,38,12,2,NA,1,15793
2000,1425,42,13,2,1,NA,14131
2000,1428,24,12,1,NA,1,44887
2000,1430,50,16,1,NA,1,24937
2000,1433,48,12,2,NA,1,NA
2000,1439,21,12,2,1,NA,44887
2000,1456,36,13,1,1,NA,21612
2000,1467,35,17,2,1,NA,21612
2000,1468,40,12,2,1,1,44887
2000,1474,33,18,1,1,NA,36575
2000,1478,25,16,2,1,NA,36575
2000,1482,22,12,1,NA,1,NA
2000,1493,24,12,2,1,1,14131
2000,1499,67,12,1,1,NA,14131
2000,1504,44,16,2,1,NA,5985
2000,1510,66,14,2,1,2,14131
2000,1512,44,14,2,2,2,NA
2000,1521,33,12,2,NA,2,2327
2000,1522,38,13,2,1,NA,29925
2000,1524,36,17,2,2,NA,24937
2000,1527,34,14,1,1,NA,36575
2000,1534,42,16,2,NA,2,12468
2000,1541,74,14,2,1,2,3657
2000,1542,54,17,2,NA,NA,141038
2000,1546,28,14,1,1,NA,9143
2000,1547,30,16,1,NA,2,18287
2000,1552,31,5,1,1,NA,44887
2000,1557,38,18,1,1,2,54862
2000,1562,41,14,1,1,NA,21612
2000,1568,47,14,2,1,2,12468
2000,1572,49,12,2,1,NA,21612
2000,1574,27,14,2,1,2,10806
2000,1576,52,14,1,1,2,36575
2000,1577,32,16,2,1,NA,29925
2000,1582,53,16,2,1,2,44887
2000,1583,81,12,1,1,2,18287
2000,1589,60,16,1,NA,2,21612
2000,1591,50,12,2,1,1,15793
2000,1594,28,16,1,1,NA,18287
2000,1599,73,12,1,1,2,24937
2000,1600,76,12,2,NA,2,NA
2000,1602,38,10,1,1,2,29925
2000,1608,64,16,1,1,1,24937
2000,1614,33,12,2,1,NA,12468
2000,1618,42,10,1,NA,NA,29925
2000,1631,42,15,2,1,2,36575
2000,1639,39,19,1,NA,2,NA
2000,1642,43,12,2,NA,1,NA
2000,1657,32,9,2,1,NA,12468
2000,1661,38,12,2,1,NA,7481
2000,1668,55,12,1,2,1,15793
2000,1669,27,13,2,NA,1,36575
2000,1670,49,14,1,1,NA,21612
2000,1683,56,13,1,1,NA,66500
2000,1690,65,12,1,NA,1,24937
2000,1691,44,12,2,1,NA,24937
2000,1693,56,14,2,NA,1,21612
2000,1698,56,16,2,2,NA,24937
2000,1702,47,12,1,NA,2,24937
2000,1703,37,14,1,NA,1,21612
2000,1712,46,16,1,NA,2,15793
2000,1726,36,11,2,1,NA,10806
2000,1728,20,13,2,1,2,7481
2000,1731,44,18,1,1,1,12468
2000,1733,29,17,1,1,2,5985
2000,1744,48,11,1,NA,2,10806
2000,1748,48,13,2,1,NA,44887
2000,1749,49,16,2,NA,2,54862
2000,1753,55,8,2,1,NA,7481
2000,1757,42,12,2,1,2,29925
2000,1759,71,8,1,1,2,NA
2000,1762,30,13,1,NA,2,36575
2000,1763,37,14,1,2,2,36575
2000,1765,43,12,2,NA,2,14131
2000,1772,71,12,2,1,2,2992
2000,1773,40,13,2,1,NA,7481
2000,1781,67,16,2,NA,2,9143
2000,1788,22,15,2,1,NA,141038
2000,1795,33,16,1,2,NA,66500
2000,1814,43,14,1,1,NA,66500
2000,1817,52,14,2,1,NA,21612
2000,1824,71,12,2,1,NA,NA
2000,1828,43,12,2,1,NA,12468
2000,1829,33,10,2,1,NA,18287
2000,1835,53,9,1,1,NA,18287
2000,1842,85,NA,2,1,2,NA
2000,1843,45,11,2,1,NA,14131
2000,1853,30,16,1,2,NA,66500
2000,1855,33,16,1,1,1,54862
2000,1856,33,15,2,2,NA,21612
2000,1861,72,16,1,NA,1,54862
2000,1869,28,13,2,NA,2,7481
2000,1871,34,13,2,1,NA,29925
2000,1882,32,14,1,NA,1,24937
2000,1884,67,12,2,2,2,141038
2000,1890,36,16,1,2,NA,141038
2000,1893,22,10,1,NA,2,36575
2000,1899,29,16,1,NA,2,21612
2000,1906,20,12,1,1,1,7481
2000,1916,42,20,1,NA,2,18287
2000,1921,45,14,2,1,NA,29925
2000,1923,48,16,1,NA,2,44887
2000,1924,30,17,2,NA,2,36575
2000,1930,80,12,1,NA,2,333
2000,1945,66,20,2,NA,2,44887
2000,1948,51,18,2,2,NA,36575
2000,1950,71,14,1,1,2,18287
2000,1960,26,12,2,1,NA,44887
2000,1961,23,14,2,1,2,15793
2000,1970,38,10,2,1,NA,NA
2000,1971,37,17,2,1,2,24937
2000,1977,86,14,2,NA,NA,7481
2000,1978,53,13,1,2,NA,10806
2000,1980,31,12,1,1,NA,36575
2000,1981,27,12,2,1,2,14131
2000,1984,74,2,1,NA,2,9143
2000,1985,66,8,2,1,NA,15793
2000,1988,NA,14,1,NA,2,29925
2000,1996,30,12,2,1,NA,21612
2000,1998,38,16,2,1,1,66500
2000,2005,64,17,2,1,2,44887
2000,2010,44,12,2,1,NA,29925
2000,2018,78,16,2,NA,2,5985
2000,2022,63,10,1,1,1,7481
2000,2027,56,12,2,NA,2,66500
2000,2029,30,14,2,1,1,NA
2000,2032,53,16,1,1,NA,54862
2000,2034,32,19,1,NA,1,141038
2000,2038,34,16,1,NA,2,66500
2000,2049,49,12,1,2,NA,15793
2000,2051,33,13,1,NA,2,18287
2000,2058,44,18,1,1,NA,44887
2000,2063,55,16,1,2,1,141038
2000,2067,38,20,1,1,NA,36575
2000,2068,35,20,1,NA,2,21612
2000,2070,39,16,1,NA,1,141038
2000,2071,63,15,2,NA,2,21612
2000,2082,48,14,2,1,2,36575
2000,2087,85,20,1,1,2,54862
2000,2088,50,12,2,1,NA,NA
2000,2098,31,12,1,NA,2,24937
2000,2100,47,11,2,2,2,2327
2000,2101,67,8,2,NA,1,4987
2000,2106,59,10,2,NA,NA,NA
2000,2107,50,11,1,1,2,10806
2000,2113,49,15,2,1,1,12468
2000,2120,44,12,2,1,1,15793
2000,2128,42,15,2,1,1,29925
2000,2138,68,17,1,2,NA,18287
2000,2139,64,12,1,NA,2,24937
2000,2140,36,12,2,1,2,18287
2000,2149,76,13,2,1,2,9143
2000,2156,45,13,1,2,NA,4987
2000,2166,39,16,2,1,1,66500
2000,2167,22,13,2,2,NA,44887
2000,2170,27,12,1,1,1,44887
2000,2173,50,12,2,1,NA,5985
2000,2179,31,12,2,NA,2,18287
2000,2181,25,15,1,2,NA,54862
2000,2186,64,13,2,1,NA,NA
2000,2202,20,10,2,NA,1,333
2000,2207,32,11,1,1,NA,24937
2000,2208,45,16,2,1,1,36575
2000,2211,49,20,1,1,NA,66500
2000,2215,79,11,2,2,NA,12468
2000,2220,24,12,1,1,NA,15793
2000,2224,82,12,2,NA,NA,24937
2000,2227,19,12,2,1,2,10806
2000,2228,36,13,1,NA,2,36575
2000,2231,75,13,2,NA,1,21612
2000,2237,45,12,1,NA,2,66500
2000,2240,81,13,2,1,1,10806
2000,2259,72,8,1,1,2,NA
2000,2260,75,11,2,1,NA,24937
2000,2263,68,8,1,1,NA,4322
2000,2264,46,11,1,1,NA,15793
2000,2266,40,17,1,NA,2,18287
2000,2268,72,12,2,1,2,10806
2000,2269,43,12,2,1,2,54862
2000,2272,21,15,2,1,NA,24937
2000,2274,38,16,2,1,NA,54862
2000,2280,62,14,2,1,2,9143
2000,2312,44,12,1,1,NA,7481
2000,2326,73,14,2,1,2,9143
2000,2330,22,12,2,NA,2,NA
2000,2331,49,8,2,1,NA,5985
2000,2333,43,9,2,NA,2,2327
2000,2334,47,9,2,1,NA,4322
2000,2336,43,9,2,NA,2,7481
2000,2341,58,6,1,1,NA,4322
2000,2344,66,14,2,1,NA,NA
2000,2354,36,13,2,1,1,15793
2000,2355,69,8,1,1,1,24937
2000,2361,77,11,2,1,NA,3657
2000,2363,34,16,2,1,2,44887
2000,2365,32,16,2,NA,2,66500
2000,2373,65,12,2,1,NA,21612
2000,2376,78,8,1,1,NA,14131
2000,2382,55,12,1,1,2,36575
2000,2383,40,20,1,1,2,44887
2000,2387,43,15,1,NA,1,44887
2000,2394,42,16,1,2,NA,NA
2000,2397,74,8,2,NA,2,5985
2000,2403,22,14,2,NA,2,4987
2000,2406,27,10,1,1,NA,29925
2000,2413,48,12,2,2,2,14131
2000,2427,56,12,1,1,2,29925
2000,2430,44,15,1,2,2,36575
2000,2437,69,10,2,NA,2,10806
2000,2450,73,12,2,NA,2,NA
2000,2451,34,16,2,1,1,18287
2000,2452,86,16,2,NA,2,12468
2000,2455,43,16,2,2,NA,21612
2000,2460,40,13,2,NA,2,24937
2000,2464,59,12,1,1,1,21612
2000,2467,50,16,1,NA,2,24937
2000,2472,24,15,2,NA,2,14131
2000,2487,54,13,2,NA,2,10806
2000,2488,49,17,1,2,1,141038
2000,2500,38,16,1,NA,2,141038
2000,2504,31,14,2,1,NA,7481
2000,2505,31,12,1,NA,2,36575
2000,2517,61,12,1,1,NA,NA
2000,2529,33,13,1,1,NA,29925
2000,2533,57,11,2,1,2,9143
2000,2542,52,12,2,NA,1,44887
2000,2545,46,12,1,1,1,9143
2000,2552,49,13,2,1,NA,10806
2000,2555,45,12,1,NA,2,14131
2000,2557,40,12,2,NA,1,24937
2000,2559,28,16,1,NA,2,14131
2000,2561,28,15,1,1,NA,12468
2000,2567,49,14,2,NA,NA,21612
2000,2572,21,14,1,2,2,10806
2000,2587,33,14,2,NA,1,3657
2000,2588,76,7,1,1,2,4987
2000,2597,61,8,2,1,NA,NA
2000,2600,70,12,2,1,NA,10806
2000,2608,45,16,1,1,2,66500
2000,2615,40,13,2,1,1,7481
2000,2618,40,12,1,NA,1,29925
2000,2621,68,16,2,1,NA,NA
2000,2622,21,11,2,1,1,24937
2000,2625,85,14,1,2,2,18287
2000,2630,38,12,1,NA,1,29925
2000,2635,85,12,2,1,NA,18287
2000,2651,32,11,2,NA,1,18287
2000,2652,37,16,2,NA,1,14131
2000,2653,87,8,2,NA,NA,NA
2000,2655,42,12,1,1,NA,14131
2000,2656,54,10,1,NA,2,9143
2000,2659,30,12,1,1,1,21612
2000,2664,33,12,1,2,NA,24937
2000,2667,79,12,1,1,2,24937
2000,2673,66,7,2,NA,2,18287
2000,2674,31,14,2,1,NA,24937
2000,2686,82,8,2,1,2,29925
2000,2688,68,17,2,1,NA,12468
2000,2697,85,6,2,1,2,4322
2000,2699,28,12,2,1,2,2327
2000,2714,43,12,2,1,2,44887
2000,2715,28,13,2,NA,NA,24937
2000,2718,40,14,1,NA,2,36575
2000,2721,39,14,2,NA,2,44887
2000,2722,19,12,1,NA,1,54862
2000,2727,50,13,2,1,2,54862
2000,2734,36,12,1,NA,1,66500
2000,2736,39,16,1,2,NA,44887
2000,2738,35,12,1,NA,2,21612
2000,2744,46,11,1,NA,2,3657
2000,2746,72,13,1,1,NA,24937
2000,2748,31,15,2,NA,2,NA
2000,2749,58,17,1,2,1,36575
2000,2752,52,10,2,NA,2,29925
2000,2758,21,14,2,1,2,54862
2000,2759,72,10,2,NA,2,10806
2000,2766,30,20,1,1,1,29925
2000,2771,78,11,2,1,NA,9143
2000,2774,23,14,2,1,1,2327
2000,2779,53,18,1,1,1,141038
2000,2780,39,16,2,NA,2,44887
2000,2781,29,17,1,NA,2,18287
2000,2783,58,16,2,1,1,10806
2000,2788,22,15,2,1,NA,NA
2000,2794,81,5,1,1,2,NA
2000,2795,75,9,2,2,2,NA
2000,2796,70,7,1,NA,2,NA
2000,2802,52,12,1,2,1,18287
2000,2803,41,12,2,2,2,15793
2000,2804,43,12,2,NA,2,36575
2002,5,37,7,1,NA,NA,28156.5
2002,6,47,12,1,2,NA,62570
2002,13,49,18,1,NA,NA,62570
2002,17,51,12,2,1,NA,312.85
2002,20,28,15,1,NA,NA,17206.75
2002,31,52,14,2,NA,NA,42234.75
2002,35,55,16,1,NA,NA,13296.125
2002,38,51,20,2,2,NA,42234.75
2002,40,56,13,1,NA,NA,28156.5
2002,44,31,14,2,NA,NA,23463.75
2002,45,50,13,2,NA,NA,42234.75
2002,52,69,15,1,NA,2,42234.75
2002,53,53,13,1,2,1,11731.875
2002,62,27,14,2,NA,NA,23463.75
2002,65,62,8,1,1,2,8603.375
2002,69,78,9,1,NA,NA,4067.05
2002,76,77,13,1,1,NA,28156.5
2002,85,78,12,2,1,2,17206.75
2002,87,70,18,2,NA,NA,8603.375
2002,96,53,17,2,1,NA,42234.75
2002,102,56,13,2,NA,NA,NA
2002,104,52,13,2,NA,NA,34413.5
2002,115,78,15,2,NA,NA,10167.625
2002,121,76,11,2,1,2,7039.125
2002,125,71,2,2,NA,2,5631.3
2002,131,35,20,1,NA,NA,137237.765589
2002,132,31,16,2,NA,NA,42234.75
2002,136,44,14,2,1,NA,42234.75
2002,139,57,15,1,NA,2,62570
2002,142,41,12,1,NA,NA,23463.75
2002,144,79,12,2,NA,NA,34413.5
2002,146,63,12,2,NA,NA,34413.5
2002,162,34,15,1,NA,NA,51620.25
2002,165,71,15,1,1,2,8603.375
2002,170,63,16,1,1,2,51620.25
2002,171,48,12,2,NA,NA,NA
2002,175,36,12,2,NA,1,51620.25
2002,180,53,20,2,NA,2,137237.765589
2002,182,45,14,1,1,NA,28156.5
2002,187,NA,12,2,NA,1,2815.65
2002,191,48,14,2,1,NA,8603.375
2002,198,35,13,1,NA,NA,34413.5
2002,199,18,14,1,NA,NA,62570
2002,201,23,2,2,NA,NA,14860.375
2002,215,46,14,2,NA,NA,28156.5
2002,223,40,12,1,1,1,20335.25
2002,230,33,14,2,NA,NA,13296.125
2002,234,76,12,2,NA,NA,42234.75
2002,239,24,12,2,NA,1,34413.5
2002,242,32,13,1,1,2,137237.765589
2002,248,50,14,2,1,NA,7039.125
2002,256,42,14,1,NA,1,137237.765589
2002,257,25,16,2,1,1,8603.375
2002,263,26,12,2,NA,NA,3441.3500000000004
2002,264,68,5,2,NA,NA,7039.125
2002,266,35,13,2,1,NA,11731.875
2002,267,26,16,2,NA,2,4692.75
2002,271,31,12,2,NA,NA,8603.375
2002,276,56,18,2,1,2,137237.765589
2002,280,62,11,1,2,2,137237.765589
2002,281,43,12,2,NA,2,62570
2002,289,48,17,2,NA,NA,51620.25
2002,290,48,6,2,NA,2,51620.25
2002,292,29,13,1,NA,NA,51620.25
2002,293,26,15,1,NA,NA,23463.75
2002,294,76,15,1,1,NA,14860.375
2002,296,63,18,1,2,2,137237.765589
2002,298,41,13,2,NA,NA,20335.25
2002,299,29,14,1,1,NA,62570
2002,306,37,12,1,NA,NA,42234.75
2002,310,44,12,2,NA,NA,34413.5
2002,318,75,12,2,NA,2,28156.5
2002,320,51,17,1,NA,1,137237.765589
2002,325,27,12,2,NA,2,34413.5
2002,328,74,12,2,NA,NA,7039.125
2002,330,33,16,1,NA,NA,34413.5
2002,332,26,15,1,1,NA,62570
2002,338,33,16,1,1,1,137237.765589
2002,340,65,19,1,NA,2,137237.765589
2002,342,28,11,2,NA,NA,34413.5
2002,344,32,16,2,NA,1,51620.25
2002,352,49,9,2,1,1,20335.25
2002,354,37,14,2,NA,2,17206.75
2002,358,26,12,2,1,NA,17206.75
2002,365,47,14,2,2,NA,137237.765589
2002,369,75,17,1,1,NA,28156.5
2002,376,23,16,2,NA,NA,14860.375
2002,379,21,14,1,NA,NA,10167.625
2002,381,23,12,2,NA,1,NA
2002,383,89,14,2,NA,NA,17206.75
2002,386,46,12,2,1,NA,28156.5
2002,405,49,12,2,1,NA,14860.375
2002,417,32,16,1,1,2,42234.75
2002,432,31,16,2,NA,1,137237.765589
2002,433,26,16,1,1,2,NA
2002,437,60,19,1,1,1,28156.5
2002,446,56,14,2,NA,NA,NA
2002,447,55,6,2,NA,NA,8603.375
2002,449,47,20,2,NA,2,137237.765589
2002,451,54,19,2,NA,NA,137237.765589
2002,455,62,16,2,NA,NA,34413.5
2002,463,78,14,2,NA,NA,5631.3
2002,472,24,14,2,NA,2,51620.25
2002,473,52,14,2,1,2,23463.75
2002,476,72,14,1,1,NA,NA
2002,481,67,8,2,NA,NA,3441.3500000000004
2002,484,49,12,2,NA,NA,3441.3500000000004
2002,489,76,8,2,1,2,NA
2002,490,28,13,2,NA,NA,1251.4
2002,491,62,12,2,1,NA,NA
2002,499,35,16,2,1,NA,137237.765589
2002,505,48,16,2,NA,NA,NA
2002,510,55,15,1,2,NA,42234.75
2002,511,51,14,1,NA,2,2189.9500000000003
2002,515,39,11,2,NA,NA,3441.3500000000004
2002,525,53,19,2,NA,NA,7039.125
2002,528,35,12,2,NA,NA,34413.5
2002,530,55,18,2,NA,NA,137237.765589
2002,539,66,12,2,1,2,2189.9500000000003
2002,541,37,18,2,NA,NA,11731.875
2002,543,60,14,1,NA,NA,137237.765589
2002,553,60,13,2,NA,2,51620.25
2002,555,63,16,2,NA,NA,137237.765589
2002,560,35,12,2,NA,NA,42234.75
2002,566,24,14,2,NA,NA,14860.375
2002,570,79,12,2,NA,NA,4692.75
2002,571,28,14,2,NA,NA,NA
2002,572,64,12,1,1,NA,14860.375
2002,573,23,13,1,NA,NA,NA
2002,575,48,14,1,NA,NA,NA
2002,586,57,14,2,NA,NA,2815.65
2002,587,30,12,1,1,NA,11731.875
2002,590,54,11,1,NA,2,17206.75
2002,605,56,18,1,2,2,62570
2002,620,72,8,1,1,NA,14860.375
2002,626,22,12,1,NA,NA,17206.75
2002,631,23,13,1,1,NA,10167.625
2002,637,80,13,2,2,2,5631.3
2002,638,61,16,2,NA,NA,51620.25
2002,644,22,10,2,NA,NA,2815.65
2002,645,35,14,2,NA,NA,5631.3
2002,650,66,9,2,NA,NA,10167.625
2002,654,46,12,1,2,1,42234.75
2002,671,35,14,1,NA,1,NA
2002,675,52,15,1,NA,NA,42234.75
2002,684,57,18,2,NA,NA,62570
2002,690,23,13,2,NA,NA,42234.75
2002,691,21,8,2,NA,1,2189.9500000000003
2002,700,33,13,2,NA,2,42234.75
2002,702,78,2,1,NA,NA,10167.625
2002,712,33,12,2,1,NA,137237.765589
2002,717,34,18,2,NA,NA,51620.25
2002,720,83,12,2,NA,NA,4067.05
2002,721,31,16,1,NA,NA,17206.75
2002,732,86,11,1,1,1,23463.75
2002,735,22,12,2,1,1,23463.75
2002,746,32,13,2,NA,NA,14860.375
2002,747,27,10,2,2,NA,2189.9500000000003
2002,748,NA,13,2,NA,1,NA
2002,754,67,14,2,NA,NA,NA
2002,755,70,10,1,1,1,13296.125
2002,764,38,16,1,1,NA,51620.25
2002,766,84,2,2,1,1,137237.765589
2002,771,27,16,2,1,NA,34413.5
2002,773,54,20,2,NA,NA,NA
2002,774,43,18,1,NA,NA,137237.765589
2002,776,50,16,2,1,NA,34413.5
2002,779,73,12,1,NA,NA,28156.5
2002,780,71,12,2,NA,NA,NA
2002,784,62,14,1,NA,NA,10167.625
2002,787,71,15,2,NA,NA,13296.125
2002,789,50,12,2,NA,NA,137237.765589
2002,794,73,6,2,NA,1,2189.9500000000003
2002,797,83,12,2,NA,2,NA
2002,808,50,14,1,1,NA,7039.125
2002,822,59,12,1,1,2,28156.5
2002,825,21,14,1,2,NA,NA
2002,828,54,16,1,NA,NA,17206.75
2002,833,49,16,2,NA,NA,42234.75
2002,847,57,17,2,1,NA,42234.75
2002,857,43,16,2,NA,NA,137237.765589
2002,859,36,16,1,NA,NA,51620.25
2002,864,41,15,1,1,2,NA
2002,871,59,14,2,NA,NA,28156.5
2002,882,52,13,1,1,NA,34413.5
2002,888,39,18,1,NA,NA,137237.765589
2002,890,52,16,2,NA,NA,34413.5
2002,892,41,12,2,NA,1,42234.75
2002,898,49,12,1,1,NA,20335.25
2002,900,55,19,2,1,2,NA
2002,905,31,12,2,NA,NA,10167.625
2002,907,69,12,2,NA,2,NA
2002,908,71,12,2,NA,NA,NA
2002,917,59,18,1,NA,NA,34413.5
2002,930,36,8,1,1,1,20335.25
2002,932,26,12,1,NA,NA,42234.75
2002,934,43,14,2,NA,2,137237.765589
2002,937,37,12,2,1,2,11731.875
2002,939,35,14,2,NA,NA,11731.875
2002,944,62,12,1,2,2,42234.75
2002,946,45,12,2,NA,NA,14860.375
2002,948,43,12,2,NA,NA,1251.4
2002,950,35,12,2,NA,NA,2815.65
2002,955,43,14,1,NA,NA,51620.25
2002,957,75,18,1,1,1,34413.5
2002,959,69,17,1,NA,NA,312.85
2002,967,47,18,1,NA,NA,62570
2002,972,27,12,2,NA,2,20335.25
2002,973,55,12,2,NA,NA,14860.375
2002,981,21,12,2,NA,1,17206.75
2002,982,27,13,1,NA,NA,8603.375
2002,986,63,12,2,NA,NA,10167.625
2002,990,62,12,2,NA,2,17206.75
2002,994,41,15,2,1,NA,51620.25
2002,995,44,12,2,1,2,11731.875
2002,1002,37,10,2,NA,2,312.85
2002,1005,40,15,2,NA,NA,51620.25
2002,1006,85,12,2,NA,NA,NA
2002,1019,63,12,2,1,NA,23463.75
2002,1024,54,19,2,NA,NA,42234.75
2002,1032,51,10,1,1,2,5631.3
2002,1034,44,13,1,NA,2,137237.765589
2002,1035,45,14,1,2,1,137237.765589
2002,1047,89,12,2,NA,NA,NA
2002,1053,49,18,2,2,1,51620.25
2002,1054,37,13,1,NA,NA,NA
2002,1055,51,19,1,NA,NA,137237.765589
2002,1061,63,18,1,NA,2,28156.5
2002,1062,60,17,2,1,2,28156.5
2002,1071,31,12,2,NA,NA,34413.5
2002,1075,NA,16,2,2,NA,NA
2002,1087,47,13,2,NA,NA,51620.25
2002,1088,66,18,1,2,NA,NA
2002,1093,25,8,2,NA,NA,20335.25
2002,1100,57,13,2,NA,NA,42234.75
2002,1102,82,10,2,2,NA,17206.75
2002,1103,37,14,2,NA,1,312.85
2002,1112,56,12,2,NA,2,13296.125
2002,1114,46,12,2,NA,NA,NA
2002,1122,20,11,2,1,NA,8603.375
2002,1128,59,12,2,NA,NA,51620.25
2002,1130,50,13,2,NA,1,62570
2002,1135,NA,NA,2,NA,NA,NA
2002,1141,56,12,1,1,NA,13296.125
2002,1156,42,12,2,NA,NA,10167.625
2002,1159,76,12,1,NA,NA,20335.25
2002,1161,67,19,1,1,NA,20335.25
2002,1163,78,12,2,1,2,10167.625
2002,1165,70,12,1,NA,NA,11731.875
2002,1168,87,12,1,2,2,14860.375
2002,1169,77,16,2,NA,NA,17206.75
2002,1172,39,14,2,NA,NA,137237.765589
2002,1176,36,15,1,1,NA,137237.765589
2002,1177,68,13,1,NA,NA,14860.375
2002,1180,52,12,1,NA,2,4692.75
2002,1181,79,15,2,1,2,28156.5
2002,1182,45,16,1,NA,NA,62570
2002,1183,56,20,2,1,NA,42234.75
2002,1186,44,12,2,NA,NA,NA
2002,1204,33,14,1,1,1,10167.625
2002,1206,72,8,2,2,NA,4692.75
2002,1211,32,12,2,NA,NA,23463.75
2002,1212,32,12,2,NA,NA,312.85
2002,1233,30,14,2,NA,NA,14860.375
2002,1244,42,16,1,2,2,NA
2002,1245,30,16,2,NA,NA,NA
2002,1256,46,14,2,NA,NA,NA
2002,1259,39,15,2,NA,NA,62570
2002,1260,28,11,2,1,NA,10167.625
2002,1261,46,16,1,NA,NA,7039.125
2002,1271,29,11,2,1,NA,1251.4
2002,1281,27,16,2,2,2,17206.75
2002,1285,61,17,1,1,2,28156.5
2002,1295,46,14,1,1,2,23463.75
2002,1301,23,12,1,NA,2,34413.5
2002,1302,34,14,1,NA,NA,28156.5
2002,1305,53,12,1,NA,NA,51620.25
2002,1311,23,11,2,NA,NA,42234.75
2002,1313,20,13,1,NA,NA,5631.3
2002,1315,33,9,2,1,2,10167.625
2002,1317,49,12,1,NA,NA,13296.125
2002,1330,41,12,1,NA,NA,28156.5
2002,1338,61,12,1,1,2,28156.5
2002,1341,70,12,2,NA,NA,NA
2002,1354,32,12,1,NA,NA,28156.5
2002,1355,25,12,1,1,NA,10167.625
2002,1357,48,14,2,NA,NA,42234.75
2002,1365,30,12,2,1,2,10167.625
2002,1366,61,12,1,NA,NA,11731.875
2002,1375,25,11,2,NA,NA,28156.5
2002,1380,76,17,2,NA,NA,28156.5
2002,1381,80,14,1,NA,1,NA
2002,1397,37,16,1,NA,NA,20335.25
2002,1406,56,14,1,1,NA,62570
2002,1410,25,14,1,1,NA,42234.75
2002,1414,28,16,1,NA,NA,23463.75
2002,1415,21,12,2,NA,NA,23463.75
2002,1419,31,16,2,1,1,23463.75
2002,1420,82,17,1,NA,NA,28156.5
2002,1427,39,12,1,1,2,20335.25
2002,1428,28,20,2,NA,NA,13296.125
2002,1434,37,11,2,NA,NA,34413.5
2002,1435,34,18,2,NA,NA,14860.375
2002,1443,27,16,1,NA,1,34413.5
2002,1462,42,14,2,NA,NA,5631.3
2002,1465,33,13,2,1,2,14860.375
2002,1466,81,12,2,NA,NA,14860.375
2002,1468,47,13,2,NA,2,28156.5
2002,1475,58,9,1,NA,NA,23463.75
2002,1480,51,14,1,NA,NA,28156.5
2002,1483,42,20,2,NA,1,51620.25
2002,1485,32,18,2,NA,NA,42234.75
2002,1501,32,14,2,NA,NA,NA
2002,1502,34,NA,1,NA,NA,NA
2002,1506,48,12,1,NA,2,51620.25
2002,1507,52,13,1,1,2,51620.25
2002,1521,37,13,1,NA,NA,62570
2002,1530,43,14,2,NA,1,137237.765589
2002,1551,57,12,2,NA,NA,23463.75
2002,1555,78,12,2,NA,2,5631.3
2002,1558,33,12,2,NA,NA,10167.625
2002,1565,52,14,1,NA,NA,34413.5
2002,1568,34,18,2,NA,NA,17206.75
2002,1571,56,15,2,1,1,NA
2002,1584,31,16,1,NA,NA,51620.25
2002,1588,32,15,1,1,1,42234.75
2002,1589,46,14,1,NA,NA,34413.5
2002,1590,47,18,2,NA,1,137237.765589
2002,1594,56,12,1,NA,1,8603.375
2002,1600,40,14,2,NA,NA,34413.5
2002,1604,38,15,2,NA,NA,51620.25
2002,1606,31,13,2,1,1,34413.5
2002,1612,46,14,1,NA,2,62570
2002,1613,40,12,2,NA,NA,34413.5
2002,1621,39,12,2,1,NA,34413.5
2002,1623,30,13,1,NA,NA,17206.75
2002,1624,33,16,1,NA,NA,4067.05
2002,1631,33,16,2,NA,NA,137237.765589
2002,1632,35,16,1,NA,NA,42234.75
2002,1633,63,14,1,1,NA,7039.125
2002,1640,22,16,2,NA,NA,42234.75
2002,1646,61,16,2,NA,2,NA
2002,1647,75,15,1,NA,NA,11731.875
2002,1649,40,15,2,NA,1,51620.25
2002,1651,59,14,1,1,1,137237.765589
2002,1656,56,18,1,2,NA,137237.765589
2002,1661,60,12,2,1,2,NA
2002,1663,42,13,2,NA,NA,28156.5
2002,1666,81,13,1,NA,NA,NA
2002,1669,25,12,2,NA,NA,20335.25
2002,1672,24,12,2,1,NA,NA
2002,1681,23,11,2,1,2,7039.125
2002,1683,51,9,2,NA,NA,NA
2002,1685,31,12,2,NA,2,4067.05
2002,1689,45,16,1,NA,1,NA
2002,1691,26,12,1,NA,NA,NA
2002,1699,39,6,2,NA,NA,20335.25
2002,1703,29,16,1,NA,NA,23463.75
2002,1708,35,17,1,1,1,62570
2002,1711,69,2,1,2,NA,34413.5
2002,1712,51,13,1,NA,2,28156.5
2002,1716,30,12,2,NA,NA,28156.5
2002,1732,44,2,1,NA,2,28156.5
2002,1736,19,12,2,NA,NA,5631.3
2002,1741,20,12,1,NA,NA,2189.9500000000003
2002,1747,36,17,1,1,NA,42234.75
2002,1751,52,12,1,NA,NA,23463.75
2002,1758,39,11,2,NA,NA,7039.125
2002,1759,41,8,2,NA,NA,7039.125
2002,1764,62,12,2,NA,2,7039.125
2002,1775,54,20,1,1,NA,51620.25
2002,1780,23,16,1,1,1,3441.3500000000004
2002,1781,24,16,1,NA,NA,4067.05
2002,1789,51,16,1,2,NA,51620.25
2002,1793,43,16,2,NA,NA,NA
2002,1795,46,12,2,1,NA,3441.3500000000004
2002,1799,48,13,1,NA,NA,34413.5
2002,1806,57,17,2,NA,1,28156.5
2002,1813,71,13,2,NA,2,5631.3
2002,1822,76,16,1,NA,2,NA
2002,1830,53,18,2,NA,NA,NA
2002,1835,64,16,1,2,2,42234.75
2002,1846,51,12,2,NA,NA,14860.375
2002,1854,80,17,1,1,NA,7039.125
2002,1874,38,20,1,NA,NA,62570
2002,1875,55,16,1,1,NA,51620.25
2002,1886,18,12,1,1,1,2815.65
2002,1888,55,12,2,NA,NA,34413.5
2002,1889,30,11,2,NA,NA,11731.875
2002,1890,22,16,2,NA,2,NA
2002,1898,25,15,1,NA,NA,17206.75
2002,1900,29,12,2,NA,2,28156.5
2002,1905,30,18,2,NA,NA,17206.75
2002,1907,38,16,2,1,NA,34413.5
2002,1908,77,12,2,NA,NA,7039.125
2002,1914,55,17,1,1,NA,137237.765589
2002,1916,54,18,2,NA,NA,23463.75
2002,1918,29,16,1,1,NA,NA
2002,1920,28,12,2,NA,2,28156.5
2002,1927,19,12,2,NA,2,NA
2002,1928,71,9,1,1,NA,5631.3
2002,1929,64,16,1,NA,NA,23463.75
2002,1944,41,13,1,NA,NA,14860.375
2002,1945,34,14,2,NA,NA,14860.375
2002,1958,30,14,1,1,NA,28156.5
2002,1965,41,15,2,NA,NA,7039.125
2002,1968,24,16,2,NA,NA,11731.875
2002,1973,31,12,1,NA,NA,62570
2002,1974,52,12,1,1,NA,34413.5
2002,1975,77,16,1,NA,2,NA
2002,1983,55,12,2,1,NA,28156.5
2002,1987,56,20,1,1,NA,62570
2002,1997,59,14,1,NA,NA,62570
2002,2001,64,6,1,1,2,4692.75
2002,2011,63,14,1,NA,NA,20335.25
2002,2012,35,16,1,NA,NA,23463.75
2002,2015,51,13,2,1,2,137237.765589
2002,2021,77,12,2,NA,2,51620.25
2002,2024,70,8,1,NA,NA,5631.3
2002,2033,20,8,1,NA,1,11731.875
2002,2036,70,12,1,NA,NA,28156.5
2002,2040,70,18,1,NA,NA,20335.25
2002,2048,40,15,2,NA,NA,34413.5
2002,2049,41,14,1,NA,NA,42234.75
2002,2051,60,13,1,2,NA,42234.75
2002,2059,33,15,1,NA,NA,NA
2002,2061,46,18,2,NA,2,51620.25
2002,2071,25,13,2,NA,NA,28156.5
2002,2084,24,16,1,1,NA,13296.125
2002,2085,70,11,2,NA,2,20335.25
2002,2093,53,13,1,NA,NA,312.85
2002,2097,23,15,1,2,NA,3441.3500000000004
2002,2113,69,8,1,NA,NA,10167.625
2002,2123,28,11,1,1,2,14860.375
2002,2126,75,0,2,1,NA,8603.375
2002,2131,41,12,1,NA,NA,11731.875
2002,2137,60,12,2,NA,2,NA
2002,2146,46,14,1,1,NA,51620.25
2002,2149,45,12,2,NA,NA,34413.5
2002,2153,34,12,2,NA,NA,42234.75
2002,2160,19,12,1,2,1,2815.65
2002,2175,60,11,1,NA,NA,17206.75
2002,2179,43,12,1,1,2,23463.75
2002,2187,56,12,2,NA,NA,NA
2002,2199,75,1,1,NA,2,42234.75
2002,2201,23,12,2,NA,NA,17206.75
2002,2206,46,11,2,NA,NA,23463.75
2002,2211,20,12,2,NA,NA,NA
2002,2221,36,13,1,NA,NA,14860.375
2002,2223,23,12,1,NA,NA,10167.625
2002,2228,32,11,1,1,NA,20335.25
2002,2249,45,10,1,NA,1,8603.375
2002,2253,75,16,2,NA,2,NA
2002,2257,49,12,2,NA,2,20335.25
2002,2259,33,14,2,NA,NA,14860.375
2002,2260,55,11,2,1,NA,10167.625
2002,2266,65,12,2,NA,NA,312.85
2002,2283,20,9,2,1,2,3441.3500000000004
2002,2289,77,12,2,NA,NA,7039.125
2002,2299,NA,14,2,NA,NA,NA
2002,2300,31,10,1,NA,NA,28156.5
2002,2307,29,13,2,NA,NA,20335.25
2002,2308,32,14,1,1,NA,51620.25
2002,2310,22,12,1,2,1,23463.75
2002,2311,33,13,1,NA,NA,20335.25
2002,2315,19,12,2,NA,NA,42234.75
2002,2316,69,12,2,NA,NA,28156.5
2002,2320,45,16,2,1,2,NA
2002,2323,20,12,2,2,NA,3441.3500000000004
2002,2324,25,15,2,1,2,14860.375
2002,2335,27,12,1,NA,1,51620.25
2002,2338,31,18,1,NA,NA,17206.75
2002,2340,82,12,2,NA,NA,4692.75
2002,2352,40,14,2,NA,NA,42234.75
2002,2353,50,15,2,NA,NA,137237.765589
2002,2354,37,13,1,1,NA,51620.25
2002,2355,39,18,2,NA,2,28156.5
2002,2357,74,15,1,NA,NA,13296.125
2002,2362,83,12,2,NA,NA,10167.625
2002,2367,32,12,2,2,1,8603.375
2002,2372,53,16,2,1,1,23463.75
2002,2378,53,13,1,NA,NA,20335.25
2002,2381,38,12,1,NA,NA,137237.765589
2002,2382,30,12,1,NA,NA,42234.75
2002,2387,43,9,1,NA,NA,51620.25
2002,2389,30,12,1,NA,2,10167.625
2002,2399,34,10,1,NA,2,17206.75
2002,2401,21,13,1,NA,NA,42234.75
2002,2402,26,10,2,NA,NA,8603.375
2002,2406,49,18,2,NA,NA,34413.5
2002,2409,34,12,1,NA,2,20335.25
2002,2414,40,15,2,1,2,42234.75
2002,2415,48,7,2,NA,NA,7039.125
2002,2416,67,10,1,NA,NA,NA
2002,2417,70,13,2,NA,NA,3441.3500000000004
2002,2430,52,12,2,NA,NA,10167.625
2002,2431,70,6,2,2,NA,NA
2002,2435,58,11,2,NA,NA,NA
2002,2438,21,13,2,1,NA,NA
2002,2439,29,16,2,NA,NA,42234.75
2002,2441,52,16,2,1,NA,51620.25
2002,2443,37,15,1,NA,NA,42234.75
2002,2445,50,17,1,1,NA,62570
2002,2447,47,14,2,NA,NA,137237.765589
2002,2450,22,14,1,1,2,137237.765589
2002,2459,52,12,2,NA,NA,137237.765589
2002,2468,85,9,2,NA,NA,NA
2002,2477,36,12,2,1,NA,13296.125
2002,2491,33,10,1,NA,NA,42234.75
2002,2492,46,13,1,NA,NA,34413.5
2002,2493,33,12,2,1,NA,34413.5
2002,2499,75,11,2,NA,NA,NA
2002,2501,56,12,2,NA,NA,17206.75
2002,2513,52,12,2,NA,NA,28156.5
2002,2517,34,13,1,NA,NA,13296.125
2002,2518,71,16,2,NA,NA,NA
2002,2519,80,8,2,NA,NA,10167.625
2002,2527,38,14,2,NA,2,20335.25
2002,2532,71,16,1,2,NA,51620.25
2002,2536,47,14,2,NA,NA,11731.875
2002,2537,40,16,2,NA,1,137237.765589
2002,2545,54,18,1,2,1,34413.5
2002,2549,21,12,2,NA,NA,5631.3
2002,2558,26,13,1,NA,NA,34413.5
2002,2559,38,12,1,NA,NA,34413.5
2002,2570,60,12,2,NA,NA,137237.765589
2002,2579,61,12,2,NA,NA,8603.375
2002,2583,23,16,1,NA,NA,7039.125
2002,2591,21,15,2,NA,2,7039.125
2002,2603,45,12,1,NA,NA,1251.4
2002,2618,67,12,2,NA,NA,NA
2002,2623,40,16,1,1,2,51620.25
2002,2636,68,10,1,NA,NA,14860.375
2002,2637,30,12,2,1,NA,13296.125
2002,2644,36,17,2,NA,1,137237.765589
2002,2645,69,14,2,NA,NA,8603.375
2002,2658,28,14,1,NA,NA,23463.75
2002,2659,49,5,1,NA,NA,2189.9500000000003
2002,2679,42,12,1,NA,1,14860.375
2002,2686,51,18,1,1,2,17206.75
2002,2688,52,16,1,NA,NA,137237.765589
2002,2699,24,12,1,NA,NA,28156.5
2002,2702,57,12,1,NA,NA,312.85
2002,2704,34,14,1,NA,NA,10167.625
2002,2720,51,13,2,NA,NA,4067.05
2002,2725,35,12,2,NA,NA,137237.765589
2002,2729,58,13,2,NA,NA,23463.75
2002,2733,41,12,1,NA,NA,5631.3
2002,2734,55,12,2,NA,2,4692.75
2002,2740,64,11,2,NA,NA,7039.125
2002,2748,20,14,2,1,NA,34413.5
2002,2751,30,10,2,NA,2,7039.125
2002,2761,22,9,1,NA,1,14860.375
2004,1,52,9,2,NA,NA,33209
2004,3,52,14,1,NA,NA,33209
2004,15,42,14,1,1,NA,16604.5
2004,17,39,9,2,NA,NA,NA
2004,22,67,14,2,NA,NA,40756.5
2004,25,19,13,1,1,2,NA
2004,30,73,16,1,NA,NA,22642.5
2004,32,68,12,1,NA,NA,5434.2
2004,33,35,13,1,NA,1,19623.5
2004,35,47,17,2,NA,NA,NA
2004,37,57,20,2,1,1,40756.5
2004,38,29,19,1,NA,NA,128434.60593800001
2004,39,53,18,2,1,NA,128434.60593800001
2004,53,37,12,2,NA,NA,40756.5
2004,55,23,12,1,NA,NA,16604.5
2004,56,59,8,2,1,2,NA
2004,59,55,16,2,NA,NA,128434.60593800001
2004,72,33,17,2,NA,NA,27171
2004,75,41,16,2,NA,NA,14340.25
2004,77,26,16,1,NA,1,16604.5
2004,81,39,15,2,1,2,19623.5
2004,89,33,15,1,NA,NA,49813.5
2004,92,31,15,1,NA,NA,49813.5
2004,96,18,12,2,NA,NA,NA
2004,97,55,12,2,1,NA,22642.5
2004,108,42,10,1,NA,NA,128434.60593800001
2004,114,86,8,2,2,NA,12830.75
2004,117,60,20,1,NA,NA,128434.60593800001
2004,124,68,11,1,1,2,40756.5
2004,125,47,12,2,NA,NA,27171
2004,127,56,18,1,NA,NA,128434.60593800001
2004,128,57,18,2,1,1,128434.60593800001
2004,129,62,12,1,NA,NA,27171
2004,134,40,12,1,NA,2,40756.5
2004,136,32,18,2,NA,NA,49813.5
2004,138,23,9,1,1,NA,49813.5
2004,162,28,19,2,NA,2,60380
2004,165,29,13,2,1,NA,40756.5
2004,167,50,14,1,2,NA,NA
2004,177,74,18,1,NA,NA,49813.5
2004,181,38,13,2,NA,NA,11321.25
2004,189,NA,12,1,NA,NA,NA
2004,190,70,13,2,2,2,33209
2004,202,18,12,1,NA,NA,128434.60593800001
2004,222,45,15,1,1,NA,NA
2004,225,23,12,1,NA,NA,60380
2004,226,61,17,2,1,2,60380
2004,236,37,14,1,1,NA,40756.5
2004,242,48,14,1,1,NA,40756.5
2004,245,43,6,2,2,NA,11321.25
2004,265,69,9,2,NA,2,8302.25
2004,268,49,20,1,NA,NA,40756.5
2004,277,19,13,1,NA,NA,8302.25
2004,282,43,13,2,NA,1,22642.5
2004,291,76,12,2,1,NA,27171
2004,307,53,15,2,1,NA,128434.60593800001
2004,309,41,12,1,NA,NA,60380
2004,326,62,15,1,NA,NA,33209
2004,339,41,17,1,NA,NA,40756.5
2004,341,47,13,2,1,1,40756.5
2004,347,41,14,1,NA,2,128434.60593800001
2004,350,58,16,1,NA,NA,33209
2004,360,32,12,2,NA,NA,128434.60593800001
2004,361,42,12,2,NA,NA,128434.60593800001
2004,366,89,16,1,NA,NA,27171
2004,368,27,16,1,NA,1,60380
2004,370,53,17,2,NA,NA,128434.60593800001
2004,379,44,13,1,NA,2,NA
2004,380,46,2,1,1,2,40756.5
2004,385,40,16,2,NA,NA,60380
2004,389,43,15,2,1,NA,NA
2004,390,23,12,1,NA,NA,16604.5
2004,413,23,16,2,NA,NA,1207.6
2004,418,35,12,2,NA,NA,NA
2004,424,42,16,1,NA,NA,60380
2004,425,53,12,1,NA,NA,40756.5
2004,431,28,17,2,NA,NA,60380
2004,446,46,14,2,NA,NA,128434.60593800001
2004,456,30,16,2,NA,2,9811.75
2004,463,45,18,1,1,NA,128434.60593800001
2004,479,43,8,2,NA,2,301.9
2004,487,34,15,2,NA,NA,8302.25
2004,496,44,11,2,1,2,3924.7
2004,501,21,12,2,NA,NA,1207.6
2004,502,30,11,2,NA,NA,4528.5
2004,504,43,12,1,NA,NA,NA
2004,518,19,13,2,NA,2,33209
2004,519,76,8,2,NA,NA,16604.5
2004,521,40,16,1,1,2,NA
2004,533,34,16,1,1,NA,NA
2004,534,47,18,1,NA,NA,40756.5
2004,540,38,13,2,NA,NA,NA
2004,542,47,16,2,NA,NA,NA
2004,547,40,16,1,NA,2,40756.5
2004,549,33,17,2,NA,2,49813.5
2004,550,30,15,1,NA,1,40756.5
2004,565,28,16,1,NA,1,128434.60593800001
2004,573,45,12,1,1,1,16604.5
2004,576,63,10,1,2,1,128434.60593800001
2004,585,59,18,1,NA,2,40756.5
2004,586,23,14,1,NA,1,33209
2004,590,50,12,1,NA,NA,22642.5
2004,593,26,16,1,NA,NA,9811.75
2004,600,41,12,2,2,1,2113.3
2004,622,43,12,2,NA,2,33209
2004,626,51,12,2,NA,2,19623.5
2004,644,39,9,1,NA,2,14340.25
2004,652,41,12,2,1,NA,3924.7
2004,655,74,12,2,NA,NA,8302.25
2004,667,18,12,2,NA,2,NA
2004,673,39,14,1,1,NA,22642.5
2004,674,39,12,1,2,2,128434.60593800001
2004,678,41,14,1,NA,NA,128434.60593800001
2004,681,54,18,1,NA,1,60380
2004,690,26,16,2,NA,NA,128434.60593800001
2004,693,75,12,2,1,NA,NA
2004,696,24,14,1,1,2,11321.25
2004,699,40,12,2,NA,NA,33209
2004,702,54,14,2,1,2,22642.5
2004,704,32,14,2,NA,NA,40756.5
2004,712,61,18,1,NA,2,NA
2004,713,65,12,1,NA,NA,NA
2004,714,51,13,2,NA,NA,27171
2004,718,39,18,2,NA,NA,40756.5
2004,723,65,16,2,NA,NA,6792.75
2004,729,43,13,1,NA,NA,128434.60593800001
2004,732,36,15,1,NA,2,33209
2004,733,50,12,1,NA,NA,22642.5
2004,748,34,15,1,NA,NA,40756.5
2004,749,89,14,1,1,NA,12830.75
2004,757,67,14,2,1,NA,27171
2004,758,62,12,1,NA,NA,33209
2004,762,51,2,2,NA,NA,40756.5
2004,765,45,14,2,NA,1,49813.5
2004,769,34,11,2,NA,NA,5434.2
2004,771,44,16,2,1,NA,27171
2004,775,60,16,1,NA,2,128434.60593800001
2004,776,43,18,2,1,NA,128434.60593800001
2004,781,42,16,1,NA,NA,49813.5
2004,786,34,14,1,2,NA,49813.5
2004,790,40,20,1,NA,NA,128434.60593800001
2004,796,81,8,1,NA,2,14340.25
2004,797,48,17,2,NA,NA,NA
2004,801,36,18,2,NA,NA,40756.5
2004,804,60,12,1,NA,1,12830.75
2004,813,51,16,1,NA,NA,40756.5
2004,814,69,14,2,1,NA,NA
2004,817,26,16,2,1,1,27171
2004,819,39,12,1,NA,1,9811.75
2004,827,41,11,2,NA,1,19623.5
2004,830,22,13,2,1,NA,33209
2004,831,48,12,1,NA,NA,128434.60593800001
2004,836,23,15,2,NA,NA,16604.5
2004,842,75,14,2,1,NA,NA
2004,845,63,12,2,1,2,128434.60593800001
2004,847,62,14,2,NA,NA,22642.5
2004,856,72,16,2,NA,NA,19623.5
2004,859,72,16,2,NA,NA,NA
2004,864,27,16,1,NA,NA,19623.5
2004,869,35,12,1,NA,NA,14340.25
2004,880,30,10,2,NA,1,3924.7
2004,882,56,16,1,1,1,8302.25
2004,884,79,12,2,NA,NA,11321.25
2004,887,26,16,2,NA,NA,40756.5
2004,892,66,14,2,NA,NA,12830.75
2004,904,57,14,1,2,NA,6792.75
2004,907,44,16,2,1,2,60380
2004,914,28,14,1,NA,NA,27171
2004,917,47,19,1,1,1,128434.60593800001
2004,918,63,20,1,1,NA,60380
2004,927,50,18,1,NA,NA,128434.60593800001
2004,941,29,14,2,NA,NA,27171
2004,945,48,14,2,NA,NA,27171
2004,947,35,12,1,NA,NA,22642.5
2004,948,28,13,1,1,NA,22642.5
2004,953,56,15,1,1,NA,60380
2004,965,25,16,2,NA,NA,27171
2004,972,40,12,2,NA,1,12830.75
2004,975,74,16,2,NA,NA,NA
2004,980,39,17,2,NA,2,128434.60593800001
2004,982,52,14,1,2,NA,NA
2004,988,37,12,1,NA,NA,40756.5
2004,991,35,17,1,2,NA,33209
2004,1001,65,20,2,NA,NA,NA
2004,1014,88,12,1,1,NA,6792.75
2004,1018,20,13,1,NA,NA,60380
2004,1031,70,12,1,NA,NA,19623.5
2004,1036,69,20,1,NA,NA,40756.5
2004,1038,52,16,1,1,NA,49813.5
2004,1039,38,14,2,NA,NA,5434.2
2004,1043,41,15,2,NA,NA,49813.5
2004,1055,38,16,2,NA,NA,40756.5
2004,1057,45,18,1,NA,2,NA
2004,1065,49,14,2,NA,NA,128434.60593800001
2004,1069,51,14,2,NA,1,27171
2004,1075,35,16,2,1,1,40756.5
2004,1076,53,12,2,NA,1,12830.75
2004,1081,27,18,1,NA,NA,12830.75
2004,1087,41,16,2,NA,NA,60380
2004,1097,75,11,1,2,NA,6792.75
2004,1099,27,14,1,NA,2,14340.25
2004,1100,44,14,1,NA,NA,60380
2004,1102,39,16,1,1,2,49813.5
2004,1108,50,15,1,NA,NA,27171
2004,1109,49,13,1,NA,NA,40756.5
2004,1113,55,14,2,NA,NA,NA
2004,1115,54,8,2,1,2,NA
2004,1119,56,13,2,NA,NA,NA
2004,1122,51,14,1,NA,NA,27171
2004,1125,74,16,1,1,NA,16604.5
2004,1127,46,11,2,2,1,12830.75
2004,1128,60,14,2,2,2,19623.5
2004,1129,22,11,2,NA,NA,2113.3
2004,1148,35,16,2,NA,NA,128434.60593800001
2004,1164,18,11,1,1,2,2717.1
2004,1167,47,15,2,NA,NA,33209
2004,1170,71,12,2,1,2,6792.75
2004,1171,81,8,2,2,2,NA
2004,1180,57,12,2,NA,NA,40756.5
2004,1184,57,16,2,NA,NA,6792.75
2004,1185,32,16,1,NA,NA,NA
2004,1193,18,12,2,NA,NA,33209
2004,1195,37,18,1,NA,NA,60380
2004,1197,36,13,1,NA,2,40756.5
2004,1199,46,13,1,NA,1,19623.5
2004,1203,37,14,1,1,1,27171
2004,1217,24,16,2,NA,NA,33209
2004,1219,46,17,2,NA,NA,27171
2004,1222,29,14,2,NA,NA,2717.1
2004,1224,32,12,1,NA,NA,22642.5
2004,1225,44,12,2,NA,NA,22642.5
2004,1235,46,16,1,NA,NA,33209
2004,1236,26,12,2,2,NA,22642.5
2004,1243,57,14,1,2,NA,22642.5
2004,1245,45,12,1,2,NA,128434.60593800001
2004,1247,46,16,2,NA,NA,128434.60593800001
2004,1254,40,18,1,NA,1,128434.60593800001
2004,1261,31,15,2,NA,NA,49813.5
2004,1262,78,17,1,NA,NA,16604.5
2004,1265,48,12,1,NA,2,40756.5
2004,1271,18,12,1,NA,NA,NA
2004,1278,52,12,2,NA,NA,40756.5
2004,1280,40,19,1,NA,NA,128434.60593800001
2004,1282,52,12,1,1,NA,128434.60593800001
2004,1299,32,14,1,NA,NA,19623.5
2004,1302,79,12,2,NA,NA,8302.25
2004,1304,54,14,1,2,NA,NA
2004,1314,38,15,1,2,NA,128434.60593800001
2004,1323,25,12,1,NA,NA,19623.5
2004,1324,27,12,2,NA,NA,16604.5
2004,1332,33,12,1,NA,NA,49813.5
2004,1333,62,16,2,NA,NA,49813.5
2004,1335,41,16,2,NA,2,60380
2004,1339,41,16,1,NA,NA,49813.5
2004,1344,19,13,1,NA,NA,16604.5
2004,1359,31,12,1,NA,NA,14340.25
2004,1360,55,12,1,NA,1,60380
2004,1364,58,14,2,NA,NA,NA
2004,1370,24,16,2,NA,NA,22642.5
2004,1373,30,17,2,NA,NA,40756.5
2004,1374,35,17,2,NA,NA,128434.60593800001
2004,1376,45,16,2,1,2,128434.60593800001
2004,1381,27,13,1,NA,2,19623.5
2004,1390,44,15,1,NA,NA,19623.5
2004,1392,41,10,2,1,1,27171
2004,1398,24,14,2,NA,NA,22642.5
2004,1399,54,14,1,NA,NA,40756.5
2004,1402,46,16,2,1,NA,33209
2004,1404,42,13,1,NA,NA,49813.5
2004,1420,52,17,1,1,NA,9811.75
2004,1421,34,9,2,NA,NA,2113.3
2004,1423,72,10,1,NA,NA,3924.7
2004,1425,55,12,1,NA,NA,3924.7
2004,1433,28,18,2,2,NA,16604.5
2004,1437,43,12,2,NA,NA,60380
2004,1443,81,11,2,NA,NA,9811.75
2004,1446,41,13,2,NA,NA,301.9
2004,1447,38,14,1,NA,2,128434.60593800001
2004,1462,26,17,1,1,2,3924.7
2004,1464,38,18,2,NA,NA,60380
2004,1472,24,13,2,NA,1,128434.60593800001
2004,1474,57,14,2,NA,2,16604.5
2004,1475,23,16,2,NA,NA,22642.5
2004,1476,74,12,1,NA,NA,6792.75
2004,1480,46,14,1,NA,NA,16604.5
2004,1484,40,12,2,1,NA,6792.75
2004,1488,26,3,1,NA,2,11321.25
2004,1490,57,20,1,NA,NA,27171
2004,1491,52,16,1,NA,2,NA
2004,1492,60,12,2,NA,NA,19623.5
2004,1493,43,14,2,NA,NA,33209
2004,1501,73,16,1,2,2,40756.5
2004,1502,50,18,2,1,NA,128434.60593800001
2004,1503,56,20,1,1,2,128434.60593800001
2004,1505,21,12,2,NA,NA,19623.5
2004,1507,21,12,2,NA,NA,9811.75
2004,1509,68,11,2,NA,NA,6792.75
2004,1511,44,14,1,NA,NA,60380
2004,1513,34,12,2,1,NA,60380
2004,1517,55,13,2,NA,NA,60380
2004,1521,62,13,2,NA,NA,128434.60593800001
2004,1522,47,20,1,1,1,60380
2004,1524,36,12,2,NA,NA,40756.5
2004,1528,71,12,2,NA,NA,NA
2004,1541,73,10,2,NA,NA,33209
2004,1550,47,12,2,NA,2,301.9
2004,1551,47,11,1,NA,NA,8302.25
2004,1553,86,11,2,NA,NA,3924.7
2004,1558,43,9,1,NA,NA,9811.75
2004,1562,75,20,1,NA,NA,27171
2004,1570,72,2,2,NA,2,NA
2004,1571,50,20,1,1,NA,40756.5
2004,1578,26,12,2,NA,NA,16604.5
2004,1581,51,12,1,NA,NA,19623.5
2004,1591,45,14,2,NA,NA,27171
2004,1596,23,15,2,NA,NA,8302.25
2004,1606,47,14,1,NA,NA,16604.5
2004,1609,69,17,1,1,NA,NA
2004,1612,77,16,1,NA,NA,16604.5
2004,1613,60,16,2,1,NA,40756.5
2004,1615,31,20,1,NA,2,11321.25
2004,1622,28,13,2,1,NA,16604.5
2004,1628,49,9,1,NA,NA,2113.3
2004,1630,58,17,1,NA,NA,60380
2004,1632,27,12,1,NA,NA,8302.25
2004,1634,53,12,2,NA,NA,19623.5
2004,1636,68,20,2,2,NA,40756.5
2004,1644,51,18,2,1,1,40756.5
2004,1650,21,13,2,NA,NA,16604.5
2004,1652,38,12,2,1,2,9811.75
2004,1653,30,16,2,1,NA,60380
2004,1657,30,20,1,NA,NA,49813.5
2004,1659,31,20,2,1,NA,14340.25
2004,1666,51,16,1,NA,NA,60380
2004,1669,45,11,2,NA,1,6792.75
2004,1673,27,12,2,NA,NA,49813.5
2004,1677,68,20,1,NA,2,128434.60593800001
2004,1684,23,16,1,NA,NA,60380
2004,1687,31,13,1,NA,NA,49813.5
2004,1690,19,11,1,NA,2,3320.9
2004,1692,30,14,1,1,2,22642.5
2004,1699,53,18,2,2,1,33209
2004,1703,49,15,2,NA,NA,33209
2004,1715,34,11,1,1,2,33209
2004,1716,36,15,2,NA,NA,5434.2
2004,1727,59,12,1,1,NA,128434.60593800001
2004,1733,61,8,2,NA,NA,8302.25
2004,1735,22,12,1,NA,2,5434.2
2004,1737,23,12,2,1,2,1207.6
2004,1743,46,14,1,NA,2,27171
2004,1763,31,17,1,1,NA,NA
2004,1768,40,14,1,1,2,40756.5
2004,1770,24,12,2,NA,NA,22642.5
2004,1776,18,13,1,NA,2,301.9
2004,1777,50,9,2,NA,NA,3924.7
2004,1787,31,11,2,1,NA,3924.7
2004,1793,32,16,2,NA,NA,40756.5
2004,1794,20,14,2,NA,1,301.9
2004,1798,30,16,1,NA,NA,27171
2004,1813,72,12,2,NA,NA,12830.75
2004,1818,28,14,1,NA,2,27171
2004,1825,37,12,1,2,NA,27171
2004,1829,35,13,2,1,1,33209
2004,1831,40,17,2,1,NA,60380
2004,1838,38,12,1,NA,NA,128434.60593800001
2004,1841,41,17,1,1,2,27171
2004,1842,76,15,1,1,NA,27171
2004,1844,44,12,2,NA,NA,49813.5
2004,1849,26,12,2,NA,NA,9811.75
2004,1852,47,10,1,NA,NA,14340.25
2004,1855,49,13,1,NA,NA,40756.5
2004,1862,79,18,2,NA,2,11321.25
2004,1863,54,20,1,1,1,128434.60593800001
2004,1870,20,16,2,2,2,3320.9
2004,1873,52,13,2,1,NA,128434.60593800001
2004,1881,47,19,2,NA,NA,49813.5
2004,1885,72,14,1,1,2,16604.5
2004,1887,78,12,2,1,NA,19623.5
2004,1897,64,14,1,NA,NA,33209
2004,1905,49,20,2,NA,NA,40756.5
2004,1912,28,15,2,NA,NA,12830.75
2004,1913,47,18,1,1,NA,128434.60593800001
2004,1931,57,14,1,1,NA,6792.75
2004,1932,34,20,1,NA,NA,8302.25
2004,1937,75,18,1,NA,NA,49813.5
2004,1938,40,12,1,NA,NA,NA
2004,1942,75,12,1,NA,2,49813.5
2004,1948,57,11,2,NA,2,12830.75
2004,1950,61,16,1,2,NA,128434.60593800001
2004,1951,55,12,1,1,2,60380
2004,1952,39,19,1,NA,NA,49813.5
2004,1953,33,12,1,1,2,19623.5
2004,1965,83,13,2,NA,NA,11321.25
2004,1966,46,12,1,1,1,33209
2004,1967,34,13,2,NA,NA,128434.60593800001
2004,1970,24,11,2,NA,NA,8302.25
2004,1973,33,13,2,NA,NA,14340.25
2004,1986,54,12,1,NA,NA,27171
2004,1987,24,16,1,1,NA,128434.60593800001
2004,1989,40,12,2,NA,NA,49813.5
2004,1992,65,16,2,NA,NA,27171
2004,1993,54,16,1,1,2,49813.5
2004,1999,69,18,1,NA,NA,40756.5
2004,2001,26,12,2,NA,NA,27171
2004,2005,58,20,1,1,NA,128434.60593800001
2004,2009,51,18,2,1,NA,27171
2004,2011,28,8,2,1,1,4528.5
2004,2023,47,15,2,NA,2,40756.5
2004,2029,40,12,1,NA,NA,27171
2004,2031,46,12,1,NA,NA,33209
2004,2036,32,13,2,NA,NA,19623.5
2004,2037,28,18,1,NA,NA,12830.75
2004,2039,43,13,1,1,NA,49813.5
2004,2046,25,15,2,NA,NA,2113.3
2004,2051,75,12,1,NA,NA,27171
2004,2053,75,19,2,1,NA,27171
2004,2058,26,15,1,NA,NA,11321.25
2004,2065,83,12,1,1,2,33209
2004,2067,44,14,2,NA,2,33209
2004,2080,68,15,1,NA,NA,22642.5
2004,2086,34,14,1,1,NA,33209
2004,2088,55,12,2,NA,NA,40756.5
2004,2099,51,19,1,NA,2,128434.60593800001
2004,2101,46,15,2,NA,NA,33209
2004,2106,35,16,2,NA,NA,NA
2004,2107,26,14,2,1,NA,16604.5
2004,2115,33,12,2,NA,NA,33209
2004,2123,88,19,1,1,NA,27171
2004,2125,34,12,2,NA,NA,11321.25
2004,2129,21,12,1,2,2,6792.75
2004,2130,53,12,1,NA,NA,19623.5
2004,2134,34,12,1,NA,1,8302.25
2004,2142,82,18,2,NA,NA,49813.5
2004,2143,49,13,2,NA,1,11321.25
2004,2150,59,16,2,NA,NA,16604.5
2004,2155,30,12,1,1,1,33209
2004,2161,50,14,2,NA,NA,19623.5
2004,2167,20,11,2,1,2,19623.5
2004,2171,59,8,2,NA,NA,4528.5
2004,2179,58,12,2,NA,NA,NA
2004,2181,78,8,1,NA,NA,11321.25
2004,2185,71,12,2,2,NA,8302.25
2004,2187,43,13,2,1,1,19623.5
2004,2198,33,12,2,NA,2,19623.5
2004,2202,50,17,2,NA,NA,19623.5
2004,2211,39,16,2,NA,NA,128434.60593800001
2004,2213,54,11,1,NA,NA,40756.5
2004,2214,79,11,2,1,2,9811.75
2004,2217,25,13,2,NA,NA,16604.5
2004,2219,36,12,2,1,NA,19623.5
2004,2255,59,12,2,NA,NA,40756.5
2004,2256,62,12,2,NA,NA,19623.5
2004,2257,71,12,1,NA,NA,128434.60593800001
2004,2264,61,14,1,1,2,33209
2004,2267,61,9,1,NA,NA,NA
2004,2270,30,13,2,1,NA,NA
2004,2273,55,16,1,1,2,49813.5
2004,2279,19,12,2,NA,NA,49813.5
2004,2283,28,14,1,NA,NA,19623.5
2004,2289,24,10,1,1,2,22642.5
2004,2294,78,9,1,NA,2,3924.7
2004,2307,29,14,1,1,NA,33209
2004,2310,53,16,1,NA,NA,19623.5
2004,2311,18,11,2,1,1,5434.2
2004,2315,26,12,1,NA,1,9811.75
2004,2324,54,19,1,NA,1,60380
2004,2330,75,16,1,NA,2,14340.25
2004,2331,61,14,1,NA,NA,14340.25
2004,2333,51,13,1,1,NA,27171
2004,2341,42,16,2,NA,NA,9811.75
2004,2343,48,12,2,NA,NA,33209
2004,2346,60,12,2,NA,NA,19623.5
2004,2348,56,17,2,NA,NA,19623.5
2004,2350,86,2,2,1,NA,NA
2004,2356,18,11,2,NA,NA,NA
2004,2357,63,11,1,NA,2,6792.75
2004,2359,54,8,2,NA,NA,60380
2004,2360,64,16,1,2,2,49813.5
2004,2377,56,14,2,1,2,128434.60593800001
2004,2379,51,12,2,NA,NA,60380
2004,2382,25,13,2,NA,NA,14340.25
2004,2390,69,12,2,NA,NA,11321.25
2004,2399,67,12,2,1,1,14340.25
2004,2401,62,7,2,1,NA,14340.25
2004,2403,24,13,1,NA,NA,11321.25
2004,2408,33,14,2,NA,2,27171
2004,2417,32,12,2,NA,NA,9811.75
2004,2421,25,9,1,2,NA,14340.25
2004,2425,53,14,2,1,NA,60380
2004,2432,21,15,1,NA,NA,NA
2004,2437,42,13,1,NA,NA,NA
2004,2456,25,16,1,2,NA,27171
2004,2459,34,12,2,1,NA,8302.25
2004,2468,47,16,2,1,NA,16604.5
2004,2473,39,10,2,1,NA,8302.25
2004,2476,50,14,1,2,2,NA
2004,2479,37,11,1,NA,NA,NA
2004,2485,36,16,2,1,NA,49813.5
2004,2492,84,11,1,NA,2,301.9
2004,2496,54,13,1,1,2,NA
2004,2522,25,13,2,NA,NA,27171
2004,2524,31,14,2,NA,NA,33209
2004,2537,27,12,1,NA,NA,27171
2004,2539,37,10,1,NA,NA,11321.25
2004,2553,35,12,1,NA,NA,40756.5
2004,2555,47,12,2,NA,NA,33209
2004,2559,49,16,2,NA,NA,60380
2004,2565,72,11,2,NA,NA,NA
2004,2568,26,12,2,NA,NA,19623.5
2004,2569,51,12,2,NA,NA,33209
2004,2577,61,12,1,NA,2,27171
2004,2587,77,16,2,1,NA,11321.25
2004,2596,37,9,2,2,1,19623.5
2004,2598,37,14,1,NA,NA,NA
2004,2599,18,12,1,2,1,3320.9
2004,2602,26,11,1,NA,1,6792.75
2004,2606,51,10,1,NA,NA,NA
2004,2608,35,15,2,NA,NA,9811.75
2004,2612,60,8,2,1,NA,NA
2004,2618,46,16,1,2,2,49813.5
2004,2623,54,13,1,NA,NA,NA
2004,2630,72,12,2,NA,2,2113.3
2004,2640,36,13,2,NA,NA,8302.25
2004,2641,19,13,2,2,NA,NA
2004,2646,60,15,2,NA,NA,16604.5
2004,2648,20,16,2,NA,2,301.9
2004,2651,19,13,1,NA,2,16604.5
2004,2654,19,12,2,NA,NA,4528.5
2004,2657,40,17,2,1,2,128434.60593800001
2004,2662,42,17,1,NA,NA,40756.5
2004,2668,62,11,2,1,2,8302.25
2004,2672,55,14,2,NA,2,49813.5
2004,2673,65,20,1,2,NA,60380
2004,2674,46,16,2,NA,NA,128434.60593800001
2004,2684,52,13,1,NA,NA,33209
2004,2693,70,12,1,NA,NA,33209
2004,2694,76,18,1,1,2,14340.25
2004,2695,50,17,1,NA,NA,12830.75
2004,2700,48,12,1,NA,2,19623.5
2004,2714,68,15,1,NA,NA,19623.5
2004,2715,51,14,2,NA,NA,60380
2004,2719,41,17,2,1,2,27171
2004,2721,89,14,1,NA,2,NA
2004,2724,26,14,1,NA,NA,19623.5
2004,2735,34,16,1,NA,NA,60380
2004,2736,41,18,1,NA,NA,40756.5
2004,2738,22,13,1,NA,NA,33209
2004,2739,40,12,1,NA,NA,19623.5
2004,2744,46,18,1,NA,NA,NA
2004,2750,53,20,2,NA,NA,49813.5
2004,2757,48,16,2,NA,NA,19623.5
2004,2764,67,5,1,1,NA,14340.25
2004,2766,47,13,2,NA,NA,49813.5
2004,2769,61,15,2,NA,NA,3924.7
2004,2774,56,14,1,NA,NA,33209
2004,2777,74,16,1,NA,NA,19623.5
2004,2780,44,16,2,1,NA,128434.60593800001
2004,2787,43,12,2,NA,NA,9811.75
2004,2788,27,11,1,NA,NA,12830.75
2004,2795,21,16,1,NA,NA,49813.5
2004,2799,41,12,1,1,NA,19623.5
2004,2809,31,15,1,NA,NA,14340.25
2006,1,50,13,2,2,2,18476.25
2006,4,50,12,2,1,NA,25582.5
2006,7,29,12,2,1,1,NA
2006,8,32,14,2,NA,NA,31267.5
2006,11,81,9,2,1,1,NA
2006,22,69,12,1,2,NA,5116.5
2006,24,35,15,1,NA,NA,18476.25
2006,27,52,5,2,1,2,NA
2006,29,62,12,2,1,NA,25582.5
2006,47,63,14,1,NA,2,NA
2006,50,58,10,2,NA,NA,NA
2006,59,29,16,1,1,1,25582.5
2006,64,68,4,1,NA,NA,NA
2006,73,NA,12,1,1,NA,NA
2006,74,66,16,1,NA,2,NA
2006,76,36,18,2,NA,2,68220
2006,77,71,16,1,NA,2,NA
2006,88,32,12,2,1,2,6395.625
2006,98,26,13,2,1,NA,79590
2006,100,46,7,1,NA,NA,21318.75
2006,105,20,14,1,NA,2,25582.5
2006,109,38,15,2,NA,NA,18476.25
2006,114,35,17,1,NA,NA,46901.25
2006,117,26,18,2,NA,1,3695.25
2006,120,67,12,2,NA,2,284.25
2006,128,58,12,2,NA,NA,56850
2006,132,51,14,1,1,2,46901.25
2006,135,44,16,1,NA,NA,68220
2006,138,44,14,2,NA,1,56850
2006,140,34,16,1,NA,NA,18476.25
2006,148,53,12,1,1,NA,25582.5
2006,150,34,14,1,NA,NA,21318.75
2006,151,40,11,2,NA,NA,12080.625
2006,153,35,19,1,NA,NA,144502.71714
2006,164,50,12,1,1,NA,15633.75
2006,165,56,12,2,NA,2,NA
2006,166,31,16,2,1,NA,25582.5
2006,171,NA,14,2,NA,NA,25582.5
2006,190,89,12,2,NA,2,13501.875
2006,194,34,9,1,2,NA,18476.25
2006,196,73,13,2,1,NA,31267.5
2006,197,39,18,1,NA,2,68220
2006,199,41,20,2,NA,2,56850
2006,201,40,13,2,NA,2,NA
2006,213,49,12,1,1,1,79590
2006,219,79,14,2,NA,NA,NA
2006,225,43,13,1,NA,NA,38373.75
2006,230,66,16,2,1,2,7816.875
2006,249,73,16,1,1,NA,25582.5
2006,253,75,16,1,NA,2,31267.5
2006,257,51,18,2,NA,1,144502.71714
2006,264,54,18,1,NA,2,NA
2006,266,64,12,2,NA,NA,56850
2006,268,34,19,2,NA,NA,68220
2006,269,37,16,1,1,NA,144502.71714
2006,274,49,9,1,NA,NA,56850
2006,279,22,13,1,NA,NA,NA
2006,284,42,12,1,1,NA,18476.25
2006,286,26,17,1,NA,NA,NA
2006,291,66,15,1,NA,1,25582.5
2006,293,22,13,2,NA,2,7816.875
2006,295,27,18,2,NA,NA,21318.75
2006,300,30,14,2,NA,NA,31267.5
2006,303,29,14,2,1,2,46901.25
2006,307,31,18,2,1,NA,46901.25
2006,310,40,14,1,1,1,6395.625
2006,311,67,12,1,NA,NA,NA
2006,323,45,16,1,1,1,144502.71714
2006,324,57,14,2,NA,NA,56850
2006,332,18,12,1,1,NA,31267.5
2006,333,56,12,2,2,NA,46901.25
2006,343,67,17,1,NA,NA,4263.75
2006,346,37,17,1,NA,NA,31267.5
2006,348,62,14,2,NA,1,56850
2006,350,46,16,2,1,NA,79590
2006,359,30,6,1,1,2,10659.375
2006,366,37,12,2,NA,2,10659.375
2006,375,34,16,2,NA,2,68220
2006,376,59,12,2,1,NA,25582.5
2006,382,56,16,1,1,NA,46901.25
2006,387,69,10,1,1,2,18476.25
2006,392,27,6,2,1,2,7816.875
2006,393,65,13,2,1,NA,25582.5
2006,394,29,12,2,1,NA,9238.125
2006,402,47,12,1,NA,NA,25582.5
2006,405,23,11,1,2,NA,13501.875
2006,433,53,12,2,NA,NA,79590
2006,435,59,18,2,NA,2,56850
2006,441,65,12,1,NA,NA,31267.5
2006,442,80,12,2,NA,NA,NA
2006,447,46,6,1,NA,NA,10659.375
2006,450,32,15,2,NA,NA,46901.25
2006,461,49,12,2,2,1,38373.75
2006,466,34,13,1,NA,2,18476.25
2006,467,40,12,1,NA,NA,NA
2006,473,38,11,2,2,2,10659.375
2006,476,61,12,2,1,2,10659.375
2006,481,26,19,1,NA,2,3695.25
2006,485,38,14,2,NA,NA,NA
2006,495,50,14,2,NA,NA,25582.5
2006,503,22,12,2,NA,NA,31267.5
2006,504,38,16,2,NA,1,38373.75
2006,509,50,12,1,2,2,18476.25
2006,510,40,11,2,NA,NA,12080.625
2006,512,48,16,1,1,1,56850
2006,520,27,14,1,1,NA,25582.5
2006,524,72,12,1,NA,1,15633.75
2006,526,55,12,1,1,1,38373.75
2006,527,62,18,1,NA,1,38373.75
2006,534,41,16,2,NA,NA,46901.25
2006,536,72,16,2,2,NA,46901.25
2006,542,34,12,1,1,NA,56850
2006,545,42,12,2,2,NA,6395.625
2006,546,42,18,1,1,NA,38373.75
2006,550,59,13,1,1,1,13501.875
2006,554,49,12,2,1,1,144502.71714
2006,557,29,17,1,NA,1,144502.71714
2006,563,27,14,1,NA,NA,68220
2006,568,41,0,2,1,NA,NA
2006,570,51,17,1,2,2,144502.71714
2006,574,57,13,1,NA,NA,12080.625
2006,575,19,12,2,1,2,284.25
2006,577,88,13,2,NA,NA,15633.75
2006,586,20,12,1,NA,NA,7816.875
2006,587,20,12,2,NA,NA,5116.5
2006,595,43,11,2,1,NA,7816.875
2006,597,49,12,2,NA,NA,31267.5
2006,600,40,7,2,NA,NA,NA
2006,601,41,16,2,NA,NA,NA
2006,606,47,12,1,NA,1,18476.25
2006,621,50,15,1,1,1,25582.5
2006,622,39,16,2,NA,1,12080.625
2006,624,47,13,1,1,1,25582.5
2006,628,49,15,1,1,NA,NA
2006,631,35,16,2,NA,2,NA
2006,637,40,18,2,NA,2,31267.5
2006,650,51,12,2,1,2,6395.625
2006,662,35,12,1,1,2,46901.25
2006,666,57,13,2,1,NA,9238.125
2006,671,41,15,2,1,NA,25582.5
2006,678,37,16,2,1,NA,46901.25
2006,679,59,14,2,1,2,NA
2006,680,56,16,1,NA,NA,56850
2006,682,32,19,1,NA,NA,31267.5
2006,686,66,16,2,2,NA,NA
2006,691,70,14,2,1,NA,18476.25
2006,693,64,16,1,1,2,46901.25
2006,700,53,12,2,NA,NA,NA
2006,711,30,14,2,1,1,25582.5
2006,713,38,0,1,NA,NA,10659.375
2006,728,26,14,2,NA,2,NA
2006,730,30,14,2,NA,NA,25582.5
2006,732,21,14,1,1,1,21318.75
2006,743,50,13,1,NA,2,13501.875
2006,747,42,2,2,NA,1,18476.25
2006,763,50,10,2,NA,NA,21318.75
2006,766,44,12,2,NA,2,25582.5
2006,772,34,19,2,1,2,NA
2006,777,86,12,2,1,NA,NA
2006,779,42,12,2,NA,NA,NA
2006,784,60,14,2,NA,NA,10659.375
2006,799,27,11,1,NA,NA,NA
2006,807,21,14,1,1,1,46901.25
2006,808,37,10,1,NA,1,21318.75
2006,811,82,12,2,1,NA,NA
2006,814,40,16,2,NA,NA,79590
2006,815,37,9,2,NA,NA,3695.25
2006,819,24,16,2,1,2,21318.75
2006,822,27,2,2,NA,2,46901.25
2006,828,58,12,2,1,NA,3695.25
2006,831,28,10,1,1,1,25582.5
2006,838,26,16,1,1,NA,56850
2006,853,53,16,1,1,NA,38373.75
2006,855,25,14,1,2,2,25582.5
2006,865,68,11,2,1,NA,9238.125
2006,870,54,18,2,1,NA,NA
2006,879,42,15,1,NA,NA,10659.375
2006,884,42,16,2,1,NA,31267.5
2006,889,35,18,1,1,2,46901.25
2006,891,41,16,1,2,2,NA
2006,899,25,13,2,1,1,NA
2006,900,38,13,1,1,NA,12080.625
2006,908,32,14,2,1,NA,15633.75
2006,910,37,14,2,NA,1,13501.875
2006,916,55,14,1,1,NA,2558.25
2006,939,85,6,2,1,2,7816.875
2006,940,51,18,2,1,NA,46901.25
2006,941,66,16,2,1,NA,18476.25
2006,946,22,14,1,NA,NA,21318.75
2006,947,55,14,2,1,NA,25582.5
2006,953,45,0,1,1,2,21318.75
2006,956,38,12,2,NA,NA,18476.25
2006,957,43,10,1,NA,NA,3695.25
2006,968,36,16,1,2,2,38373.75
2006,969,29,14,2,1,2,56850
2006,970,43,14,2,1,NA,NA
2006,973,44,16,1,NA,NA,46901.25
2006,977,60,16,1,1,NA,NA
2006,980,39,16,1,NA,NA,56850
2006,981,58,16,1,NA,NA,144502.71714
2006,985,40,16,2,1,NA,46901.25
2006,989,52,18,1,NA,NA,144502.71714
2006,998,32,18,2,NA,NA,25582.5
2006,1008,33,16,1,NA,NA,144502.71714
2006,1013,74,17,2,2,1,NA
2006,1021,53,1,1,1,NA,21318.75
2006,1028,34,7,1,1,NA,12080.625
2006,1029,20,13,1,1,NA,38373.75
2006,1031,29,12,2,1,NA,7816.875
2006,1050,28,9,2,NA,NA,284.25
2006,1059,62,13,2,NA,NA,79590
2006,1061,58,16,1,2,NA,144502.71714
2006,1068,43,16,2,NA,NA,NA
2006,1073,24,17,2,1,NA,5116.5
2006,1074,37,19,1,NA,1,38373.75
2006,1076,44,19,1,NA,NA,31267.5
2006,1078,34,13,2,NA,NA,7816.875
2006,1079,27,18,2,NA,1,21318.75
2006,1082,32,12,1,NA,NA,31267.5
2006,1098,62,16,1,NA,1,68220
2006,1102,54,16,2,1,NA,38373.75
2006,1108,45,12,2,1,2,NA
2006,1110,67,16,2,NA,NA,38373.75
2006,1118,74,18,2,NA,NA,46901.25
2006,1120,55,16,1,1,NA,144502.71714
2006,1126,56,10,1,NA,NA,38373.75
2006,1138,78,14,2,NA,1,NA
2006,1150,47,14,2,2,NA,NA
2006,1151,44,13,1,NA,NA,56850
2006,1157,24,16,2,2,2,31267.5
2006,1159,34,8,1,NA,NA,12080.625
2006,1162,30,12,2,1,2,25582.5
2006,1163,48,16,1,1,NA,18476.25
2006,1164,36,12,2,1,2,25582.5
2006,1167,43,16,1,1,NA,21318.75
2006,1184,51,16,1,NA,1,38373.75
2006,1188,19,12,2,1,NA,1989.75
2006,1190,60,15,1,NA,NA,15633.75
2006,1206,57,12,1,NA,2,79590
2006,1207,57,16,1,1,1,144502.71714
2006,1211,54,13,2,1,2,25582.5
2006,1222,52,17,2,NA,NA,21318.75
2006,1224,78,16,1,NA,1,NA
2006,1234,42,9,1,2,NA,4263.75
2006,1253,41,2,2,1,NA,56850
2006,1260,35,14,2,NA,NA,NA
2006,1270,50,12,2,1,NA,38373.75
2006,1274,42,12,2,NA,2,38373.75
2006,1276,51,12,1,NA,NA,31267.5
2006,1277,43,13,1,2,2,46901.25
2006,1284,22,12,1,NA,NA,2558.25
2006,1285,46,12,1,NA,2,38373.75
2006,1287,49,12,1,1,NA,46901.25
2006,1288,39,16,1,NA,NA,31267.5
2006,1294,80,12,2,1,2,12080.625
2006,1295,46,15,2,NA,2,13501.875
2006,1303,52,14,1,1,NA,38373.75
2006,1315,21,15,2,NA,NA,10659.375
2006,1324,27,13,2,2,2,12080.625
2006,1325,72,11,1,NA,2,4263.75
2006,1327,32,16,2,NA,NA,56850
2006,1331,77,12,2,2,NA,6395.625
2006,1332,34,16,2,1,NA,31267.5
2006,1334,47,13,1,NA,NA,6395.625
2006,1338,45,10,1,1,NA,6395.625
2006,1339,48,12,2,NA,NA,5116.5
2006,1351,63,12,2,1,NA,15633.75
2006,1364,34,14,1,1,NA,25582.5
2006,1370,84,14,2,NA,NA,6395.625
2006,1374,33,13,2,NA,NA,10659.375
2006,1377,52,12,1,2,1,21318.75
2006,1382,51,12,2,NA,2,18476.25
2006,1384,39,14,2,1,2,46901.25
2006,1388,73,12,2,NA,NA,21318.75
2006,1389,40,16,2,NA,NA,68220
2006,1392,28,18,2,NA,NA,21318.75
2006,1395,49,12,2,1,2,NA
2006,1398,56,14,2,NA,NA,15633.75
2006,1422,40,10,2,1,NA,56850
2006,1425,48,12,1,NA,NA,18476.25
2006,1429,38,15,2,NA,NA,31267.5
2006,1435,56,15,2,NA,2,68220
2006,1436,71,18,1,1,NA,38373.75
2006,1438,37,17,1,NA,2,56850
2006,1454,25,9,1,NA,2,25582.5
2006,1463,58,17,1,NA,NA,NA
2006,1467,47,5,2,NA,NA,15633.75
2006,1483,21,14,1,1,NA,144502.71714
2006,1489,40,16,1,NA,NA,46901.25
2006,1495,23,16,2,NA,NA,38373.75
2006,1500,35,16,1,NA,NA,31267.5
2006,1511,88,6,2,NA,NA,7816.875
2006,1513,19,12,2,1,NA,2558.25
2006,1518,38,9,2,NA,NA,12080.625
2006,1521,32,12,1,1,2,18476.25
2006,1529,57,16,1,NA,2,25582.5
2006,1539,19,12,1,1,NA,NA
2006,1543,39,12,2,1,1,31267.5
2006,1549,86,18,1,NA,2,21318.75
2006,1550,29,12,1,1,NA,38373.75
2006,1552,52,12,1,NA,NA,NA
2006,1554,29,18,1,1,1,68220
2006,1563,66,12,2,1,NA,6395.625
2006,1565,83,13,1,2,NA,46901.25
2006,1568,35,19,2,1,NA,144502.71714
2006,1573,58,13,1,NA,NA,144502.71714
2006,1587,19,9,2,1,NA,NA
2006,1591,35,14,1,2,1,25582.5
2006,1593,25,6,2,NA,2,18476.25
2006,1598,59,12,2,1,NA,56850
2006,1600,69,12,2,1,NA,13501.875
2006,1610,70,15,2,1,NA,6395.625
2006,1612,82,14,2,1,NA,6395.625
2006,1614,53,10,1,1,NA,31267.5
2006,1621,34,16,2,1,NA,46901.25
2006,1626,49,12,2,1,1,46901.25
2006,1628,80,12,2,NA,NA,7816.875
2006,1630,63,12,2,NA,NA,25582.5
2006,1638,28,14,2,NA,NA,21318.75
2006,1641,72,17,1,NA,NA,21318.75
2006,1645,38,9,1,NA,NA,18476.25
2006,1647,73,7,2,1,NA,4263.75
2006,1652,27,18,2,NA,NA,15633.75
2006,1665,32,16,2,1,NA,46901.25
2006,1668,52,12,1,1,1,7816.875
2006,1670,40,18,2,NA,NA,68220
2006,1674,42,16,1,2,1,79590
2006,1679,68,11,2,NA,NA,10659.375
2006,1681,77,12,2,NA,NA,6395.625
2006,1684,76,13,2,NA,2,12080.625
2006,1689,42,12,1,1,1,18476.25
2006,1697,65,16,2,NA,1,46901.25
2006,1701,58,20,2,1,NA,38373.75
2006,1702,56,17,2,NA,NA,79590
2006,1707,61,15,2,2,1,144502.71714
2006,1712,58,13,2,NA,NA,NA
2006,1718,59,2,2,1,NA,4263.75
2006,1720,30,14,2,1,NA,6395.625
2006,1722,65,12,2,NA,2,9238.125
2006,1728,31,13,2,NA,NA,NA
2006,1734,88,11,1,NA,2,25582.5
2006,1741,41,12,1,NA,2,38373.75
2006,1746,40,11,1,1,NA,12080.625
2006,1748,44,18,2,NA,NA,31267.5
2006,1757,46,16,2,NA,NA,NA
2006,1765,66,14,1,NA,NA,4263.75
2006,1772,50,12,1,1,2,9238.125
2006,1774,44,14,1,NA,NA,25582.5
2006,1775,78,12,1,NA,NA,21318.75
2006,1793,79,12,1,1,NA,25582.5
2006,1796,35,12,2,NA,2,12080.625
2006,1801,82,12,2,1,1,7816.875
2006,1802,41,14,2,NA,NA,15633.75
2006,1805,77,13,2,1,NA,13501.875
2006,1815,46,18,2,NA,NA,68220
2006,1820,64,12,2,NA,2,38373.75
2006,1821,22,15,1,NA,NA,NA
2006,1822,39,14,2,1,NA,31267.5
2006,1827,33,14,2,NA,NA,18476.25
2006,1829,52,13,2,NA,2,25582.5
2006,1830,75,14,2,NA,NA,13501.875
2006,1833,25,15,1,NA,NA,6395.625
2006,1836,35,15,1,1,2,46901.25
2006,1856,82,10,1,NA,NA,6395.625
2006,1859,30,13,1,NA,NA,15633.75
2006,1868,27,13,1,1,NA,31267.5
2006,1870,80,12,2,1,2,6395.625
2006,1871,77,17,2,NA,NA,21318.75
2006,1880,41,12,2,1,1,56850
2006,1883,56,14,2,NA,NA,46901.25
2006,1885,75,7,1,2,2,9238.125
2006,1887,67,12,2,1,NA,21318.75
2006,1889,62,12,2,NA,1,18476.25
2006,1891,39,19,2,NA,2,46901.25
2006,1893,57,12,2,NA,NA,38373.75
2006,1901,81,19,1,NA,2,56850
2006,1908,50,17,1,NA,1,NA
2006,1909,22,13,1,NA,NA,9238.125
2006,1916,34,5,1,NA,2,21318.75
2006,1917,46,12,1,NA,1,31267.5
2006,1922,38,14,2,1,NA,NA
2006,1926,50,12,1,NA,NA,38373.75
2006,1936,53,10,1,NA,NA,46901.25
2006,1937,31,6,1,2,2,12080.625
2006,1947,64,14,2,NA,1,15633.75
2006,1948,36,12,2,1,2,12080.625
2006,1951,75,12,1,2,NA,NA
2006,1952,27,12,2,1,NA,25582.5
2006,1959,48,12,2,NA,NA,6395.625
2006,1962,39,14,1,NA,2,NA
2006,1966,47,12,2,1,1,21318.75
2006,1970,43,16,2,1,2,31267.5
2006,1973,49,13,2,NA,NA,NA
2006,1975,48,14,2,1,1,25582.5
2006,1979,46,20,2,1,NA,144502.71714
2006,1990,52,12,2,NA,2,31267.5
2006,2007,48,12,1,1,NA,144502.71714
2006,2016,58,12,1,NA,NA,56850
2006,2024,47,12,1,NA,NA,NA
2006,2026,46,11,1,NA,NA,12080.625
2006,2031,49,0,2,NA,2,12080.625
2006,2035,23,10,2,1,NA,9238.125
2006,2038,41,8,1,NA,NA,9238.125
2006,2043,60,17,2,NA,NA,31267.5
2006,2044,51,2,1,NA,NA,31267.5
2006,2045,28,10,1,NA,1,7816.875
2006,2047,29,13,1,NA,1,NA
2006,2052,36,16,1,NA,NA,46901.25
2006,2059,34,16,1,1,NA,68220
2006,2064,48,18,1,NA,NA,144502.71714
2006,2066,60,13,2,1,NA,31267.5
2006,2081,31,16,2,1,1,25582.5
2006,2084,35,12,2,1,NA,31267.5
2006,2089,27,17,2,1,2,38373.75
2006,2098,45,17,1,NA,1,144502.71714
2006,2101,64,14,1,2,NA,21318.75
2006,2106,54,12,1,1,1,25582.5
2006,2113,73,12,2,NA,NA,NA
2006,2114,82,8,2,1,2,5116.5
2006,2126,59,14,2,1,NA,NA
2006,2127,71,12,2,NA,2,15633.75
2006,2136,32,14,1,1,2,18476.25
2006,2143,56,12,1,1,1,9238.125
2006,2151,40,12,2,NA,NA,38373.75
2006,2158,57,12,2,1,NA,NA
2006,2173,51,19,1,NA,NA,21318.75
2006,2175,27,13,1,NA,1,18476.25
2006,2177,52,10,1,1,1,5116.5
2006,2180,29,13,2,NA,NA,NA
2006,2183,38,8,1,NA,2,1989.75
2006,2198,55,16,1,1,NA,144502.71714
2006,2209,85,14,2,NA,NA,NA
2006,2211,44,12,2,NA,1,79590
2006,2228,56,14,2,NA,NA,144502.71714
2006,2234,25,19,2,1,2,18476.25
2006,2236,59,12,1,NA,NA,31267.5
2006,2239,25,14,1,NA,1,25582.5
2006,2245,70,12,2,NA,NA,7816.875
2006,2250,61,12,1,1,NA,21318.75
2006,2251,23,9,2,1,2,21318.75
2006,2253,47,15,2,NA,2,25582.5
2006,2256,32,12,1,NA,2,18476.25
2006,2259,84,16,1,1,NA,15633.75
2006,2264,39,19,1,NA,2,79590
2006,2265,56,14,2,1,NA,144502.71714
2006,2266,34,16,2,NA,NA,144502.71714
2006,2272,48,20,1,NA,2,38373.75
2006,2280,86,13,2,2,2,15633.75
2006,2282,28,3,2,NA,NA,15633.75
2006,2284,72,14,2,1,2,7816.875
2006,2285,26,11,1,1,2,1989.75
2006,2296,48,13,2,2,NA,15633.75
2006,2299,53,15,2,NA,1,31267.5
2006,2312,45,13,1,NA,1,25582.5
2006,2318,78,20,2,NA,NA,144502.71714
2006,2328,60,16,1,NA,2,NA
2006,2334,56,11,2,1,NA,3126.75
2006,2348,21,15,2,NA,2,56850
2006,2351,51,20,2,1,NA,46901.25
2006,2353,25,13,1,2,1,9238.125
2006,2354,21,15,2,NA,1,5116.5
2006,2357,36,20,1,NA,NA,9238.125
2006,2361,22,15,2,1,NA,31267.5
2006,2363,34,14,2,1,NA,56850
2006,2366,26,15,2,1,2,1989.75
2006,2380,35,13,1,NA,2,25582.5
2006,2385,84,14,2,1,2,15633.75
2006,2388,74,10,1,1,NA,7816.875
2006,2391,34,13,2,1,NA,9238.125
2006,2398,83,12,1,NA,NA,12080.625
2006,2403,65,7,1,NA,NA,12080.625
2006,2405,25,12,2,1,NA,21318.75
2006,2414,77,14,1,NA,NA,15633.75
2006,2415,32,18,1,NA,NA,38373.75
2006,2418,61,16,2,NA,NA,46901.25
2006,2419,35,16,1,2,NA,18476.25
2006,2423,84,12,2,2,NA,NA
2006,2425,85,15,1,1,NA,46901.25
2006,2427,22,15,1,NA,NA,144502.71714
2006,2428,55,18,2,NA,NA,68220
2006,2449,61,12,1,NA,NA,25582.5
2006,2451,23,12,2,1,NA,284.25
2006,2462,58,14,2,1,NA,13501.875
2006,2468,20,12,2,NA,NA,46901.25
2006,2469,33,14,2,1,1,38373.75
2006,2473,74,13,1,NA,2,15633.75
2006,2481,33,11,1,NA,NA,21318.75
2006,2482,48,16,2,NA,2,38373.75
2006,2483,85,12,2,NA,NA,15633.75
2006,2488,41,14,1,NA,NA,31267.5
2006,2493,36,12,2,1,NA,9238.125
2006,2494,48,14,2,1,NA,284.25
2006,2496,27,12,2,NA,2,13501.875
2006,2502,44,12,1,NA,NA,18476.25
2006,2504,52,12,2,1,NA,31267.5
2006,2508,66,17,1,2,NA,18476.25
2006,2518,30,17,2,1,NA,13501.875
2006,2521,57,20,2,NA,NA,38373.75
2006,2524,22,16,1,NA,NA,6395.625
2006,2536,29,18,1,NA,NA,46901.25
2006,2540,63,14,2,1,NA,38373.75
2006,2542,51,13,2,1,NA,7816.875
2006,2546,38,16,2,1,NA,79590
2006,2556,51,16,1,NA,2,144502.71714
2006,2561,32,14,1,NA,2,31267.5
2006,2562,72,12,2,1,1,31267.5
2006,2566,74,14,2,NA,1,31267.5
2006,2567,89,16,1,NA,NA,68220
2006,2570,59,16,1,NA,NA,56850
2006,2571,26,17,1,NA,1,18476.25
2006,2573,60,16,2,NA,NA,38373.75
2006,2577,41,16,2,NA,NA,NA
2006,2578,54,16,1,1,NA,25582.5
2006,2586,70,16,2,NA,NA,12080.625
2006,2589,35,17,1,NA,NA,46901.25
2006,2594,23,14,1,NA,NA,NA
2006,2602,34,13,2,NA,2,25582.5
2006,2606,66,16,1,NA,NA,68220
2006,2614,55,20,2,1,2,68220
2006,2615,50,16,1,1,1,12080.625
2006,2618,21,10,2,NA,NA,284.25
2006,2623,28,12,1,1,2,18476.25
2006,2624,66,14,2,NA,2,46901.25
2006,2629,66,12,2,1,NA,5116.5
2006,2633,66,14,2,1,NA,7816.875
2006,2640,74,12,2,NA,2,25582.5
2006,2644,60,15,1,NA,NA,68220
2006,2651,52,12,2,1,2,46901.25
2006,2659,39,12,2,NA,2,46901.25
2006,2667,64,13,2,NA,NA,9238.125
2006,2669,57,12,2,1,NA,15633.75
2006,2670,68,5,2,NA,NA,12080.625
2006,2674,46,16,2,NA,2,25582.5
2006,2676,72,12,2,NA,NA,15633.75
2006,2677,54,13,2,NA,2,NA
2006,2684,70,11,2,1,NA,18476.25
2006,2687,35,12,2,NA,2,6395.625
2006,2688,77,13,2,NA,NA,18476.25
2006,2691,45,12,1,NA,NA,38373.75
2006,2692,57,12,1,NA,NA,NA
2006,2702,54,12,1,NA,NA,NA
2006,2703,35,16,1,NA,2,NA
2006,2705,33,9,2,1,2,1989.75
2006,2716,34,12,2,1,NA,3126.75
2006,2728,40,9,2,NA,NA,NA
2006,2731,39,13,1,NA,NA,6395.625
2006,2732,31,8,1,NA,2,7816.875
2006,2734,19,0,1,NA,NA,3695.25
2006,2738,20,12,2,NA,NA,1137
2006,2742,52,9,1,NA,NA,12080.625
2006,2754,55,0,2,1,2,NA
2006,2756,70,12,1,NA,NA,144502.71714
2006,2763,31,12,1,2,1,56850
2006,2765,34,12,1,1,NA,38373.75
2006,2769,28,16,1,1,NA,46901.25
2006,2787,60,14,2,NA,1,NA
2006,2791,42,19,1,NA,NA,NA
2006,2792,33,12,2,NA,2,31267.5
2006,2799,49,16,1,NA,NA,NA
2006,2807,44,16,2,NA,NA,NA
2006,2812,63,12,2,NA,NA,NA
2006,2813,59,16,1,NA,NA,68220
2006,2816,21,15,1,1,2,NA
2006,2824,58,14,2,1,2,NA
2006,2826,29,13,2,NA,2,12080.625
2006,2829,44,16,1,NA,2,38373.75
2006,2831,67,12,1,1,NA,NA
2006,2832,58,13,2,2,1,21318.75
2006,2834,38,16,2,1,NA,46901.25
2006,2840,40,16,2,NA,NA,31267.5
2006,2843,46,15,2,1,2,38373.75
2006,2844,67,10,2,NA,NA,NA
2006,2846,27,12,2,NA,2,13501.875
2006,2849,22,13,1,NA,NA,15633.75
2006,2870,36,13,2,NA,NA,6395.625
2006,2879,84,13,2,NA,1,7816.875
2006,2904,51,14,1,NA,2,38373.75
2006,2911,28,11,1,1,1,18476.25
2006,2914,64,12,2,NA,NA,13501.875
2006,2919,58,14,2,NA,2,38373.75
2006,2921,82,12,2,NA,NA,12080.625
2006,2924,56,14,1,1,2,18476.25
2006,2928,38,17,1,NA,NA,15633.75
2006,2929,46,14,2,1,NA,21318.75
2006,2935,43,16,1,1,1,38373.75
2006,2941,68,12,1,2,2,38373.75
2006,2943,61,16,1,NA,2,12080.625
2006,2952,61,14,2,NA,NA,38373.75
2006,2955,49,12,1,1,NA,56850
2006,2958,44,16,1,2,2,38373.75
2006,2959,70,13,2,1,NA,NA
2006,2963,37,14,2,2,NA,38373.75
2006,2966,21,6,2,NA,2,13501.875
2006,2971,37,12,2,1,NA,46901.25
2006,2982,54,12,2,NA,2,25582.5
2006,2985,35,12,1,NA,2,2558.25
2006,2991,36,16,2,2,NA,144502.71714
2006,2998,48,9,1,NA,NA,21318.75
2006,3002,75,13,2,NA,1,12080.625
2006,3010,59,14,1,NA,2,79590
2006,3011,68,15,1,NA,NA,144502.71714
2006,3012,31,17,1,NA,2,46901.25
2006,3018,62,12,2,NA,NA,12080.625
2006,3020,55,12,1,NA,NA,38373.75
2006,3026,23,12,1,1,1,18476.25
2006,3028,29,16,1,NA,NA,25582.5
2006,3031,51,12,2,NA,NA,18476.25
2006,3039,49,20,2,1,2,144502.71714
2006,3053,40,18,2,NA,NA,12080.625
2006,3063,53,20,1,NA,NA,46901.25
2006,3066,26,17,2,2,1,31267.5
2006,3070,21,14,2,1,2,NA
2006,3073,63,0,1,NA,NA,10659.375
2006,3079,60,14,2,NA,NA,NA
2006,3081,44,18,2,1,1,56850
2006,3082,56,16,2,NA,NA,31267.5
2006,3083,47,20,1,NA,NA,46901.25
2006,3087,60,16,1,NA,1,7816.875
2006,3089,42,18,2,1,NA,21318.75
2006,3093,47,16,1,NA,NA,68220
2006,3106,42,12,2,NA,1,3126.75
2006,3115,65,14,1,NA,2,6395.625
2006,3123,47,16,2,1,2,7816.875
2006,3146,21,14,2,NA,1,13501.875
2006,3148,40,18,1,1,NA,NA
2006,3157,45,12,1,1,NA,7816.875
2006,3173,76,18,1,NA,2,25582.5
2006,3177,23,13,2,1,2,6395.625
2006,3180,68,15,1,2,2,7816.875
2006,3194,71,12,1,1,NA,21318.75
2006,3196,50,12,1,1,NA,46901.25
2006,3200,55,14,1,NA,1,9238.125
2006,3201,71,12,2,2,NA,7816.875
2006,3204,48,17,2,NA,2,46901.25
2006,3224,26,8,2,1,1,5116.5
2006,3226,24,16,2,2,2,NA
2006,3237,60,9,2,1,NA,NA
2006,3241,40,12,1,NA,NA,12080.625
2006,3242,60,16,1,NA,2,12080.625
2006,3244,60,12,2,1,NA,38373.75
2006,3248,45,16,1,NA,2,31267.5
2006,3249,29,16,2,1,1,144502.71714
2006,3268,29,16,2,1,1,15633.75
2006,3278,41,14,2,NA,NA,7816.875
2006,3280,39,NA,2,NA,2,6395.625
2006,3282,40,13,1,2,NA,21318.75
2006,3285,68,14,1,NA,NA,25582.5
2006,3289,26,12,1,NA,1,31267.5
2006,3290,25,12,1,NA,1,21318.75
2006,3292,63,16,2,1,NA,31267.5
2006,3295,81,8,1,NA,NA,9238.125
2006,3299,57,13,2,1,2,9238.125
2006,3303,64,14,2,1,1,46901.25
2006,3309,51,12,1,NA,NA,7816.875
2006,3322,77,12,1,NA,NA,NA
2006,3327,69,12,2,2,NA,15633.75
2006,3335,50,18,2,NA,2,38373.75
2006,3340,19,12,2,NA,NA,3695.25
2006,3341,36,18,2,NA,NA,56850
2006,3345,44,16,2,NA,NA,68220
2006,3348,43,13,2,1,2,56850
2006,3351,64,16,1,NA,1,46901.25
2006,3353,54,17,2,1,NA,56850
2006,3354,32,16,2,1,NA,56850
2006,3356,76,20,1,1,NA,NA
2006,3359,48,16,2,NA,2,79590
2006,3361,32,14,1,NA,NA,15633.75
2006,3365,50,NA,2,NA,NA,NA
2006,3372,37,14,2,NA,2,144502.71714
2006,3376,72,18,1,1,NA,25582.5
2006,3382,22,15,2,NA,NA,1989.75
2006,3384,58,11,1,NA,NA,38373.75
2006,3388,66,15,1,2,1,18476.25
2006,3390,23,12,2,1,NA,5116.5
2006,3395,22,13,1,NA,NA,10659.375
2006,3402,57,18,1,NA,2,56850
2006,3404,63,12,1,2,NA,18476.25
2006,3410,26,13,1,NA,NA,18476.25
2006,3419,26,14,1,NA,NA,46901.25
2006,3420,23,13,2,NA,NA,5116.5
2006,3428,27,14,2,1,1,79590
2006,3444,37,14,2,2,2,38373.75
2006,3460,48,12,1,NA,NA,31267.5
2006,3463,29,13,2,NA,1,9238.125
2006,3470,39,12,2,NA,NA,46901.25
2006,3472,69,12,1,NA,NA,25582.5
2006,3473,35,12,2,NA,NA,38373.75
2006,3488,33,1,1,NA,NA,NA
2006,3491,46,11,1,1,NA,284.25
2006,3493,50,13,2,NA,NA,NA
2006,3495,21,12,2,2,NA,7816.875
2006,3496,53,12,2,2,2,31267.5
2006,3498,44,14,2,NA,1,9238.125
2006,3504,22,12,2,NA,1,9238.125
2006,3505,47,14,2,1,NA,38373.75
2006,3507,60,12,1,1,NA,7816.875
2006,3512,34,12,1,NA,NA,25582.5
2006,3515,25,16,2,NA,2,6395.625
2006,3516,48,16,2,NA,NA,25582.5
2006,3517,49,12,2,NA,2,3126.75
2006,3518,41,16,2,1,1,38373.75
2006,3520,51,8,2,NA,NA,25582.5
2006,3521,49,12,2,NA,1,284.25
2006,3524,36,12,2,NA,NA,15633.75
2006,3529,75,10,1,NA,NA,9238.125
2006,3531,41,14,1,1,NA,12080.625
2006,3544,67,8,1,NA,2,4263.75
2006,3552,24,14,1,NA,NA,15633.75
2006,3553,48,13,2,NA,1,18476.25
2006,3554,28,18,2,NA,NA,15633.75
2006,3555,66,12,1,2,2,NA
2006,3561,51,12,2,NA,NA,18476.25
2006,3570,70,8,1,2,2,7816.875
2006,3581,34,9,1,NA,NA,3695.25
2006,3584,33,12,2,NA,NA,NA
2006,3587,30,12,1,1,NA,7816.875
2006,3588,35,13,2,NA,NA,NA
2006,3590,64,12,1,NA,NA,NA
2006,3595,41,13,1,NA,NA,15633.75
2006,3601,25,11,2,1,1,6395.625
2006,3607,55,12,2,1,1,21318.75
2006,3608,27,11,2,NA,2,15633.75
2006,3611,22,15,2,1,NA,31267.5
2006,3617,35,12,2,NA,2,38373.75
2006,3632,36,12,1,NA,NA,38373.75
2006,3639,45,12,1,NA,NA,NA
2006,3653,24,12,1,NA,NA,46901.25
2006,3656,52,12,2,NA,NA,18476.25
2006,3657,71,13,2,2,2,7816.875
2006,3663,41,16,2,1,1,21318.75
2006,3664,42,12,1,1,1,NA
2006,3667,64,9,2,1,NA,NA
2006,3671,26,14,2,NA,1,4263.75
2006,3672,65,8,2,NA,NA,5116.5
2006,3680,53,15,1,NA,NA,79590
2006,3685,43,12,2,1,2,46901.25
2006,3701,31,12,2,NA,2,NA
2006,3705,44,16,2,1,2,25582.5
2006,3708,21,14,1,NA,1,38373.75
2006,3712,69,10,1,NA,NA,NA
2006,3717,48,11,2,NA,NA,18476.25
2006,3720,51,12,1,1,NA,18476.25
2006,3727,69,13,2,NA,2,NA
2006,3736,47,10,1,NA,NA,3695.25
2006,3746,45,17,2,1,1,56850
2006,3751,45,14,2,NA,NA,144502.71714
2006,3759,25,16,2,1,NA,31267.5
2006,3762,89,7,2,NA,NA,12080.625
2006,3766,48,16,2,NA,1,18476.25
2006,3771,64,14,2,NA,NA,NA
2006,3781,61,10,1,1,1,15633.75
2006,3787,51,13,2,NA,1,31267.5
2006,3788,42,12,1,NA,NA,38373.75
2006,3790,53,12,1,NA,NA,56850
2006,3796,59,10,1,NA,2,284.25
2006,3801,62,10,2,1,NA,NA
2006,3811,26,14,2,NA,NA,31267.5
2006,3816,58,8,2,NA,NA,6395.625
2006,3824,51,18,2,1,2,21318.75
2006,3832,56,12,1,NA,NA,56850
2006,3835,37,17,1,1,NA,38373.75
2006,3839,27,12,1,2,NA,NA
2006,3845,37,12,1,NA,NA,144502.71714
2006,3846,43,16,2,NA,NA,79590
2006,3848,57,12,2,NA,2,38373.75
2006,3851,46,14,2,1,NA,56850
2006,3854,27,13,2,2,NA,21318.75
2006,3861,46,12,1,NA,NA,21318.75
2006,3864,36,12,2,1,NA,10659.375
2006,3866,89,12,2,2,NA,NA
2006,3877,53,12,1,NA,NA,31267.5
2006,3879,58,16,1,2,2,38373.75
2006,3882,47,12,2,1,1,15633.75
2006,3884,63,11,2,1,1,6395.625
2006,3890,44,4,2,1,2,2558.25
2006,3895,38,11,1,NA,NA,1137
2006,3898,52,11,1,NA,NA,284.25
2006,3900,33,11,1,1,NA,18476.25
2006,3909,29,11,1,1,NA,25582.5
2006,3913,58,17,1,NA,NA,NA
2006,3919,21,12,1,2,1,5116.5
2006,3926,54,12,1,NA,NA,21318.75
2006,3941,32,14,1,1,2,21318.75
2006,3945,32,15,2,NA,2,NA
2006,3951,63,12,1,1,2,21318.75
2006,3958,70,12,2,1,2,31267.5
2006,3959,82,6,1,1,2,12080.625
2006,3967,29,13,2,2,1,1989.75
2006,3968,40,11,2,1,1,3126.75
2006,3970,55,10,1,1,NA,6395.625
2006,3976,43,12,1,1,2,31267.5
2006,3977,47,12,1,NA,2,12080.625
2006,3985,24,13,1,2,1,1137
2006,3987,24,17,1,2,2,25582.5
2006,3988,78,12,2,NA,2,12080.625
2006,3989,20,12,2,NA,NA,7816.875
2006,3990,26,NA,2,NA,NA,4263.75
2006,3993,27,16,2,1,NA,6395.625
2006,3995,25,12,2,1,2,NA
2006,3997,53,14,2,1,2,284.25
2006,3998,41,8,2,NA,NA,3126.75
2006,4007,39,20,1,NA,NA,144502.71714
2006,4011,63,10,1,1,2,25582.5
2006,4020,32,9,1,NA,2,3126.75
2006,4023,47,0,1,NA,NA,7816.875
2006,4028,72,12,2,NA,2,10659.375
2006,4036,59,12,1,1,1,38373.75
2006,4040,52,13,1,NA,NA,15633.75
2006,4042,69,7,1,NA,NA,3695.25
2006,4043,47,15,2,NA,NA,68220
2006,4044,50,12,2,1,2,1137
2006,4054,40,18,2,1,2,12080.625
2006,4066,32,12,2,1,NA,1989.75
2006,4068,74,12,2,2,NA,6395.625
2006,4070,50,13,1,NA,NA,6395.625
2006,4076,31,14,2,NA,NA,9238.125
2006,4084,54,13,1,NA,NA,15633.75
2006,4093,67,17,2,NA,NA,25582.5
2006,4094,56,12,1,NA,2,56850
2006,4100,20,12,1,2,NA,6395.625
2006,4103,51,14,2,1,NA,46901.25
2006,4111,29,16,2,NA,2,21318.75
2006,4112,37,13,1,NA,NA,13501.875
2006,4114,20,12,1,1,NA,9238.125
2006,4119,35,16,2,2,NA,6395.625
2006,4124,33,12,1,NA,NA,NA
2006,4130,41,16,2,1,NA,25582.5
2006,4133,69,8,2,NA,NA,38373.75
2006,4136,64,8,2,NA,2,12080.625
2006,4137,31,16,1,2,1,31267.5
2006,4143,55,16,1,2,NA,12080.625
2006,4147,48,3,2,NA,NA,18476.25
2006,4150,63,12,2,NA,NA,56850
2006,4168,53,12,2,NA,NA,12080.625
2006,4170,22,11,2,NA,NA,7816.875
2006,4172,51,14,1,NA,NA,38373.75
2006,4176,51,13,1,NA,NA,38373.75
2006,4182,39,16,1,2,NA,7816.875
2006,4185,42,11,1,NA,NA,21318.75
2006,4187,64,5,1,1,NA,3126.75
2006,4189,51,6,2,NA,2,3126.75
2006,4194,44,6,2,1,2,25582.5
2006,4199,76,9,1,2,NA,NA
2006,4205,53,12,1,NA,NA,1137
2006,4206,56,14,1,1,1,3695.25
2006,4213,68,12,2,1,NA,9238.125
2006,4216,36,12,1,2,2,25582.5
2006,4218,31,13,2,2,2,56850
2006,4230,71,12,2,1,2,10659.375
2006,4233,59,14,1,NA,NA,NA
2006,4236,20,11,2,NA,NA,3695.25
2006,4237,27,10,1,2,1,284.25
2006,4238,37,12,2,1,1,NA
2006,4239,39,12,2,1,NA,144502.71714
2006,4241,43,12,2,NA,NA,NA
2006,4243,67,17,1,2,1,46901.25
2006,4244,40,19,1,NA,1,13501.875
2006,4247,58,9,2,NA,NA,NA
2006,4248,71,16,2,2,NA,10659.375
2006,4258,38,17,2,NA,1,6395.625
2006,4263,49,12,1,2,NA,38373.75
2006,4267,26,13,2,1,NA,NA
2006,4269,47,13,1,NA,NA,7816.875
2006,4272,19,12,1,NA,2,1989.75
2006,4293,68,20,2,1,2,68220
2006,4294,60,13,1,2,1,9238.125
2006,4298,40,16,2,NA,NA,46901.25
2006,4304,59,18,1,1,1,38373.75
2006,4306,38,15,1,NA,2,56850
2006,4307,52,12,2,NA,NA,68220
2006,4322,35,12,1,NA,NA,25582.5
2006,4323,50,11,2,NA,1,12080.625
2006,4332,43,12,2,NA,NA,56850
2006,4334,51,10,1,1,1,4263.75
2006,4338,79,19,1,NA,NA,12080.625
2006,4341,25,8,2,1,2,68220
2006,4344,72,12,2,NA,2,25582.5
2006,4345,36,7,2,NA,NA,56850
2006,4354,50,16,2,1,NA,21318.75
2006,4368,41,12,2,1,NA,56850
2006,4369,20,12,2,NA,2,NA
2006,4377,55,15,1,2,1,6395.625
2006,4386,73,18,2,NA,1,NA
2006,4387,48,13,2,NA,NA,56850
2006,4393,64,12,2,NA,2,7816.875
2006,4404,64,15,2,1,2,NA
2006,4406,27,14,2,NA,2,31267.5
2006,4409,62,12,1,NA,NA,25582.5
2006,4412,44,13,2,NA,NA,31267.5
2006,4418,51,16,2,1,NA,56850
2006,4433,47,6,2,NA,NA,7816.875
2006,4435,59,12,2,NA,NA,46901.25
2006,4437,29,20,1,NA,NA,284.25
2006,4443,67,16,1,1,2,21318.75
2006,4454,38,16,1,NA,NA,12080.625
2006,4460,47,15,2,NA,NA,13501.875
2006,4461,47,12,1,1,2,15633.75
2006,4463,43,12,2,NA,NA,7816.875
2006,4467,62,12,1,NA,NA,10659.375
2006,4472,42,12,1,2,1,NA
2006,4478,46,9,2,NA,NA,18476.25
2006,4497,21,13,1,NA,NA,12080.625
2008,8,36,12,2,NA,1,NA
2008,9,48,14,2,1,NA,NA
2008,15,58,16,2,1,1,NA
2008,28,42,18,1,NA,2,146153.66858505
2008,29,41,14,1,2,1,29452.5
2008,39,78,16,2,1,2,NA
2008,40,38,16,2,1,NA,44178.75
2008,47,55,20,2,1,NA,53550
2008,48,39,16,2,NA,2,146153.66858505
2008,52,34,14,2,1,2,146153.66858505
2008,55,42,16,2,NA,2,36146.25
2008,59,67,16,2,NA,1,14726.25
2008,61,65,20,1,1,NA,53550
2008,65,62,19,2,NA,1,NA
2008,67,50,12,1,1,NA,4819.5
2008,68,65,12,2,NA,2,NA
2008,82,50,16,2,NA,2,NA
2008,87,70,15,1,NA,2,146153.66858505
2008,93,60,13,2,1,2,53550
2008,99,89,12,1,1,1,NA
2008,102,NA,12,2,1,NA,NA
2008,105,83,12,1,1,NA,17403.75
2008,110,60,12,2,1,2,64260
2008,115,56,13,1,NA,2,146153.66858505
2008,117,27,16,1,2,1,146153.66858505
2008,120,62,20,2,1,NA,146153.66858505
2008,125,58,12,1,NA,2,7363.125
2008,126,24,11,1,NA,1,14726.25
2008,130,24,15,2,1,NA,64260
2008,148,46,12,2,1,NA,29452.5
2008,170,69,9,2,1,2,11379.375
2008,171,NA,17,1,NA,2,267.75
2008,173,20,12,2,1,NA,20081.25
2008,174,30,13,1,NA,2,7363.125
2008,179,26,13,1,NA,1,NA
2008,181,40,13,2,1,2,44178.75
2008,188,51,16,1,NA,2,24097.5
2008,190,49,15,2,NA,1,36146.25
2008,192,29,16,2,1,NA,146153.66858505
2008,196,41,16,2,NA,2,17403.75
2008,206,23,8,1,2,NA,10040.625
2008,207,20,13,2,1,2,20081.25
2008,211,29,20,2,1,NA,7363.125
2008,217,73,12,2,NA,2,11379.375
2008,219,36,16,2,NA,2,NA
2008,220,56,12,1,NA,1,53550
2008,223,60,14,1,1,1,17403.75
2008,236,63,12,1,1,NA,29452.5
2008,243,57,12,2,1,2,44178.75
2008,253,42,16,1,1,2,146153.66858505
2008,257,33,13,1,NA,1,146153.66858505
2008,258,43,16,1,NA,1,146153.66858505
2008,260,77,NA,2,1,NA,14726.25
2008,261,47,13,2,NA,1,64260
2008,262,47,12,1,1,NA,44178.75
2008,269,74,18,2,NA,1,64260
2008,272,36,16,1,NA,2,146153.66858505
2008,275,22,13,2,1,1,10040.625
2008,276,39,15,1,2,2,36146.25
2008,280,46,14,1,1,NA,74970
2008,285,29,11,2,1,1,7363.125
2008,290,53,14,1,1,1,64260
2008,295,33,14,1,NA,2,14726.25
2008,298,47,14,1,1,1,64260
2008,302,63,13,1,NA,1,44178.75
2008,307,19,11,2,1,NA,24097.5
2008,315,46,16,1,2,1,53550
2008,317,75,14,1,1,2,14726.25
2008,321,79,12,2,NA,2,17403.75
2008,345,61,11,2,NA,2,6024.375
2008,360,62,15,1,1,NA,29452.5
2008,367,44,12,1,NA,2,14726.25
2008,377,43,16,1,NA,1,29452.5
2008,383,37,18,2,1,2,NA
2008,387,19,14,2,1,2,NA
2008,398,25,15,2,NA,2,29452.5
2008,407,41,12,2,2,NA,12718.125
2008,408,68,18,1,1,NA,64260
2008,412,57,4,1,1,NA,64260
2008,419,72,16,1,1,NA,24097.5
2008,428,39,12,1,NA,2,24097.5
2008,436,24,16,1,1,NA,12718.125
2008,453,51,18,2,1,1,146153.66858505
2008,456,19,13,1,2,1,64260
2008,457,64,16,2,1,2,36146.25
2008,458,39,17,1,NA,1,146153.66858505
2008,467,23,13,2,2,NA,24097.5
2008,482,40,15,1,NA,2,17403.75
2008,483,20,12,2,NA,2,1071
2008,488,28,16,2,1,2,14726.25
2008,490,48,13,2,NA,2,53550
2008,506,42,12,2,1,NA,NA
2008,507,20,13,2,1,NA,NA
2008,511,31,14,1,NA,2,64260
2008,512,40,14,2,1,NA,NA
2008,530,50,16,2,NA,2,NA
2008,535,39,NA,1,1,NA,NA
2008,538,26,8,1,1,1,12718.125
2008,541,30,12,2,1,NA,20081.25
2008,556,86,16,1,1,NA,74970
2008,560,26,14,2,NA,2,24097.5
2008,568,36,9,2,1,2,8701.875
2008,569,53,12,1,NA,1,44178.75
2008,575,52,17,2,1,2,44178.75
2008,576,44,12,2,NA,1,20081.25
2008,579,20,13,2,1,NA,20081.25
2008,584,51,11,2,NA,2,NA
2008,586,61,16,1,1,NA,20081.25
2008,589,70,19,2,2,NA,36146.25
2008,590,47,12,2,2,2,146153.66858505
2008,596,53,12,1,NA,1,24097.5
2008,599,53,16,2,NA,1,53550
2008,604,62,16,1,NA,1,NA
2008,608,61,12,1,2,NA,20081.25
2008,615,71,16,1,2,2,24097.5
2008,616,74,12,2,NA,1,53550
2008,620,27,13,2,1,2,36146.25
2008,635,68,12,2,1,NA,24097.5
2008,639,42,12,2,1,NA,36146.25
2008,640,36,14,2,1,NA,29452.5
2008,647,76,14,2,1,NA,44178.75
2008,660,20,12,2,1,1,2409.75
2008,662,36,16,2,1,2,NA
2008,672,34,13,2,1,2,NA
2008,676,28,20,2,1,1,24097.5
2008,680,34,19,1,1,2,24097.5
2008,688,40,16,1,2,2,NA
2008,696,43,19,1,1,NA,36146.25
2008,697,23,16,1,NA,2,6024.375
2008,701,41,16,2,NA,2,53550
2008,711,44,15,2,NA,1,53550
2008,726,48,12,2,NA,2,1874.25
2008,736,48,16,1,1,2,64260
2008,737,43,11,1,1,1,NA
2008,741,45,16,2,1,1,44178.75
2008,743,49,12,2,2,1,1071
2008,744,32,14,1,NA,1,44178.75
2008,747,28,16,1,2,1,36146.25
2008,749,44,12,2,NA,NA,29452.5
2008,753,35,12,1,2,NA,4016.25
2008,759,39,15,2,2,1,146153.66858505
2008,765,45,12,1,1,1,44178.75
2008,780,65,14,2,1,NA,24097.5
2008,790,24,18,2,1,NA,53550
2008,799,27,18,2,1,NA,17403.75
2008,805,46,12,2,NA,2,36146.25
2008,812,40,12,1,NA,NA,NA
2008,821,63,14,1,2,1,44178.75
2008,824,25,12,2,NA,2,10040.625
2008,831,60,12,2,1,NA,36146.25
2008,834,76,12,2,1,1,NA
2008,838,80,14,2,NA,1,20081.25
2008,840,21,14,2,NA,1,6024.375
2008,843,40,14,1,1,NA,36146.25
2008,845,26,14,2,1,NA,29452.5
2008,851,89,10,2,1,2,4819.5
2008,862,43,16,2,NA,2,10040.625
2008,864,52,12,2,2,NA,7363.125
2008,868,80,12,2,1,2,8701.875
2008,869,23,14,1,1,NA,8701.875
2008,871,65,10,1,2,1,20081.25
2008,873,19,12,1,2,NA,53550
2008,883,32,14,2,1,NA,20081.25
2008,885,46,9,2,1,NA,1874.25
2008,890,46,18,2,1,NA,10040.625
2008,894,48,11,1,NA,2,44178.75
2008,898,57,12,1,NA,2,20081.25
2008,901,70,12,2,2,1,24097.5
2008,902,83,12,2,1,2,11379.375
2008,910,29,16,1,NA,1,36146.25
2008,911,68,12,1,1,2,17403.75
2008,922,64,12,2,1,2,36146.25
2008,924,23,11,2,2,2,1874.25
2008,930,47,16,2,1,NA,NA
2008,932,46,12,2,NA,1,24097.5
2008,936,78,11,2,1,1,4016.25
2008,945,73,16,2,1,2,29452.5
2008,955,47,16,2,1,NA,146153.66858505
2008,960,79,12,1,1,2,17403.75
2008,972,76,20,1,NA,1,NA
2008,973,60,16,1,1,NA,146153.66858505
2008,974,34,16,1,NA,NA,NA
2008,976,56,12,1,2,2,36146.25
2008,978,50,12,2,1,1,14726.25
2008,982,39,15,1,1,1,NA
2008,993,33,12,1,1,1,20081.25
2008,994,62,16,1,1,NA,NA
2008,996,59,13,2,1,NA,36146.25
2008,997,74,16,2,1,2,20081.25
2008,1006,37,11,2,1,2,10040.625
2008,1014,55,12,2,1,1,17403.75
2008,1015,27,14,1,1,NA,11379.375
2008,1026,37,17,2,NA,NA,146153.66858505
2008,1045,61,17,2,1,2,29452.5
2008,1051,74,10,2,1,2,NA
2008,1056,59,15,2,NA,2,24097.5
2008,1060,56,14,2,1,1,29452.5
2008,1061,77,16,1,1,NA,24097.5
2008,1063,39,12,1,1,2,8701.875
2008,1072,72,12,2,1,NA,6024.375
2008,1078,23,12,2,2,NA,NA
2008,1085,75,14,2,NA,1,NA
2008,1086,37,12,1,NA,2,17403.75
2008,1090,31,14,1,2,NA,36146.25
2008,1096,44,16,2,1,2,74970
2008,1099,55,18,2,1,NA,146153.66858505
2008,1100,19,12,1,NA,2,NA
2008,1101,49,14,1,2,NA,53550
2008,1104,61,12,2,NA,1,44178.75
2008,1109,49,12,1,1,NA,146153.66858505
2008,1113,64,12,2,NA,1,6024.375
2008,1117,28,14,2,1,NA,6024.375
2008,1118,50,14,1,1,NA,44178.75
2008,1121,23,13,2,1,NA,11379.375
2008,1135,31,13,2,1,2,4819.5
2008,1139,65,18,1,NA,NA,36146.25
2008,1141,37,16,2,NA,2,29452.5
2008,1145,47,12,1,NA,2,10040.625
2008,1146,18,12,2,1,NA,29452.5
2008,1162,40,13,2,1,2,44178.75
2008,1164,22,15,1,1,NA,7363.125
2008,1168,46,9,1,NA,2,8701.875
2008,1179,80,14,2,1,2,20081.25
2008,1180,53,13,2,2,NA,53550
2008,1181,44,14,1,1,NA,64260
2008,1184,29,12,1,NA,1,24097.5
2008,1188,25,16,1,1,2,44178.75
2008,1196,33,15,1,1,2,64260
2008,1200,54,13,1,2,1,74970
2008,1202,33,18,1,2,NA,53550
2008,1204,47,12,1,2,NA,53550
2008,1205,48,12,2,1,2,64260
2008,1222,32,16,1,1,NA,36146.25
2008,1230,42,18,1,1,NA,53550
2008,1238,50,11,2,NA,2,53550
2008,1243,28,16,1,NA,1,44178.75
2008,1248,21,14,2,NA,2,7363.125
2008,1249,86,3,1,2,NA,2945.25
2008,1251,53,9,2,1,2,12718.125
2008,1252,23,12,2,NA,2,14726.25
2008,1263,19,12,2,2,2,14726.25
2008,1264,51,12,1,1,NA,7363.125
2008,1266,46,12,1,2,NA,29452.5
2008,1268,32,14,2,NA,2,36146.25
2008,1275,38,14,2,NA,1,24097.5
2008,1278,59,14,2,1,NA,12718.125
2008,1287,19,13,2,1,NA,2945.25
2008,1295,89,9,1,1,2,36146.25
2008,1302,53,16,2,NA,1,20081.25
2008,1306,32,14,1,NA,1,36146.25
2008,1309,34,12,1,1,NA,24097.5
2008,1311,39,18,1,1,1,53550
2008,1317,87,12,2,2,2,267.75
2008,1321,64,12,2,1,NA,3480.75
2008,1324,38,12,1,1,1,44178.75
2008,1332,22,11,2,NA,2,12718.125
2008,1337,81,10,1,2,1,NA
2008,1338,30,18,1,1,NA,36146.25
2008,1340,57,14,2,NA,1,146153.66858505
2008,1344,51,13,2,2,NA,53550
2008,1345,57,14,1,NA,2,44178.75
2008,1348,38,12,1,NA,1,36146.25
2008,1354,24,17,2,1,NA,2409.75
2008,1361,34,16,2,NA,2,24097.5
2008,1372,37,12,2,1,2,64260
2008,1374,23,16,2,2,2,20081.25
2008,1375,61,10,1,NA,NA,24097.5
2008,1377,82,18,1,1,NA,146153.66858505
2008,1378,84,12,1,NA,2,14726.25
2008,1387,45,16,2,1,1,44178.75
2008,1407,47,10,2,1,2,267.75
2008,1408,30,18,1,NA,1,36146.25
2008,1411,28,16,2,1,1,8701.875
2008,1417,50,9,1,1,2,20081.25
2008,1426,40,6,1,2,NA,10040.625
2008,1428,34,12,2,1,NA,12718.125
2008,1447,42,16,1,NA,1,24097.5
2008,1450,26,12,1,1,2,4016.25
2008,1453,26,12,2,1,1,10040.625
2008,1458,26,18,2,NA,1,17403.75
2008,1460,42,18,2,NA,1,29452.5
2008,1466,26,12,2,1,NA,36146.25
2008,1471,29,14,2,1,2,36146.25
2008,1474,57,18,2,1,NA,36146.25
2008,1482,81,16,2,NA,2,6024.375
2008,1484,81,12,1,2,NA,10040.625
2008,1485,51,16,1,2,NA,8701.875
2008,1486,54,18,2,NA,2,12718.125
2008,1490,28,12,1,NA,1,17403.75
2008,1505,82,12,1,1,2,NA
2008,1506,53,12,2,1,1,14726.25
2008,1507,85,12,2,1,NA,8701.875
2008,1511,56,16,1,NA,2,64260
2008,1520,42,17,1,1,2,36146.25
2008,1522,22,16,2,1,NA,4016.25
2008,1532,40,20,2,1,2,74970
2008,1541,64,14,1,2,NA,1071
2008,1545,89,12,2,2,NA,NA
2008,1552,40,16,2,NA,2,29452.5
2008,1558,78,16,1,2,2,NA
2008,1560,35,15,2,1,NA,24097.5
2008,1564,38,12,2,NA,2,NA
2008,1567,56,15,1,1,2,146153.66858505
2008,1572,60,12,2,NA,1,4819.5
2008,1576,19,14,2,NA,2,74970
2008,1579,54,10,1,NA,2,29452.5
2008,1590,71,15,2,1,2,14726.25
2008,1598,49,12,1,2,NA,36146.25
2008,1600,36,13,2,1,1,44178.75
2008,1602,60,12,1,NA,1,24097.5
2008,1605,29,11,2,1,NA,12718.125
2008,1611,68,12,2,1,NA,17403.75
2008,1612,49,16,1,1,2,53550
2008,1614,64,12,1,2,2,24097.5
2008,1617,51,18,1,1,1,29452.5
2008,1628,35,14,1,1,NA,20081.25
2008,1632,26,12,2,NA,2,24097.5
2008,1634,54,12,2,NA,2,44178.75
2008,1644,75,11,1,2,NA,6024.375
2008,1646,57,7,1,1,NA,6024.375
2008,1648,52,12,1,NA,NA,29452.5
2008,1649,70,12,1,1,NA,24097.5
2008,1652,49,18,1,2,NA,NA
2008,1660,22,13,2,1,NA,4819.5
2008,1663,53,12,1,2,2,36146.25
2008,1665,54,13,2,2,1,24097.5
2008,1668,36,12,1,2,1,20081.25
2008,1675,65,12,2,1,2,6024.375
2008,1676,51,8,2,NA,NA,3480.75
2008,1677,66,16,1,1,2,29452.5
2008,1678,81,12,2,1,NA,74970
2008,1679,63,12,2,1,NA,8701.875
2008,1680,54,9,2,2,NA,14726.25
2008,1689,51,12,2,1,2,12718.125
2008,1690,50,17,2,1,NA,NA
2008,1709,48,14,2,NA,1,36146.25
2008,1710,71,13,1,1,NA,NA
2008,1711,31,12,1,NA,1,11379.375
2008,1712,66,12,2,1,NA,1071
2008,1715,49,14,2,NA,2,NA
2008,1724,66,12,1,1,NA,29452.5
2008,1727,76,12,1,NA,2,NA
2008,1730,37,16,2,1,NA,36146.25
2008,1738,41,20,1,NA,2,64260
2008,1741,68,9,1,1,NA,267.75
2008,1745,47,12,1,1,NA,17403.75
2008,1746,43,12,2,1,NA,36146.25
2008,1757,22,15,2,NA,2,20081.25
2008,1758,48,12,2,NA,2,24097.5
2008,1761,37,12,2,1,2,7363.125
2008,1773,55,12,1,NA,1,12718.125
2008,1776,28,13,2,NA,1,6024.375
2008,1780,57,12,1,1,2,53550
2008,1782,67,11,2,NA,NA,29452.5
2008,1783,66,9,2,NA,1,267.75
2008,1784,29,13,2,NA,1,24097.5
2008,1788,57,19,1,1,2,36146.25
2008,1798,55,8,1,1,NA,4819.5
2008,1800,34,12,2,1,NA,64260
2008,1801,28,7,1,NA,1,14726.25
2008,1802,61,14,1,NA,1,44178.75
2008,1807,41,12,1,2,NA,24097.5
2008,1808,37,15,2,1,1,24097.5
2008,1813,37,9,2,1,2,NA
2008,1816,35,13,1,NA,1,17403.75
2008,1820,60,12,1,1,NA,267.75
2008,1826,53,14,2,NA,2,29452.5
2008,1827,41,8,1,1,1,2945.25
2008,1838,47,12,2,1,NA,20081.25
2008,1842,57,13,1,2,1,2409.75
2008,1844,55,12,1,NA,1,36146.25
2008,1850,37,19,1,2,NA,29452.5
2008,1853,53,11,2,1,NA,44178.75
2008,1857,28,16,1,NA,2,36146.25
2008,1861,46,16,2,NA,1,53550
2008,1864,34,10,2,NA,1,29452.5
2008,1865,19,13,1,1,NA,20081.25
2008,1874,71,16,2,1,NA,20081.25
2008,1879,55,12,1,2,NA,24097.5
2008,1886,32,14,1,1,NA,44178.75
2008,1899,64,12,1,NA,NA,14726.25
2008,1916,51,12,2,1,2,14726.25
2008,1922,38,13,1,1,2,3480.75
2008,1944,24,13,1,1,2,8701.875
2008,1945,27,16,2,2,1,29452.5
2008,1948,36,17,1,NA,2,44178.75
2008,1952,51,12,1,1,NA,64260
2008,1953,35,12,2,NA,NA,11379.375
2008,1960,62,12,1,2,NA,17403.75
2008,1961,82,6,2,NA,2,8701.875
2008,1962,26,14,1,2,2,44178.75
2008,1967,71,11,2,1,NA,NA
2008,1968,43,13,2,1,NA,24097.5
2008,1970,20,12,1,NA,2,29452.5
2008,1978,NA,15,2,NA,1,11379.375
2008,1984,31,12,2,NA,1,6024.375
2008,1986,42,16,2,1,2,53550
2008,1988,39,20,2,1,2,NA
2008,1991,72,16,2,NA,2,36146.25
2008,1996,35,18,2,2,NA,24097.5
2008,2014,33,12,2,1,NA,20081.25
2008,2017,78,11,2,1,2,6024.375
2008,2018,47,18,2,1,NA,36146.25
2008,2020,80,NA,2,2,2,NA
2008,2022,54,14,2,NA,1,53550
2010,8,80,15,2,1,NA,11007.5
2010,11,31,14,2,NA,NA,28490
2010,12,21,13,1,1,NA,23310
2010,14,36,13,2,1,NA,12302.5
2010,16,28,10,2,1,NA,2331
2010,21,49,12,1,NA,2,28490
2010,25,35,17,2,NA,NA,119606.06532
2010,28,21,14,2,NA,1,2849
2010,38,53,16,1,1,NA,72520
2010,47,37,13,2,1,1,42735
2010,51,80,16,1,1,1,28490
2010,53,49,16,1,NA,1,119606.06532
2010,57,42,14,2,1,2,51800
2010,60,26,16,2,1,NA,16835
2010,74,53,14,1,2,NA,23310
2010,77,44,12,2,1,NA,72520
2010,87,41,16,2,1,NA,51800
2010,100,69,16,2,NA,2,42735
2010,105,51,16,1,NA,2,119606.06532
2010,108,50,16,2,1,NA,NA
2010,110,43,18,2,1,NA,119606.06532
2010,111,19,11,1,NA,1,42735
2010,118,65,13,2,1,1,NA
2010,124,27,15,2,1,NA,11007.5
2010,130,24,10,1,NA,2,14245
2010,132,45,8,1,1,NA,19425
2010,134,49,16,1,1,1,119606.06532
2010,143,47,17,1,1,1,119606.06532
2010,159,34,8,2,1,2,7122.5
2010,165,23,14,1,NA,2,12302.5
2010,179,34,17,1,1,NA,51800
2010,183,33,20,1,1,1,42735
2010,205,44,12,1,NA,NA,23310
2010,206,60,13,2,1,NA,42735
2010,208,27,16,1,2,1,8417.5
2010,211,18,11,2,NA,2,2331
2010,217,52,16,1,NA,2,16835
2010,220,35,20,1,1,NA,119606.06532
2010,225,23,14,1,1,NA,51800
2010,228,58,17,1,1,1,28490
2010,230,75,16,1,NA,1,34965
2010,240,54,14,1,2,1,62160
2010,241,45,14,1,1,1,51800
2010,243,46,16,2,NA,1,51800
2010,244,36,15,2,2,1,28490
2010,245,58,13,2,1,NA,14245
2010,249,80,12,2,NA,2,7122.5
2010,251,76,12,2,1,1,14245
2010,253,43,20,2,NA,1,34965
2010,263,35,12,2,1,2,NA
2010,275,29,12,2,NA,2,12302.5
2010,280,62,16,1,NA,1,51800
2010,281,28,15,1,2,2,28490
2010,283,47,16,1,1,NA,119606.06532
2010,287,20,13,1,1,NA,16835
2010,297,30,12,1,NA,2,23310
2010,298,53,13,2,2,NA,8417.5
2010,311,62,16,1,NA,1,119606.06532
2010,313,39,16,2,1,NA,62160
2010,317,72,17,1,1,2,14245
2010,318,77,6,2,NA,2,5827.5
2010,319,26,12,2,1,2,NA
2010,325,38,16,2,1,NA,19425
2010,342,29,9,2,1,NA,19425
2010,346,27,18,2,1,1,34965
2010,348,35,13,2,1,NA,28490
2010,353,40,12,2,NA,2,14245
2010,355,56,14,2,NA,1,42735
2010,360,35,20,2,1,NA,51800
2010,363,50,13,1,1,NA,NA
2010,365,53,13,2,1,NA,3367
2010,366,67,13,1,NA,1,7122.5
2010,377,54,9,1,1,2,16835
2010,378,46,14,2,1,NA,23310
2010,384,41,17,2,NA,2,23310
2010,391,43,13,2,1,2,34965
2010,398,65,14,2,2,NA,34965
2010,409,21,15,1,2,1,2849
2010,415,44,16,2,1,NA,16835
2010,421,62,13,1,NA,1,5827.5
2010,423,43,10,2,1,NA,23310
2010,433,37,13,2,NA,1,23310
2010,437,52,12,2,NA,2,28490
2010,443,56,12,2,NA,2,12302.5
2010,450,52,9,2,NA,2,NA
2010,452,32,9,2,1,NA,NA
2010,455,77,15,2,NA,1,51800
2010,457,33,8,2,NA,2,12302.5
2010,458,43,16,2,1,1,119606.06532
2010,460,44,18,2,NA,2,119606.06532
2010,467,61,13,1,1,NA,51800
2010,469,40,15,1,1,NA,34965
2010,484,60,13,1,1,NA,19425
2010,495,31,13,2,1,NA,28490
2010,496,86,12,2,NA,2,11007.5
2010,502,47,20,2,1,1,119606.06532
2010,508,40,12,1,NA,2,7122.5
2010,515,59,13,1,NA,1,119606.06532
2010,517,70,17,1,1,NA,34965
2010,523,71,10,1,NA,2,42735
2010,551,48,18,1,1,NA,119606.06532
2010,557,47,16,1,1,1,34965
2010,558,54,4,1,1,2,14245
2010,569,81,12,2,NA,2,NA
2010,575,40,12,1,2,1,34965
2010,589,63,12,2,1,NA,5827.5
2010,595,56,12,2,1,2,4662
2010,604,53,12,2,1,NA,3885
2010,605,58,16,2,1,NA,42735
2010,610,23,15,2,1,NA,9712.5
2010,612,46,12,1,1,NA,34965
2010,619,56,12,1,1,NA,72520
2010,626,68,11,2,1,NA,NA
2010,627,82,12,2,1,NA,5827.5
2010,634,71,12,2,NA,2,23310
2010,636,48,14,2,2,NA,62160
2010,640,60,11,2,NA,2,NA
2010,644,37,14,2,NA,2,4662
2010,653,84,11,1,1,2,42735
2010,660,43,16,2,NA,1,NA
2010,663,65,12,1,NA,2,NA
2010,664,54,5,2,2,NA,NA
2010,671,72,9,2,1,2,NA
2010,679,38,16,2,NA,2,62160
2010,690,83,6,1,1,1,NA
2010,714,48,15,1,1,NA,7122.5
2010,716,64,6,2,1,2,NA
2010,722,44,14,1,NA,1,51800
2010,726,58,18,1,1,2,34965
2010,728,30,14,1,NA,1,NA
2010,732,50,19,1,1,NA,62160
2010,734,50,20,1,NA,1,62160
2010,735,43,20,1,1,NA,119606.06532
2010,748,83,9,1,2,2,NA
2010,755,74,12,2,1,2,12302.5
2010,762,28,16,1,NA,1,28490
2010,775,51,14,2,1,NA,11007.5
2010,784,35,14,2,1,1,16835
2010,785,53,11,2,1,NA,8417.5
2010,790,62,18,2,1,NA,62160
2010,794,51,13,2,1,1,3885
2010,796,55,18,2,NA,1,34965
2010,797,42,17,2,1,NA,34965
2010,811,43,13,2,1,NA,72520
2010,815,52,13,1,2,NA,12302.5
2010,817,23,12,1,NA,2,12302.5
2010,820,23,12,1,1,NA,3885
2010,822,56,18,1,1,1,28490
2010,824,25,18,2,1,2,14245
2010,830,41,12,2,NA,2,51800
2010,831,58,13,2,1,NA,8417.5
2010,832,20,12,2,NA,2,NA
2010,835,58,12,2,1,1,28490
2010,837,35,16,1,2,NA,72520
2010,838,60,14,2,NA,NA,23310
2010,842,58,13,2,1,NA,42735
2010,845,49,18,2,1,NA,119606.06532
2010,849,55,16,2,1,2,12302.5
2010,851,44,8,1,2,2,34965
2010,853,36,8,1,NA,2,34965
2010,854,67,20,2,1,2,34965
2010,855,42,12,2,1,NA,14245
2010,868,53,12,1,NA,1,NA
2010,874,83,12,2,1,NA,NA
2010,888,88,12,1,NA,NA,NA
2010,893,26,10,2,NA,NA,1813
2010,908,52,19,2,NA,NA,42735
2010,916,49,13,1,NA,1,42735
2010,918,32,12,2,1,NA,4662
2010,933,44,12,1,2,2,28490
2010,935,19,12,2,NA,2,NA
2010,936,20,13,1,2,NA,42735
2010,938,50,14,1,1,1,5827.5
2010,943,33,14,2,1,NA,28490
2010,945,31,12,1,1,NA,34965
2010,947,53,14,2,1,NA,28490
2010,953,25,9,1,1,1,9712.5
2010,957,22,15,1,NA,1,5827.5
2010,958,36,12,1,1,NA,28490
2010,965,25,13,1,1,NA,12302.5
2010,968,80,12,2,NA,NA,16835
2010,973,61,17,2,1,2,28490
2010,976,36,12,2,2,NA,42735
2010,985,58,13,2,1,NA,1036
2010,991,64,18,2,1,NA,62160
2010,996,56,7,2,NA,2,NA
2010,1003,61,12,2,NA,2,NA
2010,1013,44,14,1,2,NA,42735
2010,1022,44,12,1,NA,1,12302.5
2010,1038,69,10,2,1,NA,8417.5
2010,1041,69,20,2,1,NA,119606.06532
2010,1044,74,16,2,1,NA,12302.5
2010,1048,52,16,1,2,NA,119606.06532
2010,1049,60,12,2,NA,1,72520
2010,1053,66,10,2,1,NA,NA
2010,1070,53,18,1,1,2,34965
2010,1071,63,20,1,1,NA,5827.5
2010,1080,26,16,2,2,NA,42735
2010,1081,46,12,2,1,2,119606.06532
2010,1082,35,16,2,NA,1,34965
2010,1087,74,12,2,NA,2,NA
2010,1088,27,17,2,1,NA,19425
2010,1094,21,11,1,1,NA,2331
2010,1109,58,13,2,1,2,119606.06532
2010,1111,19,13,1,NA,2,62160
2010,1114,48,12,2,1,NA,34965
2010,1123,41,13,1,NA,2,62160
2010,1135,36,14,2,1,NA,16835
2010,1142,36,13,2,NA,2,16835
2010,1144,59,15,2,NA,1,NA
2010,1157,19,8,1,NA,2,14245
2010,1159,40,14,2,2,NA,NA
2010,1164,36,18,1,2,1,42735
2010,1167,57,18,2,NA,1,23310
2010,1169,40,16,1,1,2,42735
2010,1170,58,18,2,NA,2,62160
2010,1173,57,14,1,1,1,34965
2010,1177,61,12,1,2,1,72520
2010,1178,49,16,2,1,NA,119606.06532
2010,1179,25,11,1,NA,1,11007.5
2010,1182,63,7,2,NA,1,5827.5
2010,1183,46,14,1,1,NA,14245
2010,1184,71,12,2,NA,2,259
2010,1186,32,12,1,NA,1,28490
2010,1198,63,12,1,NA,NA,12302.5
2010,1199,29,14,2,1,NA,7122.5
2010,1200,26,12,2,1,2,4662
2010,1214,68,14,1,NA,2,62160
2010,1219,42,14,1,1,NA,14245
2010,1231,80,12,2,2,2,34965
2010,1237,72,16,2,1,2,NA
2010,1241,79,16,2,1,2,19425
2010,1244,38,14,2,1,NA,14245
2010,1245,32,15,2,1,NA,23310
2010,1254,44,16,2,2,2,119606.06532
2010,1255,44,18,2,1,NA,23310
2010,1261,32,13,2,2,1,16835
2010,1262,83,18,2,NA,1,28490
2010,1270,27,16,1,NA,1,16835
2010,1272,25,16,1,1,NA,119606.06532
2010,1273,19,14,1,1,NA,119606.06532
2010,1284,78,12,1,1,NA,NA
2010,1286,89,16,2,1,NA,259
2010,1287,29,12,1,NA,1,11007.5
2010,1294,43,17,1,NA,2,72520
2010,1298,27,16,2,1,2,34965
2010,1299,35,16,1,NA,2,19425
2010,1305,53,16,1,2,2,119606.06532
2010,1312,49,12,2,NA,2,9712.5
2010,1316,30,13,1,1,NA,4662
2010,1322,34,18,2,1,NA,42735
2010,1333,39,16,2,NA,2,19425
2010,1339,49,6,2,1,1,7122.5
2010,1341,26,9,1,1,1,14245
2010,1347,42,6,2,2,2,1813
2010,1353,63,5,2,NA,1,3885
2010,1361,38,16,1,1,NA,28490
2010,1362,49,6,2,NA,2,12302.5
2010,1367,20,13,2,NA,2,12302.5
2010,1377,62,16,2,1,NA,NA
2010,1386,78,12,2,1,1,NA
2010,1391,33,15,1,NA,1,34965
2010,1392,33,13,2,2,1,14245
2010,1398,24,12,1,1,2,16835
2010,1402,76,11,2,1,NA,7122.5
2010,1405,81,11,2,NA,1,2849
2010,1407,27,14,2,1,NA,5827.5
2010,1411,29,15,2,1,1,5827.5
2010,1412,89,12,2,1,NA,5827.5
2010,1413,25,13,1,1,1,12302.5
2010,1417,32,13,2,1,1,8417.5
2010,1423,34,17,2,1,2,12302.5
2010,1427,34,14,1,2,1,119606.06532
2010,1431,27,13,2,NA,1,3367
2010,1435,44,12,2,2,NA,42735
2010,1437,31,15,2,NA,2,62160
2010,1438,55,11,1,1,NA,5827.5
2010,1439,72,14,2,NA,2,34965
2010,1440,60,1,2,1,NA,NA
2010,1441,63,4,1,NA,2,19425
2010,1442,21,13,2,1,1,34965
2010,1449,18,11,2,1,1,NA
2010,1452,20,11,2,NA,2,19425
2010,1454,51,12,1,2,NA,119606.06532
2010,1461,24,14,1,1,NA,14245
2010,1476,37,17,1,1,1,19425
2010,1478,69,12,1,NA,2,16835
2010,1480,55,12,1,1,2,4662
2010,1484,26,16,2,1,1,34965
2010,1493,39,16,2,1,2,34965
2010,1497,82,15,1,2,2,5827.5
2010,1510,63,16,2,NA,1,72520
2010,1512,79,11,2,NA,2,12302.5
2010,1514,69,12,1,2,NA,NA
2010,1518,31,12,2,1,NA,NA
2010,1523,30,12,1,1,NA,19425
2010,1529,64,16,2,NA,1,14245
2010,1541,29,12,1,NA,1,19425
2010,1546,86,NA,2,2,NA,NA
2010,1549,28,15,2,NA,2,62160
2010,1554,79,14,2,NA,NA,23310
2010,1559,80,14,2,1,2,34965
2010,1563,49,20,2,1,NA,42735
2010,1568,42,6,2,NA,2,7122.5
2010,1569,23,17,1,1,NA,14245
2010,1572,89,13,2,NA,2,NA
2010,1573,85,8,2,1,2,NA
2010,1578,42,14,1,NA,1,62160
2010,1588,18,11,2,NA,2,NA
2010,1596,43,16,1,1,2,51800
2010,1598,47,12,1,2,1,72520
2010,1601,83,12,2,NA,2,NA
2010,1604,88,14,2,NA,NA,12302.5
2010,1611,32,15,1,1,1,23310
2010,1613,85,11,2,NA,2,NA
2010,1623,45,13,1,1,NA,16835
2010,1626,43,16,1,2,2,51800
2010,1628,60,20,2,NA,1,72520
2010,1633,49,12,2,1,2,14245
2010,1638,69,16,2,NA,1,19425
2010,1639,52,12,2,1,2,34965
2010,1641,56,12,2,NA,1,34965
2010,1649,59,15,2,2,2,28490
2010,1652,55,12,2,NA,2,42735
2010,1655,60,10,2,1,2,3367
2010,1656,38,20,2,NA,NA,259
2010,1657,48,17,2,1,NA,72520
2010,1661,30,12,2,1,2,11007.5
2010,1662,37,14,2,2,NA,8417.5
2010,1666,41,13,2,1,2,34965
2010,1672,50,13,2,2,2,12302.5
2010,1676,51,12,1,2,NA,23310
2010,1678,19,12,2,1,NA,42735
2010,1682,77,12,1,1,2,16835
2010,1685,72,12,1,NA,2,23310
2010,1687,46,12,2,1,NA,5827.5
2010,1689,30,14,2,1,1,5827.5
2010,1706,46,8,1,NA,2,28490
2010,1711,50,9,2,2,1,34965
2010,1712,37,11,2,1,NA,19425
2010,1715,29,11,2,2,1,259
2010,1725,67,9,2,NA,2,2849
2010,1728,50,12,1,2,1,7122.5
2010,1730,57,12,2,1,NA,NA
2010,1756,62,13,1,NA,2,NA
2010,1758,58,18,2,NA,2,51800
2010,1765,45,12,2,2,1,7122.5
2010,1771,67,12,2,1,NA,34965
2010,1775,37,12,1,NA,1,28490
2010,1779,52,10,1,NA,2,28490
2010,1781,62,14,1,1,NA,34965
2010,1782,38,13,1,1,2,28490
2010,1784,45,11,1,1,NA,5827.5
2010,1787,40,12,2,1,1,11007.5
2010,1800,54,13,1,NA,2,NA
2010,1803,64,12,2,1,NA,34965
2010,1812,31,12,2,NA,1,4662
2010,1817,39,20,2,1,NA,62160
2010,1824,62,11,2,1,NA,7122.5
2010,1825,57,16,2,NA,2,28490
2010,1831,58,12,2,2,2,34965
2010,1837,56,17,2,2,NA,8417.5
2010,1841,74,16,2,2,2,12302.5
2010,1842,84,7,1,1,NA,14245
2010,1849,55,14,1,2,1,7122.5
2010,1850,69,11,1,1,2,16835
2010,1851,30,8,1,2,1,259
2010,1853,59,12,2,2,1,7122.5
2010,1855,47,12,2,NA,2,8417.5
2010,1858,22,9,1,NA,1,8417.5
2010,1865,50,12,1,1,2,5827.5
2010,1867,55,13,1,1,2,14245
2010,1872,89,12,1,1,1,5827.5
2010,1874,45,13,2,NA,1,16835
2010,1880,19,13,1,2,2,8417.5
2010,1888,44,14,2,2,2,5827.5
2010,1891,26,12,2,1,NA,14245
2010,1895,27,15,1,1,NA,8417.5
2010,1904,19,13,1,NA,2,16835
2010,1914,52,9,1,2,1,23310
2010,1919,62,6,1,1,1,9712.5
2010,1921,35,12,2,NA,2,19425
2010,1922,52,10,1,1,NA,259
2010,1924,38,13,1,1,1,12302.5
2010,1927,27,16,2,1,2,19425
2010,1933,35,15,2,NA,1,23310
2010,1934,49,14,1,2,2,34965
2010,1935,45,8,2,2,NA,NA
2010,1940,47,17,1,NA,1,19425
2010,1944,48,12,1,2,2,34965
2010,1955,50,11,2,2,NA,9712.5
2010,1958,58,12,2,NA,1,NA
2010,1959,44,14,2,1,1,23310
2010,1960,70,13,2,1,NA,NA
2010,1961,72,4,1,NA,2,51800
2010,1966,28,13,2,NA,2,34965
2010,1970,52,14,1,1,2,259
2010,1976,61,17,2,1,1,NA
2010,1982,43,12,2,1,NA,16835
2010,1987,25,16,2,1,NA,5827.5
2010,1991,60,14,2,NA,2,NA
2010,1992,81,12,1,1,2,19425
2010,2015,50,18,2,NA,1,119606.06532
2010,2022,30,9,1,2,2,11007.5
2010,2024,42,12,2,NA,1,7122.5
2010,2027,65,16,1,NA,1,3885
2010,2031,36,11,1,2,NA,14245
2010,2033,43,16,2,NA,1,5827.5
2010,2036,67,12,2,NA,1,16835
2012,10,28,17,2,1,1,15925
2012,12,36,16,2,NA,1,26950
2012,13,28,12,2,1,1,4410
2012,16,35,13,2,1,2,26950
2012,22,39,10,1,1,2,22050
2012,25,71,12,1,NA,2,58800
2012,29,81,16,2,NA,1,22050
2012,36,62,18,1,1,1,33075
2012,37,52,11,1,1,NA,49000
2012,41,29,18,2,1,2,49000
2012,42,69,14,2,NA,2,58800
2012,51,57,16,1,1,1,33075
2012,61,67,19,2,1,NA,33075
2012,66,21,14,2,1,1,NA
2012,68,49,16,2,1,NA,33075
2012,71,28,16,1,1,NA,58800
2012,75,46,16,1,NA,1,155139.9731
2012,77,56,16,2,1,2,40425
2012,79,32,13,2,NA,2,13475
2012,92,34,20,2,1,NA,26950
2012,100,23,17,2,1,NA,58800
2012,101,51,12,1,NA,2,155139.9731
2012,104,27,12,1,1,2,3185
2012,105,24,14,1,NA,NA,NA
2012,106,26,20,1,2,NA,15925
2012,110,43,17,1,NA,1,40425
2012,112,71,16,1,1,1,68600
2012,122,23,15,1,1,1,22050
2012,135,29,16,1,NA,NA,26950
2012,137,36,13,2,NA,1,6737.5
2012,139,49,16,2,NA,2,155139.9731
2012,140,60,16,1,1,NA,58800
2012,142,39,14,2,NA,2,13475
2012,146,64,14,2,NA,1,10412.5
2012,147,61,14,2,NA,2,NA
2012,148,22,6,1,1,NA,7962.5
2012,158,52,12,1,NA,2,7962.5
2012,161,29,17,2,1,2,40425
2012,166,18,13,2,1,NA,NA
2012,167,40,14,2,NA,1,5512.5
2012,171,77,15,2,NA,2,4410
2012,174,22,15,2,1,NA,4410
2012,190,33,16,2,1,NA,58800
2012,194,42,16,2,NA,2,26950
2012,197,36,12,2,NA,1,68600
2012,202,20,14,1,1,NA,49000
2012,205,57,14,1,NA,2,18375
2012,210,68,14,2,1,NA,13475
2012,212,27,12,1,1,2,22050
2012,213,30,16,1,1,1,33075
2012,218,27,12,2,1,2,NA
2012,222,54,11,2,1,NA,49000
2012,226,48,12,1,NA,1,22050
2012,232,26,16,2,NA,2,245
2012,235,34,13,1,NA,2,40425
2012,236,35,6,2,1,NA,6737.5
2012,240,28,10,1,1,NA,11637.5
2012,242,61,16,1,1,NA,155139.9731
2012,250,54,16,2,NA,2,40425
2012,253,62,14,1,1,NA,15925
2012,274,59,14,1,NA,1,40425
2012,275,74,16,2,NA,2,15925
2012,277,32,12,2,1,NA,68600
2012,286,33,14,1,2,NA,155139.9731
2012,290,35,9,1,1,NA,18375
2012,296,25,14,1,1,NA,22050
2012,300,56,12,2,1,1,58800
2012,319,31,13,1,1,2,26950
2012,322,50,15,2,1,2,18375
2012,332,22,16,1,NA,1,18375
2012,334,89,8,1,1,NA,11637.5
2012,339,57,9,1,1,1,15925
2012,344,38,14,2,NA,2,18375
2012,351,41,13,2,1,NA,26950
2012,355,27,14,1,1,NA,22050
2012,356,32,13,2,NA,1,9187.5
2012,362,52,12,1,1,NA,13475
2012,376,85,12,2,1,2,NA
2012,377,63,14,2,1,NA,49000
2012,378,61,15,2,1,1,49000
2012,379,27,20,2,NA,2,68600
2012,385,82,18,1,NA,1,58800
2012,386,43,16,2,2,NA,NA
2012,389,78,17,2,1,NA,11637.5
2012,392,23,13,1,1,NA,40425
2012,396,51,19,2,NA,1,18375
2012,397,55,18,1,NA,2,22050
2012,403,84,12,1,NA,1,26950
2012,404,21,13,1,1,1,6737.5
2012,416,18,12,2,1,1,15925
2012,417,62,20,2,1,NA,58800
2012,420,38,10,2,1,NA,22050
2012,434,32,14,1,2,NA,33075
2012,436,51,16,2,2,NA,155139.9731
2012,441,64,14,2,1,NA,10412.5
2012,461,30,16,2,1,NA,155139.9731
2012,464,39,18,2,NA,2,155139.9731
2012,467,41,18,1,1,NA,155139.9731
2012,472,54,14,2,NA,1,22050
2012,487,64,15,2,NA,1,NA
2012,495,56,15,2,NA,1,58800
2012,497,53,12,1,NA,2,33075
2012,515,40,14,2,1,NA,68600
2012,516,50,16,2,2,1,NA
2012,522,30,12,2,2,2,245
2012,527,65,7,2,1,2,2205
2012,536,40,15,2,2,2,40425
2012,539,30,14,2,2,1,33075
2012,550,24,10,2,1,1,10412.5
2012,558,86,10,2,NA,2,15925
2012,559,53,12,1,1,1,22050
2012,562,71,12,2,1,NA,980
2012,563,50,6,2,NA,2,9187.5
2012,564,40,14,1,1,2,NA
2012,573,84,17,1,NA,1,49000
2012,574,34,16,1,1,NA,155139.9731
2012,577,59,12,1,2,NA,9187.5
2012,580,66,7,2,NA,2,5512.5
2012,583,42,19,1,1,2,155139.9731
2012,586,45,17,1,2,1,155139.9731
2012,589,31,11,1,NA,1,10412.5
2012,590,81,13,1,1,1,33075
2012,593,58,14,1,1,NA,26950
2012,599,35,18,2,NA,NA,155139.9731
2012,610,46,16,2,1,NA,22050
2012,611,78,18,2,NA,2,NA
2012,612,64,13,2,1,NA,22050
2012,614,63,14,1,NA,1,18375
2012,618,88,14,1,NA,1,6737.5
2012,620,19,9,1,2,NA,245
2012,627,28,16,1,NA,1,155139.9731
2012,630,20,12,2,2,1,5512.5
2012,632,75,10,2,NA,NA,4410
2012,636,32,14,2,1,2,49000
2012,639,48,12,2,2,NA,40425
2012,642,27,11,2,NA,NA,2205
2012,644,42,15,1,2,NA,40425
2012,650,49,12,2,NA,1,26950
2012,655,45,16,2,NA,2,49000
2012,659,54,20,1,NA,1,18375
2012,662,63,12,2,NA,2,22050
2012,667,38,12,1,2,2,245
2012,672,54,16,2,1,1,NA
2012,673,39,18,2,1,NA,33075
2012,674,61,14,2,NA,1,40425
2012,678,63,12,2,2,NA,33075
2012,684,69,12,2,NA,1,155139.9731
2012,691,29,12,1,NA,1,26950
2012,696,43,17,2,1,2,49000
2012,707,25,12,2,1,1,5512.5
2012,717,57,13,1,NA,2,11637.5
2012,735,45,16,2,1,NA,33075
2012,737,76,12,2,1,2,26950
2012,738,45,13,2,NA,1,10412.5
2012,739,62,12,1,1,2,26950
2012,743,32,14,1,NA,1,NA
2012,761,49,16,2,NA,2,26950
2012,764,47,12,2,1,1,3185
2012,765,75,15,2,1,NA,33075
2012,769,43,12,2,NA,2,40425
2012,770,22,13,2,2,NA,15925
2012,775,47,13,2,2,2,11637.5
2012,785,42,16,1,2,1,155139.9731
2012,787,55,13,2,1,1,40425
2012,789,62,15,1,2,2,26950
2012,790,51,16,1,2,NA,58800
2012,792,36,11,1,NA,1,22050
2012,795,29,14,1,1,NA,9187.5
2012,800,22,12,2,2,NA,5512.5
2012,803,79,15,1,1,1,18375
2012,808,21,14,1,2,2,18375
2012,810,61,12,1,1,NA,18375
2012,815,45,16,2,NA,2,49000
2012,816,48,12,1,1,NA,NA
2012,824,42,16,1,1,1,13475
2012,832,50,16,1,2,1,155139.9731
2012,833,68,16,1,1,NA,18375
2012,835,58,9,2,1,2,13475
2012,852,36,17,1,NA,1,33075
2012,860,64,12,2,1,1,11637.5
2012,871,34,16,2,NA,1,155139.9731
2012,872,45,14,1,NA,1,5512.5
2012,883,32,9,2,1,1,7962.5
2012,887,35,13,1,2,1,22050
2012,888,61,12,1,1,NA,49000
2012,891,39,18,2,1,2,15925
2012,892,30,13,2,1,2,4410
2012,897,37,13,1,NA,1,22050
2012,899,74,12,2,1,NA,NA
2012,901,41,16,1,1,NA,33075
2012,905,32,20,1,NA,1,7962.5
2012,910,35,14,2,1,1,18375
2012,911,40,9,1,1,NA,22050
2012,915,22,16,2,1,1,6737.5
2012,916,21,14,2,NA,2,1715
2012,921,18,12,1,NA,NA,NA
2012,925,31,9,1,2,NA,26950
2012,926,25,13,1,1,2,9187.5
2012,938,61,13,1,1,NA,15925
2012,959,79,16,2,NA,2,13475
2012,961,38,18,1,NA,1,155139.9731
2012,967,29,16,2,2,2,49000
2012,976,56,18,2,1,NA,155139.9731
2012,979,69,16,2,NA,2,15925
2012,982,49,12,2,1,1,22050
2012,985,55,14,1,NA,2,33075
2012,988,42,11,1,NA,1,9187.5
2012,992,58,12,2,1,1,15925
2012,993,50,12,2,2,NA,40425
2012,994,45,17,2,NA,1,7962.5
2012,1002,20,12,1,1,NA,NA
2012,1009,50,12,1,NA,2,3185
2012,1013,84,12,2,1,NA,5512.5
2012,1019,83,10,2,1,NA,4410
2012,1020,77,7,2,1,2,NA
2012,1026,27,12,1,1,NA,33075
2012,1027,59,16,1,1,NA,NA
2012,1028,22,16,1,NA,NA,3185
2012,1029,60,20,1,1,NA,4410
2012,1032,38,18,2,1,1,49000
2012,1040,36,16,2,NA,NA,155139.9731
2012,1045,84,10,1,1,NA,NA
2012,1048,26,14,2,NA,2,22050
2012,1053,46,10,2,1,NA,4410
2012,1056,63,12,2,1,1,10412.5
2012,1059,30,16,2,1,NA,15925
2012,1064,63,14,1,1,NA,49000
2012,1072,60,12,2,1,2,5512.5
2012,1076,30,20,1,1,1,22050
2012,1085,31,12,2,NA,1,40425
2012,1093,54,12,2,1,2,15925
2012,1096,53,11,1,1,NA,33075
2012,1101,57,12,2,1,2,7962.5
2012,1109,62,9,2,1,NA,NA
2012,1112,65,12,2,NA,2,40425
2012,1113,30,16,1,1,2,15925
2012,1118,72,17,2,1,NA,9187.5
2012,1122,40,12,2,1,2,3185
2012,1125,50,12,2,2,2,22050
2012,1126,70,10,2,NA,2,NA
2012,1128,53,16,2,2,1,33075
2012,1132,63,14,2,1,2,7962.5
2012,1135,56,13,1,NA,1,22050
2012,1136,69,14,2,1,2,NA
2012,1147,68,16,2,2,NA,3185
2012,1149,77,12,1,1,NA,22050
2012,1153,36,14,1,2,NA,33075
2012,1155,70,12,1,1,NA,245
2012,1164,55,12,2,2,NA,3185
2012,1181,52,15,2,NA,1,155139.9731
2012,1182,59,12,2,1,NA,5512.5
2012,1190,28,12,1,NA,1,18375
2012,1201,41,14,2,1,2,22050
2012,1208,33,13,2,NA,1,33075
2012,1212,19,8,1,1,2,NA
2012,1218,46,12,2,1,2,10412.5
2012,1220,31,16,1,NA,NA,5512.5
2012,1224,40,18,2,NA,1,40425
2012,1225,70,16,2,1,2,33075
2012,1227,39,14,1,1,1,40425
2012,1231,31,13,1,2,NA,15925
2012,1237,63,15,2,NA,2,40425
2012,1238,42,12,1,NA,1,22050
2012,1253,52,16,1,NA,2,155139.9731
2012,1256,64,14,1,NA,1,18375
2012,1268,37,12,2,1,NA,3675
2012,1271,59,12,2,NA,2,49000
2012,1283,37,12,1,NA,1,26950
2012,1284,49,12,1,2,NA,3675
2012,1288,82,18,2,NA,NA,18375
2012,1289,59,16,2,1,2,40425
2012,1291,47,13,2,2,2,13475
2012,1292,29,10,2,1,1,245
2012,1297,54,19,1,1,2,33075
2012,1299,37,16,2,NA,2,68600
2012,1301,33,16,2,NA,2,155139.9731
2012,1303,52,16,1,2,2,58800
2012,1307,60,16,1,1,2,33075
2012,1318,47,16,2,1,NA,155139.9731
2012,1320,68,16,1,NA,2,58800
2012,1321,53,12,2,1,NA,NA
2012,1322,60,5,2,NA,2,2695
2012,1329,73,12,1,NA,2,15925
2012,1336,62,14,1,1,NA,26950
2012,1356,47,20,1,1,NA,155139.9731
2012,1372,38,15,2,1,2,33075
2012,1382,19,12,2,NA,1,NA
2012,1399,45,19,2,NA,1,22050
2012,1400,21,13,1,2,NA,3675
2012,1409,59,13,1,2,NA,40425
2012,1415,64,15,1,1,2,33075
2012,1422,68,17,2,1,NA,22050
2012,1433,81,8,1,NA,2,NA
2012,1436,43,12,1,2,1,33075
2012,1438,59,12,2,1,NA,49000
2012,1441,30,12,1,NA,NA,18375
2012,1444,25,12,1,NA,2,NA
2012,1452,85,15,2,1,2,NA
2012,1459,53,12,2,1,2,58800
2012,1460,41,12,2,1,NA,22050
2012,1464,50,12,2,NA,1,22050
2012,1475,65,13,1,1,NA,18375
2012,1477,70,11,2,1,NA,33075
2012,1480,37,19,1,1,NA,58800
2012,1489,21,14,2,1,1,10412.5
2012,1490,36,12,1,2,NA,22050
2012,1492,30,17,1,NA,1,155139.9731
2012,1501,72,12,1,1,2,26950
2012,1506,51,9,1,1,1,6737.5
2012,1507,33,12,1,2,NA,13475
2012,1509,48,20,2,1,1,58800
2012,1515,55,12,2,1,1,11637.5
2012,1516,39,11,1,NA,2,22050
2012,1526,81,12,2,NA,1,7962.5
2012,1530,38,12,1,1,NA,26950
2012,1533,60,1,2,1,2,2205
2012,1536,59,15,2,1,2,NA
2012,1540,34,11,2,NA,NA,9187.5
2012,1541,55,8,2,1,2,NA
2012,1545,79,2,2,2,NA,NA
2012,1556,37,14,1,NA,1,3185
2012,1565,45,12,1,NA,1,40425
2012,1566,42,14,2,1,NA,18375
2012,1584,25,12,1,2,1,33075
2012,1586,59,8,2,NA,2,40425
2012,1590,63,18,1,2,NA,11637.5
2012,1600,46,2,2,1,NA,NA
2012,1607,32,6,2,1,NA,NA
2012,1608,32,13,2,NA,NA,26950
2012,1609,31,12,2,NA,NA,10412.5
2012,1628,80,12,1,2,NA,15925
2012,1641,36,12,2,NA,2,2205
2012,1643,63,14,2,2,NA,155139.9731
2012,1648,82,8,1,NA,2,5512.5
2012,1649,27,15,1,1,NA,15925
2012,1651,23,14,2,NA,1,26950
2012,1668,62,17,2,NA,1,22050
2012,1675,27,12,1,NA,1,4410
2012,1682,74,12,1,NA,2,NA
2012,1691,44,1,1,1,2,18375
2012,1696,73,8,2,2,NA,NA
2012,1699,39,13,2,NA,2,6737.5
2012,1700,74,12,2,NA,1,980
2012,1701,31,14,2,1,NA,18375
2012,1707,20,11,2,NA,1,NA
2012,1708,71,14,2,1,NA,4410
2012,1710,24,14,2,1,1,10412.5
2012,1711,56,14,2,1,1,980
2012,1714,48,14,1,2,1,NA
2012,1716,82,9,2,NA,2,NA
2012,1727,48,16,2,1,2,58800
2012,1734,38,12,1,1,NA,40425
2012,1738,89,12,2,1,2,6737.5
2012,1743,73,12,1,2,1,15925
2012,1754,75,12,2,2,NA,26950
2012,1755,54,13,2,1,NA,11637.5
2012,1756,52,10,2,1,1,980
2012,1766,75,12,2,NA,2,15925
2012,1769,78,10,1,1,NA,3185
2012,1772,32,13,2,1,NA,26950
2012,1777,60,12,1,NA,2,155139.9731
2012,1785,33,12,1,1,NA,18375
2012,1788,36,16,1,1,NA,18375
2012,1793,31,16,2,1,NA,13475
2012,1794,41,16,2,1,NA,13475
2012,1798,37,13,1,2,NA,22050
2012,1801,45,12,2,NA,2,22050
2012,1817,59,12,2,2,2,58800
2012,1818,73,8,1,NA,2,22050
2012,1822,26,12,2,2,2,11637.5
2012,1826,59,12,2,2,2,13475
2012,1840,61,11,2,1,1,18375
2012,1845,46,20,2,1,NA,33075
2012,1854,82,16,2,1,NA,10412.5
2012,1859,60,20,2,1,NA,NA
2012,1860,62,14,1,NA,2,NA
2012,1866,71,18,1,2,NA,26950
2012,1867,71,12,1,1,NA,NA
2012,1869,56,10,2,2,NA,11637.5
2012,1872,64,7,1,1,NA,6737.5
2012,1878,87,18,2,2,NA,26950
2012,1888,66,6,1,1,2,3675
2012,1889,31,12,2,2,1,980
2012,1893,61,12,1,1,2,10412.5
2012,1899,56,12,1,1,NA,26950
2012,1906,62,14,2,NA,2,6737.5
2012,1931,73,11,1,NA,2,2205
2012,1937,65,16,1,NA,2,15925
2012,1943,30,12,2,2,1,980
2012,1950,58,16,2,1,2,40425
2012,1957,42,16,1,NA,2,22050
2012,1960,63,16,1,1,1,33075
2012,1967,69,9,2,NA,2,9187.5
2012,1969,25,11,2,1,NA,245
2012,1973,37,12,2,NA,2,9187.5
2014,6,56,17,2,1,NA,134817.4399
2014,8,34,17,1,NA,2,39022.5
2014,11,43,5,2,1,2,5321.25
2014,22,36,12,2,NA,2,NA
2014,24,38,14,1,1,1,15372.5
2014,29,50,15,1,1,NA,134817.4399
2014,42,80,14,1,1,NA,26015
2014,43,59,11,1,1,NA,NA
2014,45,50,16,2,1,1,56760
2014,51,52,18,2,NA,2,134817.4399
2014,53,29,14,1,1,1,39022.5
2014,57,63,15,2,1,2,5321.25
2014,61,51,16,1,1,2,10051.25
2014,64,47,16,2,1,2,47300
2014,83,35,11,2,1,1,1655.5
2014,84,43,10,1,1,NA,236.5
2014,89,25,12,1,1,NA,26015
2014,96,26,14,2,1,NA,21285
2014,107,81,16,1,NA,2,47300
2014,108,74,16,2,NA,1,31927.5
2014,115,60,16,2,1,NA,8868.75
2014,123,56,16,2,1,2,13007.5
2014,129,29,16,2,1,NA,13007.5
2014,132,53,16,1,NA,2,134817.4399
2014,133,54,14,2,1,NA,47300
2014,143,21,14,1,NA,1,56760
2014,144,55,12,1,1,1,31927.5
2014,150,55,16,1,NA,NA,NA
2014,165,63,13,2,1,1,31927.5
2014,169,67,19,1,NA,1,NA
2014,179,63,18,1,1,2,15372.5
2014,180,71,16,2,1,NA,13007.5
2014,192,35,12,2,NA,1,10051.25
2014,194,54,10,2,1,1,3074.5
2014,197,78,11,2,NA,2,5321.25
2014,200,41,12,1,1,2,47300
2014,212,54,6,2,1,NA,8868.75
2014,216,19,12,1,1,1,5321.25
2014,219,68,2,2,NA,2,13007.5
2014,221,29,12,1,1,2,NA
2014,224,33,12,2,NA,2,11233.75
2014,226,69,14,1,NA,1,134817.4399
2014,228,78,13,2,1,1,4257
2014,232,69,20,1,NA,1,134817.4399
2014,234,41,16,2,1,2,66220
2014,238,30,16,2,1,NA,13007.5
2014,239,75,10,2,NA,NA,NA
2014,248,89,12,1,1,NA,8868.75
2014,249,41,12,2,2,NA,10051.25
2014,256,58,13,1,NA,1,31927.5
2014,262,42,11,2,1,NA,6503.75
2014,264,59,11,2,1,NA,NA
2014,271,43,18,1,2,NA,47300
2014,276,57,13,1,1,1,39022.5
2014,279,29,16,2,NA,1,21285
2014,281,61,10,2,NA,2,NA
2014,285,85,19,2,1,NA,21285
2014,287,26,12,2,1,NA,13007.5
2014,292,57,12,2,1,NA,66220
2014,296,61,16,2,NA,2,39022.5
2014,297,31,15,2,1,1,21285
2014,301,54,16,2,1,NA,134817.4399
2014,304,60,16,1,NA,1,134817.4399
2014,305,43,16,2,NA,NA,47300
2014,308,78,8,2,1,2,NA
2014,313,46,12,2,NA,2,31927.5
2014,320,33,12,1,NA,2,13007.5
2014,322,62,16,1,NA,2,56760
2014,323,70,17,2,1,1,56760
2014,324,58,16,1,NA,2,134817.4399
2014,331,66,15,1,1,NA,39022.5
2014,332,73,19,2,1,1,39022.5
2014,333,53,12,2,NA,1,21285
2014,337,74,10,2,1,2,10051.25
2014,338,36,6,2,2,1,21285
2014,341,39,18,2,1,1,1655.5
2014,343,50,18,1,NA,1,134817.4399
2014,345,45,17,2,1,NA,134817.4399
2014,356,28,13,1,2,1,236.5
2014,361,57,12,2,2,1,26015
2014,362,40,12,1,1,NA,134817.4399
2014,363,32,17,2,2,1,31927.5
2014,367,58,15,2,NA,1,39022.5
2014,372,67,20,1,1,1,134817.4399
2014,374,65,15,1,1,1,39022.5
2014,384,33,12,2,NA,2,11233.75
2014,387,38,15,2,1,1,15372.5
2014,392,55,12,1,2,1,39022.5
2014,393,22,14,2,1,NA,17737.5
2014,395,27,15,1,NA,1,39022.5
2014,399,65,12,2,NA,NA,NA
2014,406,63,20,1,NA,1,134817.4399
2014,415,38,17,2,NA,1,21285
2014,418,35,17,2,1,NA,47300
2014,424,57,20,2,1,NA,134817.4399
2014,425,55,20,1,2,NA,47300
2014,426,39,15,1,1,NA,47300
2014,429,42,9,1,1,2,11233.75
2014,434,18,11,2,2,NA,66220
2014,438,25,16,2,1,1,17737.5
2014,443,65,12,1,1,NA,31927.5
2014,452,65,16,1,NA,2,6503.75
2014,453,31,19,1,1,NA,NA
2014,456,29,12,2,1,NA,7686.25
2014,462,45,18,2,1,NA,47300
2014,467,60,12,1,1,NA,5321.25
2014,468,38,9,1,1,2,1655.5
2014,482,38,17,1,1,1,134817.4399
2014,483,63,16,1,2,2,13007.5
2014,485,31,12,1,2,NA,31927.5
2014,490,47,18,2,1,1,134817.4399
2014,492,25,16,1,1,1,47300
2014,494,54,18,2,1,1,134817.4399
2014,498,69,12,1,1,1,39022.5
2014,503,65,18,1,2,2,21285
2014,509,36,9,1,NA,2,15372.5
2014,511,37,15,2,1,2,21285
2014,518,32,13,1,1,1,47300
2014,519,74,12,2,1,NA,17737.5
2014,533,22,16,1,NA,1,15372.5
2014,537,33,12,2,1,NA,31927.5
2014,543,80,13,1,NA,2,10051.25
2014,549,64,16,2,1,2,31927.5
2014,555,49,12,2,1,2,26015
2014,558,64,12,2,NA,NA,NA
2014,569,56,14,1,2,NA,7686.25
2014,570,31,13,2,2,NA,3074.5
2014,574,54,14,1,1,1,21285
2014,580,33,18,2,NA,2,66220
2014,586,47,12,1,1,2,66220
2014,591,42,15,2,1,NA,7686.25
2014,592,56,20,2,2,NA,134817.4399
2014,609,80,18,2,NA,1,66220
2014,614,55,12,2,NA,1,56760
2014,619,26,12,1,1,1,47300
2014,621,71,12,2,2,NA,134817.4399
2014,627,29,16,2,NA,2,NA
2014,629,61,14,2,NA,NA,47300
2014,630,62,14,2,1,NA,NA
2014,631,21,14,2,1,1,47300
2014,632,41,13,1,NA,1,21285
2014,635,76,10,2,1,2,NA
2014,636,30,13,1,1,2,3074.5
2014,643,50,13,2,1,NA,4257
2014,644,48,8,2,NA,2,47300
2014,649,46,12,2,1,2,26015
2014,651,25,13,2,1,NA,15372.5
2014,656,79,14,2,1,2,15372.5
2014,667,36,16,1,2,NA,31927.5
2014,671,41,12,1,1,1,2601.5
2014,672,36,17,2,1,1,NA
2014,677,47,12,2,1,NA,13007.5
2014,680,20,15,2,NA,NA,NA
2014,682,32,12,1,NA,1,21285
2014,687,47,20,2,1,2,66220
2014,693,37,12,2,NA,1,236.5
2014,697,27,16,1,NA,2,56760
2014,702,70,12,2,1,2,5321.25
2014,705,48,14,1,2,NA,31927.5
2014,707,57,12,1,1,NA,21285
2014,720,29,16,2,NA,1,47300
2014,725,40,18,1,1,NA,13007.5
2014,731,53,16,1,1,1,66220
2014,745,29,12,1,2,2,4257
2014,746,32,14,2,1,NA,15372.5
2014,751,43,14,2,NA,2,6503.75
2014,752,32,20,2,1,1,39022.5
2014,763,89,12,2,1,2,946
2014,766,47,12,1,2,1,15372.5
2014,767,75,12,1,1,NA,31927.5
2014,768,48,12,2,1,NA,15372.5
2014,772,40,20,1,1,1,47300
2014,775,68,14,2,NA,1,134817.4399
2014,778,40,15,1,NA,2,8868.75
2014,782,42,12,1,1,2,134817.4399
2014,784,30,14,2,NA,1,66220
2014,797,56,10,2,1,1,3074.5
2014,804,86,12,2,2,2,21285
2014,805,57,12,2,NA,1,39022.5
2014,806,47,16,1,NA,NA,134817.4399
2014,813,63,12,1,1,NA,15372.5
2014,818,56,12,2,1,NA,15372.5
2014,827,36,14,2,1,NA,26015
2014,831,58,16,1,1,1,21285
2014,833,23,13,2,1,NA,10051.25
2014,836,19,14,2,1,NA,39022.5
2014,841,54,16,1,1,1,39022.5
2014,842,89,15,1,NA,2,39022.5
2014,848,35,18,2,1,2,39022.5
2014,860,29,19,2,2,NA,47300
2014,866,58,14,1,NA,2,39022.5
2014,873,41,12,2,NA,2,47300
2014,876,38,10,2,1,2,13007.5
2014,889,30,16,2,1,NA,31927.5
2014,892,60,20,1,1,NA,134817.4399
2014,893,37,12,1,2,1,13007.5
2014,895,25,18,1,NA,1,26015
2014,896,19,13,1,1,NA,31927.5
2014,898,41,16,2,NA,2,26015
2014,901,39,14,1,NA,1,21285
2014,902,26,13,2,1,1,10051.25
2014,903,27,18,2,NA,2,7686.25
2014,906,38,17,2,1,1,15372.5
2014,916,22,0,1,2,NA,NA
2014,918,38,14,1,NA,1,7686.25
2014,922,42,13,2,NA,2,56760
2014,942,23,12,1,NA,1,15372.5
2014,947,36,17,2,NA,1,134817.4399
2014,951,71,18,2,1,NA,31927.5
2014,967,27,5,2,1,1,11233.75
2014,972,83,14,2,NA,2,NA
2014,975,84,17,1,NA,1,17737.5
2014,979,62,16,1,2,2,134817.4399
2014,980,56,14,2,1,NA,39022.5
2014,984,67,20,1,1,1,NA
2014,985,49,14,1,1,NA,47300
2014,986,85,11,1,1,NA,31927.5
2014,990,89,13,2,1,1,7686.25
2014,996,84,13,2,1,NA,8868.75
2014,997,75,12,2,1,2,15372.5
2014,1008,33,16,2,2,NA,39022.5
2014,1021,41,12,2,NA,1,8868.75
2014,1026,41,11,1,1,NA,21285
2014,1032,47,18,1,1,NA,47300
2014,1035,57,16,2,NA,2,66220
2014,1042,66,12,2,1,2,6503.75
2014,1046,63,14,1,1,1,66220
2014,1048,67,18,1,1,2,66220
2014,1053,47,14,2,NA,1,31927.5
2014,1054,62,18,1,1,1,56760
2014,1069,47,12,2,1,NA,NA
2014,1070,51,13,2,NA,NA,66220
2014,1071,42,16,2,1,NA,26015
2014,1076,25,15,2,2,1,26015
2014,1080,29,15,2,NA,2,5321.25
2014,1082,31,12,1,1,NA,13007.5
2014,1094,58,15,2,NA,1,17737.5
2014,1099,36,15,1,1,1,66220
2014,1101,64,16,1,1,2,NA
2014,1102,33,15,2,2,1,13007.5
2014,1107,60,16,1,2,NA,134817.4399
2014,1110,45,12,1,NA,2,31927.5
2014,1117,44,16,1,NA,NA,56760
2014,1118,27,14,2,1,NA,31927.5
2014,1131,71,16,1,2,2,NA
2014,1147,39,16,2,NA,2,39022.5
2014,1156,33,10,2,1,1,7686.25
2014,1162,52,14,1,NA,1,47300
2014,1171,37,16,2,1,NA,17737.5
2014,1173,30,14,2,1,1,17737.5
2014,1176,38,10,1,NA,1,6503.75
2014,1185,42,14,2,1,1,31927.5
2014,1187,63,12,1,1,NA,8868.75
2014,1188,51,10,1,1,NA,8868.75
2014,1190,51,12,2,1,NA,7686.25
2014,1192,29,16,1,NA,1,26015
2014,1202,45,12,1,NA,1,4257
2014,1203,51,11,1,1,NA,3074.5
2014,1207,52,16,2,NA,2,17737.5
2014,1237,44,15,1,1,NA,26015
2014,1246,68,12,1,NA,2,17737.5
2014,1247,50,12,2,1,2,26015
2014,1261,79,15,2,1,1,39022.5
2014,1272,67,12,1,2,NA,26015
2014,1282,51,13,2,2,1,17737.5
2014,1291,50,12,1,1,1,39022.5
2014,1293,63,16,1,NA,2,5321.25
2014,1296,73,12,2,NA,1,26015
2014,1298,79,16,1,2,NA,31927.5
2014,1307,31,19,2,1,1,2601.5
2014,1320,NA,18,1,NA,NA,NA
2014,1326,63,16,1,NA,1,39022.5
2014,1332,36,12,1,2,NA,26015
2014,1335,23,14,2,2,1,236.5
2014,1339,37,20,2,NA,1,10051.25
2014,1341,29,14,1,NA,1,17737.5
2014,1347,35,14,2,NA,2,47300
2014,1349,42,16,2,1,2,134817.4399
2014,1363,29,15,2,NA,2,31927.5
2014,1365,49,12,1,1,1,17737.5
2014,1371,55,18,2,1,NA,39022.5
2014,1384,57,12,1,NA,2,66220
2014,1385,26,16,1,1,NA,66220
2014,1396,37,18,1,2,1,31927.5
2014,1405,42,18,2,1,NA,31927.5
2014,1408,63,12,1,NA,NA,NA
2014,1410,33,16,1,NA,1,17737.5
2014,1413,55,12,2,NA,2,5321.25
2014,1419,39,16,1,NA,1,47300
2014,1426,33,16,2,1,NA,15372.5
2014,1428,71,15,2,1,1,134817.4399
2014,1433,67,12,2,1,NA,6503.75
2014,1437,37,10,2,NA,2,31927.5
2014,1439,73,12,2,1,NA,7686.25
2014,1440,27,12,1,NA,1,31927.5
2014,1452,32,19,1,1,1,13007.5
2014,1457,39,12,1,NA,1,31927.5
2014,1459,28,14,1,NA,1,15372.5
2014,1466,59,8,2,2,NA,4257
2014,1470,32,16,1,1,1,56760
2014,1471,55,12,1,1,NA,47300
2014,1475,19,12,2,NA,2,11233.75
2014,1484,49,16,1,2,1,134817.4399
2014,1490,51,12,1,NA,1,21285
2014,1491,73,12,1,1,2,NA
2014,1494,59,10,1,NA,1,11233.75
2014,1495,55,13,1,NA,1,39022.5
2014,1507,52,12,2,2,1,134817.4399
2014,1508,60,18,2,1,NA,31927.5
2014,1509,27,13,2,1,1,8868.75
2014,1512,65,9,1,2,NA,47300
2014,1517,21,12,1,1,NA,31927.5
2014,1522,81,16,2,NA,2,6503.75
2014,1534,55,16,2,1,NA,31927.5
2014,1535,30,18,1,NA,2,NA
2014,1538,57,12,2,1,NA,17737.5
2014,1555,52,13,1,1,1,31927.5
2014,1556,65,13,2,NA,1,6503.75
2014,1561,39,12,1,1,NA,6503.75
2014,1562,58,14,2,1,NA,NA
2014,1565,49,12,2,1,NA,13007.5
2014,1567,58,13,1,1,NA,13007.5
2014,1568,60,12,2,1,2,NA
2014,1586,55,12,2,1,1,10051.25
2014,1588,41,0,1,NA,2,13007.5
2014,1591,36,16,2,NA,2,47300
2014,1592,50,20,1,1,NA,31927.5
2014,1594,78,12,2,1,1,11233.75
2014,1595,28,8,1,2,NA,31927.5
2014,1596,65,12,2,1,NA,31927.5
2014,1600,66,18,2,2,NA,39022.5
2014,1601,84,15,1,1,2,26015
2014,1610,30,10,1,2,NA,13007.5
2014,1614,52,14,2,NA,2,13007.5
2014,1624,37,11,2,1,1,4257
2014,1628,NA,10,2,2,2,NA
2014,1631,41,15,2,2,2,21285
2014,1644,58,12,1,2,NA,39022.5
2014,1647,29,14,2,NA,1,31927.5
2014,1652,71,16,1,1,1,134817.4399
2014,1654,79,16,2,1,NA,31927.5
2014,1656,53,11,2,NA,1,13007.5
2014,1658,26,12,2,NA,1,10051.25
2014,1664,31,16,2,NA,2,8868.75
2014,1677,41,14,2,1,2,10051.25
2014,1683,74,10,2,1,2,13007.5
2014,1688,45,12,2,1,2,31927.5
2014,1700,53,12,1,1,NA,21285
2014,1704,56,12,2,2,2,47300
2014,1710,20,12,2,1,NA,946
2014,1719,87,18,2,1,NA,21285
2014,1722,67,16,1,1,NA,21285
2014,1730,46,12,1,1,NA,11233.75
2014,1736,67,17,2,NA,2,39022.5
2014,1738,62,16,1,1,NA,134817.4399
2014,1739,75,11,2,2,2,6503.75
2014,1746,42,16,2,1,NA,39022.5
2014,1778,35,16,1,2,NA,13007.5
2014,1786,65,16,1,2,NA,56760
2014,1788,51,13,1,1,NA,39022.5
2014,1790,40,12,1,NA,2,39022.5
2014,1793,61,14,2,1,1,31927.5
2014,1799,41,14,1,2,NA,56760
2014,1811,35,12,2,NA,2,56760
2014,1813,50,12,1,1,NA,21285
2014,1852,33,16,2,1,1,56760
2014,1864,84,12,1,1,2,NA
2014,1866,58,12,2,1,NA,134817.4399
2014,1867,53,12,1,2,1,66220
2014,1877,57,12,2,NA,2,21285
2014,1879,46,12,2,NA,1,47300
2014,1881,41,12,2,1,1,13007.5
2014,1890,55,13,1,NA,2,66220
2014,1893,37,14,1,NA,1,17737.5
2014,1900,50,18,2,1,NA,26015
2014,1903,80,12,2,1,2,NA
2014,1904,51,12,2,1,NA,3074.5
2014,1906,39,14,1,2,NA,31927.5
2014,1917,66,9,2,NA,2,11233.75
2014,1918,30,17,2,NA,1,31927.5
2014,1919,57,12,2,1,2,47300
2014,1920,55,18,1,2,2,134817.4399
2014,1922,58,13,2,2,1,134817.4399
2014,1926,64,12,1,1,1,56760
2014,1932,45,14,2,1,1,21285
2014,1935,79,12,1,1,2,26015
2014,1939,26,19,2,1,1,21285
2014,1942,65,15,2,NA,2,26015
2014,1945,34,11,1,1,2,4257
2014,1948,82,19,1,NA,1,NA
2014,1954,28,16,1,2,1,10051.25
2014,1955,76,12,2,NA,2,26015
2014,1958,44,15,1,1,1,31927.5
2014,1959,74,9,2,1,2,39022.5
2014,1962,59,18,2,1,2,134817.4399
2014,1963,55,12,2,1,NA,21285
2014,1966,27,14,2,1,NA,11233.75
2014,1975,71,16,2,1,NA,21285
2014,1976,44,11,1,2,NA,21285
2014,1980,28,13,2,NA,2,7686.25
2014,1983,65,6,2,1,2,2128.5
2014,1984,26,12,1,1,1,31927.5
2014,1987,54,13,1,2,2,3547.5
2014,2013,53,14,1,2,NA,31927.5
2014,2015,31,9,2,2,NA,236.5
2014,2021,37,17,2,2,NA,26015
2014,2030,30,11,2,NA,2,11233.75
2014,2033,59,12,2,1,1,5321.25
2014,2038,35,15,2,2,NA,31927.5
2014,2044,53,14,1,1,1,47300
2014,2051,21,14,1,2,2,NA
2014,2052,77,16,2,1,1,17737.5
2014,2057,29,19,2,1,NA,31927.5
2014,2062,24,17,2,1,NA,17737.5
2014,2077,55,12,1,NA,1,66220
2014,2092,25,12,2,NA,1,31927.5
2014,2097,23,13,2,1,NA,946
2014,2098,67,12,2,1,1,13007.5
2014,2100,22,13,1,1,1,2601.5
2014,2102,30,11,2,NA,2,3547.5
2014,2104,39,14,1,1,1,10051.25
2014,2105,56,9,1,NA,2,31927.5
2014,2107,29,6,1,1,1,7686.25
2014,2115,89,12,2,NA,2,7686.25
2014,2120,35,12,1,2,1,NA
2014,2125,37,12,2,1,NA,946
2014,2126,67,16,1,1,NA,5321.25
2014,2128,53,11,2,NA,NA,11233.75
2014,2134,76,9,2,NA,1,26015
2014,2135,68,9,2,NA,1,6503.75
2014,2144,88,9,2,2,1,17737.5
2014,2145,63,9,2,1,NA,NA
2014,2153,70,14,2,1,1,134817.4399
2014,2160,65,12,1,1,NA,134817.4399
2014,2164,24,13,1,2,1,6503.75
2014,2165,20,15,2,2,NA,2128.5
2014,2166,65,16,1,2,NA,31927.5
2014,2167,58,8,1,2,2,5321.25
2014,2171,44,14,2,1,NA,26015
2014,2174,27,12,2,1,NA,NA
2014,2187,27,12,1,2,2,15372.5
2014,2190,32,14,1,1,NA,17737.5
2014,2199,53,12,1,NA,NA,39022.5
2014,2206,32,16,2,2,NA,17737.5
2014,2213,26,11,2,1,1,15372.5
2014,2216,53,9,1,2,NA,6503.75
2014,2219,53,18,2,2,1,13007.5
2014,2223,30,14,1,1,NA,13007.5
2014,2224,47,11,2,1,1,11233.75
2014,2227,32,12,2,2,1,17737.5
2014,2229,29,15,2,2,1,21285
2014,2235,48,18,1,1,NA,56760
2014,2272,41,16,2,1,2,31927.5
2014,2273,70,20,2,2,NA,31927.5
2014,2275,62,12,1,2,2,6503.75
2014,2276,62,16,1,2,NA,47300
2014,2278,30,14,1,NA,2,21285
2014,2286,47,13,2,2,1,31927.5
2014,2304,76,18,1,2,NA,39022.5
2014,2305,70,12,2,2,NA,26015
2014,2309,73,10,1,2,1,21285
2014,2310,78,12,2,1,2,7686.25
2014,2318,33,12,1,1,1,26015
2014,2331,57,14,1,NA,2,21285
2014,2333,39,15,2,NA,1,26015
2014,2334,63,13,2,2,NA,21285
2014,2335,59,8,2,1,2,6503.75
2014,2338,31,12,1,NA,1,5321.25
2014,2345,38,13,1,1,NA,31927.5
2014,2353,19,12,2,1,1,NA
2014,2357,54,12,2,1,2,21285
2014,2360,50,11,2,1,2,6503.75
2014,2361,21,12,2,1,1,7686.25
2014,2367,77,16,2,NA,2,26015
2014,2373,64,12,2,1,1,17737.5
2014,2381,79,16,2,1,2,NA
2014,2384,23,17,2,1,NA,7686.25
2014,2392,54,16,2,2,NA,47300
2014,2403,54,12,1,NA,2,39022.5
2014,2406,47,12,2,1,2,26015
2014,2408,54,18,2,NA,1,21285
2014,2416,26,13,1,1,NA,134817.4399
2014,2417,51,14,1,2,NA,31927.5
2014,2419,57,9,2,1,NA,4257
2014,2423,27,12,2,1,1,134817.4399
2014,2426,31,16,1,1,NA,134817.4399
2014,2429,79,12,2,1,NA,NA
2014,2431,48,15,2,NA,NA,2128.5
2014,2433,67,20,1,NA,2,134817.4399
2014,2448,38,11,2,1,NA,8868.75
2014,2455,62,12,2,1,NA,26015
2014,2458,84,14,1,2,NA,13007.5
2014,2459,26,13,2,1,1,21285
2014,2460,71,14,1,2,NA,39022.5
2014,2473,84,10,2,NA,2,NA
2014,2481,64,12,1,1,1,4257
2014,2486,48,12,2,1,1,6503.75
2014,2493,26,13,2,NA,2,13007.5
2014,2496,83,11,2,2,NA,13007.5
2014,2497,25,14,2,1,NA,8868.75
2014,2502,37,12,2,NA,2,47300
2014,2509,67,14,2,2,NA,17737.5
2014,2510,88,12,2,1,2,5321.25
2014,2512,22,10,1,1,NA,236.5
2014,2528,54,16,1,NA,1,39022.5
2014,2532,82,20,1,NA,1,47300
2014,2537,33,15,2,NA,2,31927.5
2014,2543,71,12,2,1,NA,13007.5
2016,3,72,16,1,1,2,38610
2016,8,23,11,2,1,2,15210
2016,19,31,18,1,NA,1,17550
2016,20,43,13,1,1,NA,12870
2016,23,23,10,2,NA,2,11115
2016,25,25,15,2,1,2,9945
2016,26,76,3,2,NA,2,2574
2016,35,58,12,2,1,NA,21060
2016,43,68,16,2,NA,NA,46800
2016,56,42,16,2,NA,1,74880
2016,65,27,11,2,1,NA,936
2016,66,30,10,1,1,1,15210
2016,69,60,11,2,2,NA,NA
2016,74,70,12,1,NA,1,11115
2016,85,41,16,1,1,1,31590.000000000004
2016,86,52,12,1,1,NA,21060
2016,91,57,12,2,NA,1,11115
2016,96,58,15,1,NA,1,25740
2016,101,58,16,2,1,2,25740
2016,105,29,14,2,1,1,31590.000000000004
2016,107,78,12,2,1,1,15210
2016,108,52,12,2,1,NA,5265
2016,120,69,12,2,NA,NA,NA
2016,132,27,16,2,1,NA,31590.000000000004
2016,138,64,12,2,1,1,6435
2016,139,38,16,2,1,NA,74880
2016,144,47,16,2,1,2,936
2016,149,57,12,2,NA,2,31590.000000000004
2016,151,39,18,1,1,1,131676.6906
2016,152,37,15,2,NA,1,21060
2016,155,58,12,1,1,1,38610
2016,158,46,16,2,2,NA,21060
2016,160,54,12,1,1,NA,46800
2016,163,61,12,2,1,2,6435
2016,165,53,12,2,NA,NA,NA
2016,166,66,11,2,1,NA,NA
2016,172,27,14,1,1,1,8775
2016,180,38,12,2,1,NA,5265
2016,184,32,12,1,NA,1,4212
2016,190,51,1,2,NA,2,7605
2016,194,40,8,2,1,NA,31590.000000000004
2016,196,38,14,1,NA,2,25740
2016,197,79,13,2,2,1,11115
2016,200,30,16,1,1,NA,46800
2016,204,29,16,1,NA,1,56160
2016,211,37,12,1,NA,1,74880
2016,216,77,12,1,1,2,31590.000000000004
2016,225,21,14,1,NA,2,21060
2016,230,72,16,1,NA,1,31590.000000000004
2016,231,70,12,2,1,NA,17550
2016,232,66,16,2,1,2,131676.6906
2016,233,57,18,2,NA,2,131676.6906
2016,235,23,16,1,NA,1,131676.6906
2016,241,37,12,1,NA,2,25740
2016,261,62,20,2,1,NA,31590.000000000004
2016,264,30,13,2,2,NA,1638
2016,267,47,12,2,2,NA,38610
2016,270,75,18,2,NA,1,38610
2016,276,48,15,1,1,1,NA
2016,279,61,14,2,NA,1,25740
2016,290,31,17,2,1,NA,46800
2016,292,61,16,1,NA,2,56160
2016,296,22,12,2,NA,2,12870
2016,299,39,16,2,1,NA,131676.6906
2016,304,40,13,1,1,NA,11115
2016,312,58,16,1,NA,2,131676.6906
2016,315,69,16,1,1,1,31590.000000000004
2016,318,37,12,1,NA,1,11115
2016,325,32,12,2,1,1,234
2016,327,39,12,1,1,2,21060
2016,333,22,15,1,NA,1,65520.00000000001
2016,334,42,13,1,2,NA,31590.000000000004
2016,351,52,14,2,1,1,17550
2016,352,36,18,2,1,NA,131676.6906
2016,359,36,14,2,1,2,31590.000000000004
2016,370,47,13,1,2,1,12870
2016,372,47,18,2,NA,2,131676.6906
2016,373,64,12,1,2,2,NA
2016,376,34,16,2,NA,1,31590.000000000004
2016,377,31,12,1,NA,2,25740
2016,378,29,16,2,1,NA,25740
2016,386,56,16,2,1,NA,46800
2016,388,29,16,2,NA,2,17550
2016,391,65,16,2,1,2,12870
2016,394,49,14,1,NA,1,46800
2016,395,25,16,1,1,1,15210
2016,407,53,12,2,NA,1,65520.00000000001
2016,409,43,16,2,1,NA,131676.6906
2016,424,53,20,2,1,1,131676.6906
2016,425,70,18,2,NA,1,46800
2016,428,47,18,1,1,NA,131676.6906
2016,429,27,10,1,NA,1,46800
2016,445,28,12,1,1,NA,31590.000000000004
2016,449,49,16,1,1,NA,131676.6906
2016,455,65,17,1,1,NA,12870
2016,459,48,18,2,NA,1,131676.6906
2016,460,81,12,1,1,NA,NA
2016,461,58,20,2,1,1,131676.6906
2016,465,31,19,1,2,1,31590.000000000004
2016,470,59,16,1,1,NA,131676.6906
2016,479,61,12,2,1,NA,21060
2016,481,48,14,1,1,NA,4212
2016,485,61,14,2,NA,2,65520.00000000001
2016,492,72,10,2,NA,1,NA
2016,496,50,12,1,1,NA,15210
2016,500,33,12,2,NA,1,5265
2016,501,58,13,2,2,NA,25740
2016,509,55,16,2,1,NA,131676.6906
2016,510,42,16,2,1,2,56160
2016,512,68,18,2,1,NA,25740
2016,514,32,12,1,2,NA,46800
2016,520,34,10,2,NA,1,31590.000000000004
2016,521,58,13,1,1,NA,46800
2016,524,33,16,2,1,NA,131676.6906
2016,528,33,18,1,1,1,131676.6906
2016,536,76,17,2,1,NA,46800
2016,538,31,12,2,1,2,15210
2016,542,58,18,2,1,1,NA
2016,552,41,7,1,2,1,936
2016,557,47,12,2,1,NA,56160
2016,558,72,15,2,1,NA,46800
2016,561,45,6,2,2,2,3510
2016,566,57,12,2,1,NA,21060
2016,568,28,14,1,1,NA,25740
2016,570,64,9,2,1,1,21060
2016,572,63,16,1,2,NA,46800
2016,579,66,12,2,NA,2,11115
2016,581,42,12,1,1,1,38610
2016,587,55,12,1,NA,2,1638
2016,596,72,20,2,1,2,38610
2016,602,25,12,2,NA,1,31590.000000000004
2016,609,47,20,2,1,NA,131676.6906
2016,620,31,16,2,NA,2,46800
2016,622,68,12,2,NA,1,NA
2016,625,57,16,2,NA,1,31590.000000000004
2016,628,36,16,2,NA,1,131676.6906
2016,629,79,20,2,1,NA,15210
2016,640,67,12,2,NA,1,65520.00000000001
2016,665,61,12,2,1,NA,56160
2016,674,28,12,2,NA,NA,12870
2016,675,33,11,2,1,NA,17550
2016,690,27,12,1,1,1,25740
2016,697,42,7,1,NA,2,46800
2016,702,22,15,1,1,NA,38610
2016,706,36,19,2,NA,1,12870
2016,708,54,9,1,NA,NA,25740
2016,714,44,0,1,1,2,9945
2016,715,22,12,2,NA,1,17550
2016,739,77,13,2,2,NA,15210
2016,743,61,12,1,1,2,8775
2016,756,67,11,2,2,NA,NA
2016,758,68,14,1,1,NA,74880
2016,761,44,11,2,NA,1,56160
2016,767,20,13,2,NA,1,25740
2016,772,65,13,1,1,1,31590.000000000004
2016,781,21,13,2,1,2,38610
2016,817,69,16,2,1,NA,7605
2016,828,39,11,2,2,NA,11115
2016,833,68,12,1,1,NA,56160
2016,836,33,18,2,2,NA,74880
2016,852,26,16,1,NA,1,21060
2016,854,44,12,2,1,2,2106
2016,856,63,11,1,1,1,9945
2016,866,61,16,2,1,1,21060
2016,867,46,15,2,1,NA,15210
2016,870,35,16,2,1,1,56160
2016,873,54,NA,1,2,NA,NA
2016,875,22,13,2,NA,1,21060
2016,901,33,16,2,2,NA,25740
2016,908,47,12,2,NA,1,46800
2016,910,76,9,2,NA,2,7605
2016,923,66,17,1,2,NA,46800
2016,924,60,16,1,NA,1,56160
2016,925,19,12,2,1,NA,131676.6906
2016,931,70,12,2,1,2,11115
2016,932,20,11,2,NA,1,21060
2016,933,33,9,2,1,2,3042
2016,934,51,12,1,1,NA,25740
2016,940,27,17,2,2,NA,15210
2016,944,38,16,2,NA,2,56160
2016,973,56,12,1,2,NA,NA
2016,975,27,13,1,1,NA,NA
2016,977,25,12,2,NA,1,11115
2016,978,56,16,1,2,NA,5265
2016,989,60,12,1,2,NA,25740
2016,991,84,6,1,1,2,NA
2016,993,68,12,1,NA,2,46800
2016,999,69,8,1,1,2,38610
2016,1002,67,16,1,2,NA,38610
2016,1004,45,20,2,2,NA,74880
2016,1012,22,12,1,2,1,8775
2016,1026,40,18,1,2,NA,56160
2016,1031,58,20,1,NA,1,56160
2016,1045,43,16,2,1,NA,74880
2016,1052,30,17,1,1,NA,25740
2016,1053,70,15,1,NA,1,17550
2016,1054,70,13,2,1,1,21060
2016,1060,31,12,2,1,NA,6435
2016,1062,27,12,2,1,NA,7605
2016,1063,47,12,1,1,2,9945
2016,1064,35,14,1,1,1,11115
2016,1067,31,15,1,1,1,7605
2016,1070,26,13,1,1,1,17550
2016,1077,82,10,1,1,2,8775
2016,1082,35,16,2,1,NA,12870
2016,1090,66,20,2,1,NA,25740
2016,1093,38,11,1,NA,1,15210
2016,1095,43,14,2,1,1,38610
2016,1097,39,12,1,1,1,25740
2016,1098,23,15,2,NA,1,131676.6906
2016,1102,77,12,1,1,NA,6435
2016,1104,39,13,2,1,2,46800
2016,1119,82,15,2,NA,2,9945
2016,1131,31,14,1,2,1,56160
2016,1132,43,13,1,2,NA,46800
2016,1139,48,11,2,2,2,9945
2016,1141,26,14,1,1,NA,25740
2016,1146,35,12,1,NA,1,31590.000000000004
2016,1147,49,17,2,1,2,25740
2016,1153,42,7,1,1,2,936
2016,1158,46,12,2,1,NA,NA
2016,1161,53,12,1,NA,2,25740
2016,1167,40,15,1,NA,1,25740
2016,1169,40,16,2,NA,1,31590.000000000004
2016,1172,37,19,2,1,1,131676.6906
2016,1177,67,17,2,1,NA,6435
2016,1182,67,13,2,NA,1,131676.6906
2016,1187,26,15,1,1,1,17550
2016,1218,22,14,1,NA,1,6435
2016,1221,55,17,2,1,1,17550
2016,1231,21,14,2,NA,1,38610
2016,1235,40,12,1,2,NA,25740
2016,1237,51,14,1,1,1,131676.6906
2016,1238,40,16,1,NA,2,65520.00000000001
2016,1240,45,16,1,2,NA,NA
2016,1242,23,12,1,NA,1,46800
2016,1243,26,20,1,1,1,21060
2016,1248,49,12,1,1,1,56160
2016,1253,42,18,2,NA,1,21060
2016,1268,26,12,1,1,1,8775
2016,1271,77,8,2,1,NA,4212
2016,1273,54,16,1,1,1,31590.000000000004
2016,1274,29,8,1,NA,1,131676.6906
2016,1275,52,13,1,1,NA,3510
2016,1283,67,12,1,2,NA,3510
2016,1284,23,16,2,1,1,6435
2016,1297,29,13,2,2,NA,17550
2016,1298,52,16,2,NA,2,46800
2016,1302,31,19,2,NA,1,131676.6906
2016,1309,57,12,1,NA,1,5265
2016,1312,26,12,2,NA,1,31590.000000000004
2016,1319,85,12,2,1,NA,NA
2016,1339,77,10,2,1,NA,NA
2016,1340,36,12,1,NA,1,25740
2016,1343,24,12,1,NA,NA,7605
2016,1351,72,12,2,NA,2,15210
2016,1354,30,15,2,NA,2,65520.00000000001
2016,1356,43,12,1,2,NA,17550
2016,1357,80,15,2,1,NA,21060
2016,1358,80,14,1,2,2,NA
2016,1359,22,12,1,1,1,56160
2016,1362,41,16,1,1,NA,46800
2016,1365,40,8,2,1,1,17550
2016,1366,66,12,2,NA,1,NA
2016,1368,87,12,2,2,2,9945
2016,1377,25,16,2,1,2,6435
2016,1378,20,13,1,NA,1,936
2016,1385,53,16,1,1,1,131676.6906
2016,1393,67,18,2,1,2,31590.000000000004
2016,1396,51,15,2,NA,1,21060
2016,1404,44,12,2,2,1,3042
2016,1409,38,6,1,2,1,21060
2016,1415,25,13,1,NA,1,65520.00000000001
2016,1417,84,12,2,2,1,NA
2016,1419,54,16,2,NA,2,131676.6906
2016,1430,57,20,2,NA,2,46800
2016,1432,31,14,1,1,NA,31590.000000000004
2016,1437,50,12,1,1,1,46800
2016,1460,24,16,1,NA,1,9945
2016,1461,63,13,2,1,NA,12870
2016,1462,22,15,1,NA,1,5265
2016,1468,61,18,1,NA,2,65520.00000000001
2016,1470,63,14,2,1,NA,21060
2016,1481,57,16,2,1,NA,31590.000000000004
2016,1486,50,20,1,1,NA,17550
2016,1487,29,11,1,NA,2,25740
2016,1496,25,15,2,1,NA,5265
2016,1500,44,14,1,1,1,31590.000000000004
2016,1501,55,18,2,NA,1,56160
2016,1506,46,12,1,1,2,NA
2016,1510,50,16,2,1,1,25740
2016,1511,79,16,2,1,1,25740
2016,1512,29,16,1,NA,2,NA
2016,1515,23,12,2,NA,2,15210
2016,1522,55,12,1,1,NA,9945
2016,1523,47,16,1,1,NA,56160
2016,1527,57,16,2,NA,1,4212
2016,1536,53,18,1,1,NA,31590.000000000004
2016,1540,43,13,1,1,2,8775
2016,1545,33,8,1,NA,1,11115
2016,1546,66,18,1,1,NA,31590.000000000004
2016,1548,40,12,2,NA,1,234
2016,1552,54,16,1,NA,1,74880
2016,1553,24,14,1,1,NA,6435
2016,1556,26,12,1,2,NA,17550
2016,1567,66,11,2,1,NA,6435
2016,1583,32,14,1,1,1,21060
2016,1590,59,14,2,1,NA,38610
2016,1607,35,13,2,NA,1,5265
2016,1621,31,16,2,NA,2,NA
2016,1622,51,12,2,1,1,12870
2016,1627,58,12,2,2,2,31590.000000000004
2016,1629,19,11,2,NA,2,131676.6906
2016,1631,34,12,2,1,NA,9945
2016,1637,45,18,2,NA,NA,25740
2016,1642,59,11,1,NA,1,31590.000000000004
2016,1646,73,19,2,NA,2,46800
2016,1649,86,13,2,1,NA,31590.000000000004
2016,1678,52,18,1,1,1,31590.000000000004
2016,1686,81,12,1,2,NA,11115
2016,1688,42,12,1,NA,1,15210
2016,1694,31,13,2,NA,2,NA
2016,1716,46,14,1,NA,2,NA
2016,1724,19,12,1,1,1,1638
2016,1730,31,14,2,2,1,7605
2016,1734,76,15,2,1,1,21060
2016,1735,27,14,2,NA,NA,NA
2016,1746,28,16,1,2,NA,46800
2016,1751,69,14,2,2,NA,17550
2016,1761,61,8,1,NA,2,936
2016,1762,58,5,1,NA,2,NA
2016,1765,44,12,2,NA,1,1638
2016,1773,25,16,2,1,1,NA
2016,1774,39,16,2,1,NA,25740
2016,1780,58,12,2,2,1,9945
2016,1787,50,12,1,2,NA,25740
2016,1788,55,14,2,1,1,4212
2016,1793,23,12,1,NA,1,11115
2016,1794,73,18,2,2,NA,31590.000000000004
2016,1798,40,14,2,2,NA,21060
2016,1812,48,14,1,1,1,31590.000000000004
2016,1829,53,14,2,2,NA,9945
2016,1830,28,12,1,2,1,NA
2016,1834,52,11,2,NA,2,9945
2016,1836,74,16,2,1,NA,NA
2016,1839,45,14,1,NA,1,25740
2016,1841,77,12,2,1,NA,21060
2016,1847,49,15,1,2,1,8775
2016,1849,27,12,2,2,NA,15210
2016,1850,24,12,1,2,1,12870
2016,1852,35,14,2,NA,1,46800
2016,1853,39,16,2,NA,1,17550
2016,1855,22,16,2,NA,1,11115
2016,1856,70,12,1,1,NA,936
2016,1857,33,14,1,1,1,21060
2016,1862,57,16,2,NA,2,21060
2016,1867,58,14,2,1,1,NA
2016,1872,36,12,1,NA,1,6435
2016,1873,62,12,1,1,NA,25740
2016,1874,38,13,1,1,1,5265
2016,1881,72,15,1,2,1,31590.000000000004
2016,1886,54,10,2,1,NA,8775
2016,1893,43,14,1,2,NA,46800
2016,1905,44,16,2,NA,2,25740
2016,1907,53,12,2,NA,2,21060
2016,1909,25,13,2,1,1,17550
2016,1923,54,14,2,2,NA,4212
2016,1929,55,16,2,NA,2,38610
2016,1930,51,10,1,1,NA,4212
2016,1939,39,13,2,1,NA,25740
2016,1944,50,10,1,NA,1,234
2016,1946,72,8,1,2,1,234
2016,1952,35,12,1,NA,1,25740
2016,1956,33,12,1,NA,1,1638
2016,1959,82,7,2,1,NA,17550
2016,1961,65,12,2,2,NA,131676.6906
2016,1966,33,19,1,1,2,131676.6906
2016,1972,57,13,2,1,NA,21060
2016,1977,62,13,1,NA,1,9945
2016,1980,60,7,1,NA,NA,5265
2016,1993,40,14,1,2,NA,8775
2016,1998,54,17,2,NA,1,46800
2016,1999,61,13,1,1,1,21060
2016,2001,29,19,2,2,NA,NA
2016,2003,74,12,2,NA,2,11115
2016,2014,85,19,1,NA,1,17550
2016,2016,30,15,1,2,NA,131676.6906
2016,2020,62,14,1,1,NA,21060
2016,2024,71,16,2,1,NA,NA
2016,2037,89,17,1,NA,2,56160
2016,2038,23,12,1,2,NA,3510
2016,2044,63,12,2,1,NA,56160
2016,2046,47,15,2,2,1,5265
2016,2047,22,12,2,NA,1,12870
2016,2048,21,12,2,2,1,936
2016,2049,69,17,2,NA,2,46800
2016,2050,26,14,1,1,NA,38610
2016,2057,26,5,2,NA,1,9945
2016,2065,83,13,2,1,NA,17550
2016,2073,54,16,2,1,NA,65520.00000000001
2016,2076,81,12,1,NA,2,NA
2016,2078,41,12,2,1,2,15210
2016,2080,23,13,1,1,1,21060
2016,2087,42,12,1,2,2,25740
2016,2088,60,13,1,1,NA,25740
2016,2089,33,12,1,2,2,46800
2016,2092,63,13,2,1,2,31590.000000000004
2016,2099,35,9,2,1,1,9945
2016,2104,70,12,1,1,NA,8775
2016,2108,72,12,2,1,NA,21060
2016,2113,53,14,2,NA,1,7605
2016,2122,37,16,1,NA,1,38610
2016,2127,65,16,2,NA,2,NA
2016,2128,53,14,1,2,NA,65520.00000000001
2016,2151,85,12,2,1,NA,NA
2016,2152,22,12,1,NA,2,936
2016,2153,38,16,2,NA,2,31590.000000000004
2016,2162,63,14,2,1,NA,38610
2016,2170,64,12,1,NA,2,38610
2016,2171,81,13,1,1,2,38610
2016,2172,76,16,2,1,2,25740
2016,2174,71,8,1,1,NA,2574
2016,2182,63,12,2,NA,1,11115
2016,2186,32,13,1,NA,1,21060
2016,2189,31,19,2,NA,1,65520.00000000001
2016,2191,67,17,1,1,1,131676.6906
2016,2196,25,18,1,1,1,21060
2016,2199,33,12,1,NA,1,46800
2016,2207,29,13,2,NA,2,17550
2016,2211,69,17,2,1,1,5265
2016,2213,89,15,2,1,NA,NA
2016,2216,64,14,1,1,NA,6435
2016,2223,86,13,1,1,1,NA
2016,2224,18,12,1,NA,2,65520.00000000001
2016,2228,80,12,1,NA,2,25740
2016,2238,18,11,1,1,2,31590.000000000004
2016,2239,39,10,1,NA,1,6435
2016,2240,27,16,1,2,1,25740
2016,2245,20,12,2,2,NA,7605
2016,2249,62,12,1,NA,1,1638
2016,2250,49,12,1,1,1,7605
2016,2251,48,12,1,NA,2,17550
2016,2252,23,12,2,NA,1,936
2016,2256,70,7,2,1,NA,7605
2016,2259,49,12,1,1,2,17550
2016,2260,52,16,2,NA,2,21060
2016,2261,58,14,2,NA,1,NA
2016,2275,33,10,1,2,2,65520.00000000001
2016,2287,54,10,2,1,NA,65520.00000000001
2016,2288,21,11,2,1,1,12870
2016,2291,18,10,1,NA,2,NA
2016,2295,24,13,2,2,1,8775
2016,2313,71,16,1,2,NA,38610
2016,2316,57,15,2,NA,1,5265
2016,2324,22,14,2,1,NA,15210
2016,2325,25,16,2,1,1,234
2016,2346,24,11,2,NA,1,12870
2016,2350,54,14,2,NA,2,74880
2016,2360,50,18,2,1,1,25740
2016,2363,20,13,2,NA,1,31590.000000000004
2016,2368,36,18,2,1,NA,74880
2016,2371,22,12,1,2,1,12870
2016,2372,59,12,2,NA,1,4212
2016,2377,44,12,2,NA,2,15210
2016,2379,21,12,2,1,NA,NA
2016,2388,28,12,1,NA,2,21060
2016,2389,68,12,1,1,1,21060
2016,2395,29,11,1,1,1,9945
2016,2406,36,13,2,1,NA,15210
2016,2415,29,16,2,2,NA,25740
2016,2417,31,12,2,1,NA,12870
2016,2427,56,20,2,1,1,12870
2016,2431,27,20,2,NA,2,21060
2016,2433,38,14,2,NA,1,21060
2016,2437,26,17,2,NA,1,56160
2016,2439,35,19,2,2,1,38610
2016,2442,68,16,2,NA,1,38610
2016,2444,22,15,1,1,2,NA
2016,2449,53,17,2,NA,1,56160
2016,2450,70,13,1,2,NA,56160
2016,2451,45,9,1,1,1,6435
2016,2454,19,13,1,NA,2,21060
2016,2458,57,14,2,NA,NA,74880
2016,2459,62,12,2,2,1,NA
2016,2464,20,13,2,1,1,12870
2016,2493,71,20,2,1,1,21060
2016,2495,58,12,1,NA,1,15210
2016,2498,46,13,2,NA,1,NA
2016,2501,49,15,2,1,NA,131676.6906
2016,2504,63,10,2,NA,2,11115
2016,2505,28,12,2,2,NA,6435
2016,2509,27,13,2,1,1,7605
2016,2510,55,11,2,1,NA,9945
2016,2511,57,12,2,2,1,11115
2016,2514,35,14,1,2,2,38610
2016,2525,50,14,2,2,NA,38610
2016,2531,30,14,2,NA,1,25740
2016,2551,50,15,1,NA,NA,234
2016,2553,70,12,2,2,2,21060
2016,2558,55,14,1,2,2,74880
2016,2560,45,6,1,1,2,17550
2016,2561,51,14,2,NA,2,65520.00000000001
2016,2564,41,14,1,2,1,38610
2016,2573,33,15,2,NA,1,15210
2016,2574,36,13,2,2,NA,9945
2016,2578,69,13,1,2,NA,21060
2016,2589,33,14,2,2,1,15210
2016,2590,37,14,2,1,NA,11115
2016,2592,35,14,1,1,1,25740
2016,2595,54,12,2,NA,1,25740
2016,2605,61,13,2,NA,2,5265
2016,2607,58,16,1,2,NA,25740
2016,2610,47,11,2,NA,2,31590.000000000004
2016,2612,72,19,1,1,2,46800
2016,2614,23,13,1,1,NA,4212
2016,2615,65,16,1,1,1,38610
2016,2628,30,18,1,1,NA,38610
2016,2637,27,14,2,NA,1,31590.000000000004
2016,2645,53,12,2,NA,NA,38610
2016,2648,31,14,2,2,NA,31590.000000000004
2016,2649,60,12,1,1,NA,25740
2016,2655,61,18,2,1,NA,21060
2016,2658,83,10,2,1,2,21060
2016,2659,80,14,2,NA,2,12870
2016,2663,77,12,1,NA,2,38610
2016,2666,57,13,2,2,1,4212
2016,2670,42,12,1,2,2,46800
2016,2672,49,20,1,2,2,46800
2016,2673,29,11,2,NA,2,936
2016,2674,70,11,2,1,NA,1638
2016,2677,25,12,1,2,1,31590.000000000004
2016,2679,24,16,1,1,NA,15210
2016,2681,52,12,2,1,NA,NA
2016,2682,24,12,1,NA,1,17550
2016,2685,34,13,2,1,NA,25740
2016,2695,63,20,1,NA,1,38610
2016,2696,37,16,1,2,NA,46800
2016,2697,71,18,1,1,1,46800
2016,2701,51,10,2,NA,1,31590.000000000004
2016,2704,69,14,2,1,1,8775
2016,2712,53,12,2,1,1,12870
2016,2715,31,17,1,2,2,25740
2016,2716,21,12,2,NA,2,11115
2016,2721,49,20,2,1,NA,38610
2016,2722,34,10,1,1,1,12870
2016,2724,57,16,2,1,NA,17550
2016,2726,77,12,1,1,2,11115
2016,2738,69,12,1,2,NA,7605
2016,2747,55,12,1,NA,2,131676.6906
2016,2759,33,8,2,2,1,21060
2016,2765,24,12,2,1,NA,31590.000000000004
2016,2769,38,12,1,1,1,25740
2016,2773,20,9,1,NA,2,21060
2016,2784,33,12,2,NA,NA,234
2016,2789,55,11,2,1,NA,25740
2016,2795,34,10,2,1,NA,31590.000000000004
2016,2796,79,16,1,1,NA,31590.000000000004
2016,2802,74,12,2,1,NA,21060
2016,2803,34,NA,2,NA,1,3510
2016,2819,55,13,1,2,1,38610
2016,2822,78,9,2,NA,2,NA
2016,2825,71,12,2,1,NA,NA
2016,2826,64,12,2,1,NA,56160
2016,2829,85,12,2,2,1,8775
2016,2839,30,16,2,NA,2,31590.000000000004
2016,2844,74,14,1,NA,2,38610
2016,2845,24,14,2,1,NA,9945
2016,2847,68,7,1,NA,2,9945
2016,2848,58,14,2,1,NA,31590.000000000004
2016,2854,40,16,1,2,NA,25740
2016,2859,56,15,2,NA,NA,25740
2016,2863,57,20,2,NA,1,56160
2016,2867,72,16,1,2,2,38610
2018,2,74,10,2,1,2,14755
2018,3,42,16,1,NA,1,72640
2018,4,63,16,2,NA,2,119879.41732000001
2018,12,34,14,2,NA,NA,9647.5
2018,16,75,12,2,1,NA,30645
2018,20,30,18,1,NA,1,NA
2018,21,34,15,2,1,NA,54480
2018,28,42,9,2,2,1,5107.5
2018,30,20,14,1,1,NA,54480
2018,37,71,20,2,1,NA,45400
2018,38,34,20,1,1,1,20430
2018,39,45,19,1,NA,1,30645
2018,47,40,18,1,NA,1,54480
2018,52,42,12,2,1,NA,12485
2018,56,55,14,1,1,1,63560
2018,57,43,16,2,NA,1,54480
2018,60,28,9,2,NA,1,3405
2018,63,41,16,2,1,NA,24970
2018,70,33,16,2,NA,2,7377.5
2018,71,35,15,1,NA,2,4086
2018,85,70,12,1,1,1,20430
2018,91,42,16,1,NA,1,45400
2018,92,77,19,2,1,NA,54480
2018,96,22,14,1,1,2,NA
2018,102,81,12,2,1,NA,908
2018,126,48,18,1,NA,2,45400
2018,127,68,20,2,1,NA,37455
2018,141,55,14,1,1,2,45400
2018,154,46,16,2,1,NA,37455
2018,157,58,12,2,1,NA,12485
2018,158,20,14,2,2,NA,20430
2018,165,41,6,2,1,NA,1589
2018,170,36,13,1,1,NA,30645
2018,173,60,13,2,1,2,20430
2018,178,61,14,1,2,1,63560
2018,185,46,16,1,1,NA,63560
2018,187,72,11,2,NA,2,45400
2018,194,36,16,2,1,NA,45400
2018,195,57,11,1,NA,NA,8512.5
2018,202,29,13,1,1,NA,119879.41732000001
2018,216,30,15,2,1,NA,14755
2018,223,51,12,1,1,NA,30645
2018,225,74,16,1,2,NA,30645
2018,227,49,11,1,1,NA,14755
2018,237,62,10,2,1,NA,14755
2018,238,88,12,2,1,2,NA
2018,243,61,13,2,NA,1,14755
2018,246,24,12,2,1,NA,NA
2018,253,61,14,2,NA,1,7377.5
2018,256,80,1,2,1,NA,NA
2018,261,69,16,2,1,NA,72640
2018,264,54,16,2,NA,1,37455
2018,277,45,18,1,1,1,119879.41732000001
2018,286,67,12,2,NA,1,54480
2018,289,46,12,2,NA,NA,24970
2018,300,44,16,2,2,1,37455
2018,306,34,12,1,1,NA,24970
2018,308,33,8,1,NA,NA,NA
2018,309,45,12,2,NA,1,10782.5
2018,311,77,14,1,2,NA,30645
2018,313,58,18,1,1,1,119879.41732000001
2018,314,42,20,1,2,1,54480
2018,319,34,20,2,NA,2,63560
2018,324,58,7,2,2,2,6242.5
2018,325,73,12,1,NA,2,NA
2018,326,83,10,2,NA,2,908
2018,327,86,12,1,1,NA,10782.5
2018,344,55,18,1,NA,2,119879.41732000001
2018,350,37,15,2,1,1,20430
2018,352,35,12,2,1,NA,10782.5
2018,357,34,9,2,1,1,6242.5
2018,359,52,14,1,2,NA,37455
2018,368,27,16,2,1,1,37455
2018,371,30,16,1,1,NA,119879.41732000001
2018,372,38,16,1,1,1,119879.41732000001
2018,379,78,16,2,2,NA,54480
2018,389,38,14,1,2,2,NA
2018,390,76,14,2,NA,2,NA
2018,396,77,16,2,1,NA,119879.41732000001
2018,401,34,16,1,NA,1,12485
2018,405,29,12,2,2,NA,20430
2018,413,57,14,1,1,NA,NA
2018,417,46,13,1,1,1,37455
2018,418,41,12,1,1,1,20430
2018,424,27,13,2,1,1,NA
2018,428,44,20,1,1,NA,119879.41732000001
2018,435,89,5,1,1,NA,NA
2018,438,59,16,2,2,2,119879.41732000001
2018,440,31,14,2,1,1,17025
2018,442,35,16,2,1,NA,37455
2018,444,48,12,2,NA,NA,24970
2018,447,37,16,2,1,2,14755
2018,451,46,12,1,1,NA,45400
2018,477,40,18,2,2,1,45400
2018,485,89,16,1,1,NA,63560
2018,489,33,12,1,NA,1,24970
2018,511,68,18,2,1,2,30645
2018,515,45,16,1,2,NA,119879.41732000001
2018,517,73,16,1,1,2,54480
2018,524,45,14,1,2,NA,7377.5
2018,538,61,18,1,1,NA,119879.41732000001
2018,543,47,16,1,1,NA,45400
2018,545,35,17,2,NA,2,54480
2018,548,70,11,1,1,NA,7377.5
2018,549,78,12,2,2,NA,227
2018,552,61,13,1,NA,1,119879.41732000001
2018,555,41,17,2,NA,2,30645
2018,557,71,16,1,NA,2,119879.41732000001
2018,567,53,16,2,NA,NA,72640
2018,568,66,20,1,1,NA,30645
2018,570,NA,16,2,NA,NA,NA
2018,572,23,16,2,1,1,14755
2018,573,37,20,1,NA,1,54480
2018,579,45,15,2,NA,NA,14755
2018,583,44,12,2,2,2,20430
2018,584,56,12,1,NA,1,10782.5
2018,585,45,12,2,1,1,37455
2018,586,27,7,2,NA,1,5107.5
2018,598,58,16,2,2,2,119879.41732000001
2018,608,39,14,2,1,NA,30645
2018,613,40,10,1,1,NA,54480
2018,617,24,14,2,1,2,4086
2018,625,70,19,2,2,NA,NA
2018,626,49,15,2,1,1,54480
2018,627,59,19,2,NA,2,NA
2018,631,53,16,2,NA,2,NA
2018,635,62,18,1,1,NA,37455
2018,637,28,12,2,NA,1,30645
2018,640,38,12,2,NA,1,54480
2018,641,53,16,1,2,NA,45400
2018,651,60,9,2,NA,1,5107.5
2018,654,28,16,1,2,1,14755
2018,655,36,12,2,NA,1,6242.5
2018,667,34,14,1,NA,2,45400
2018,673,32,12,1,NA,1,10782.5
2018,675,38,14,2,1,NA,24970
2018,681,54,15,1,1,1,37455
2018,682,71,15,2,NA,2,30645
2018,685,34,12,1,1,NA,63560
2018,689,23,12,1,2,1,4086
2018,697,79,4,2,NA,2,5107.5
2018,698,50,12,2,1,2,NA
2018,701,65,13,1,NA,2,24970
2018,702,69,13,2,1,2,14755
2018,712,26,16,1,1,1,NA
2018,715,38,11,2,1,1,20430
2018,719,47,18,2,1,NA,119879.41732000001
2018,725,54,12,2,1,NA,3405
2018,728,25,14,1,1,NA,9647.5
2018,730,25,12,1,NA,1,14755
2018,740,71,17,2,NA,2,10782.5
2018,750,37,13,2,1,NA,30645
2018,756,19,11,1,2,1,45400
2018,759,89,18,2,1,NA,24970
2018,762,36,16,2,1,NA,63560
2018,771,58,19,1,NA,2,54480
2018,774,76,14,2,1,NA,6242.5
2018,779,34,16,1,1,1,37455
2018,782,70,14,1,NA,2,14755
2018,784,52,17,2,1,NA,8512.5
2018,786,46,15,2,1,NA,30645
2018,791,56,12,2,1,NA,5107.5
2018,795,62,20,1,NA,1,24970
2018,797,24,12,2,NA,1,12485
2018,809,45,16,2,2,1,12485
2018,812,39,18,1,1,1,17025
2018,835,38,19,2,2,1,72640
2018,836,74,16,1,NA,2,119879.41732000001
2018,839,41,14,1,NA,1,24970
2018,840,78,10,1,NA,1,30645
2018,842,50,14,2,1,1,30645
2018,847,25,12,1,2,1,14755
2018,862,64,16,2,2,NA,227
2018,864,27,16,2,2,2,45400
2018,869,41,20,2,NA,1,30645
2018,871,42,8,2,1,1,227
2018,877,45,16,1,2,NA,54480
2018,883,25,14,2,1,NA,10782.5
2018,885,48,16,2,1,NA,63560
2018,888,84,12,2,1,NA,9647.5
2018,900,44,12,1,1,NA,45400
2018,906,25,13,1,1,1,227
2018,907,19,12,2,NA,1,2497
2018,912,69,14,1,1,NA,10782.5
2018,913,27,15,2,NA,1,24970
2018,915,35,10,1,NA,1,24970
2018,916,32,14,2,1,NA,30645
2018,931,73,18,1,NA,1,54480
2018,938,48,18,2,2,1,72640
2018,941,54,14,2,NA,1,30645
2018,954,40,9,2,1,2,8512.5
2018,962,25,16,2,1,1,14755
2018,966,45,14,1,2,NA,24970
2018,967,26,14,2,1,1,8512.5
2018,969,26,12,2,2,1,45400
2018,974,27,14,2,NA,1,10782.5
2018,977,41,16,1,2,2,54480
2018,978,32,13,2,NA,1,119879.41732000001
2018,980,42,18,1,2,1,54480
2018,981,57,17,1,NA,2,37455
2018,983,41,18,1,1,1,30645
2018,986,50,20,2,2,NA,45400
2018,995,34,12,2,1,NA,20430
2018,996,34,15,2,2,1,7377.5
2018,1000,24,12,2,2,NA,17025
2018,1005,44,20,1,NA,1,NA
2018,1009,39,16,1,NA,1,20430
2018,1016,61,14,1,1,1,30645
2018,1018,42,14,2,NA,2,20430
2018,1019,30,13,1,1,NA,14755
2018,1023,75,12,2,1,NA,7377.5
2018,1031,55,12,1,2,NA,119879.41732000001
2018,1032,58,14,2,1,1,9647.5
2018,1035,51,15,1,1,NA,5107.5
2018,1038,54,16,1,NA,1,37455
2018,1054,22,13,1,NA,1,5107.5
2018,1055,66,12,2,1,1,17025
2018,1062,53,11,1,1,1,2951
2018,1078,49,16,2,1,NA,63560
2018,1079,41,8,1,1,1,227
2018,1083,31,9,1,NA,1,20430
2018,1092,39,18,1,1,2,63560
2018,1097,33,14,1,1,1,63560
2018,1100,27,13,2,2,1,12485
2018,1102,24,13,2,1,1,9647.5
2018,1109,65,18,1,2,NA,14755
2018,1119,30,12,2,1,NA,12485
2018,1131,23,13,1,1,1,NA
2018,1145,28,19,1,NA,2,30645
2018,1155,55,13,1,NA,NA,45400
2018,1164,51,20,2,2,NA,119879.41732000001
2018,1172,39,12,2,NA,NA,20430
2018,1178,65,12,2,1,NA,30645
2018,1181,35,13,1,2,1,63560
2018,1186,68,16,2,1,1,72640
2018,1189,68,12,2,NA,NA,37455
2018,1191,51,14,2,2,1,72640
2018,1196,85,12,1,2,2,54480
2018,1197,49,16,1,1,1,20430
2018,1204,34,16,2,2,NA,20430
2018,1211,52,13,1,1,NA,227
2018,1228,25,13,2,2,NA,14755
2018,1231,39,12,2,1,NA,17025
2018,1250,59,12,2,NA,2,4086
2018,1289,68,14,2,1,1,119879.41732000001
2018,1294,61,12,1,1,1,20430
2018,1297,64,14,1,1,1,5107.5
2018,1302,30,15,2,2,NA,54480
2018,1312,67,8,2,2,NA,8512.5
2018,1322,24,12,1,2,2,37455
2018,1329,77,12,2,1,NA,24970
2018,1341,71,10,1,2,1,30645
2018,1343,57,14,1,1,NA,10782.5
2018,1345,47,13,2,1,NA,30645
2018,1347,46,14,1,1,NA,72640
2018,1350,34,13,2,NA,1,20430
2018,1353,30,15,2,NA,1,37455
2018,1354,29,12,1,1,NA,14755
2018,1363,38,12,1,1,NA,NA
2018,1367,56,12,1,1,1,9647.5
2018,1369,39,12,2,1,NA,6242.5
2018,1371,60,12,1,NA,NA,72640
2018,1372,60,14,1,2,NA,45400
2018,1375,41,16,2,NA,NA,37455
2018,1385,41,18,2,1,1,24970
2018,1390,57,16,1,1,NA,NA
2018,1393,68,11,1,1,2,24970
2018,1395,82,12,1,1,NA,63560
2018,1401,61,12,2,1,NA,12485
2018,1406,74,18,2,2,NA,37455
2018,1409,26,10,2,1,NA,10782.5
2018,1414,60,12,2,1,NA,30645
2018,1415,31,15,2,NA,NA,5107.5
2018,1423,23,11,2,NA,1,20430
2018,1430,66,16,1,2,NA,17025
2018,1435,50,14,2,1,2,20430
2018,1437,22,15,1,1,1,14755
2018,1439,26,12,1,1,NA,9647.5
2018,1444,31,16,2,1,NA,14755
2018,1448,29,10,1,2,NA,14755
2018,1452,82,12,1,NA,2,30645
2018,1466,56,16,2,1,1,30645
2018,1468,27,15,2,1,NA,24970
2018,1471,71,17,2,NA,1,37455
2018,1472,53,9,2,1,NA,17025
2018,1475,37,8,2,1,NA,24970
2018,1476,29,14,2,NA,1,5107.5
2018,1480,79,12,2,NA,2,NA
2018,1481,22,12,1,2,NA,20430
2018,1493,67,16,2,1,NA,5107.5
2018,1494,39,13,2,1,2,4086
2018,1496,65,14,2,1,NA,20430
2018,1507,27,13,2,NA,1,12485
2018,1518,68,15,2,1,1,30645
2018,1520,68,12,2,1,NA,45400
2018,1521,54,12,2,2,NA,6242.5
2018,1522,30,10,2,NA,2,1589
2018,1526,56,12,2,1,NA,45400
2018,1528,46,12,1,NA,2,NA
2018,1531,40,13,2,1,NA,227
2018,1541,43,19,2,NA,1,72640
2018,1543,64,20,1,1,1,54480
2018,1544,62,11,2,NA,1,3405
2018,1551,39,14,2,NA,2,17025
2018,1558,44,17,2,NA,1,45400
2018,1560,32,14,2,NA,2,8512.5
2018,1569,44,15,2,NA,1,6242.5
2018,1576,89,14,1,NA,2,7377.5
2018,1581,35,12,1,2,1,37455
2018,1585,41,14,2,1,1,24970
2018,1597,64,11,2,1,1,7377.5
2018,1612,22,13,1,1,1,NA
2018,1614,69,12,2,1,NA,24970
2018,1615,20,14,2,1,2,NA
2018,1620,59,17,1,NA,1,119879.41732000001
2018,1621,44,16,2,1,NA,119879.41732000001
2018,1625,86,15,1,NA,NA,45400
2018,1640,76,11,1,2,2,8512.5
2018,1641,86,11,2,NA,2,12485
2018,1643,71,16,2,1,NA,30645
2018,1646,44,12,1,1,NA,5107.5
2018,1655,42,16,1,1,NA,63560
2018,1660,89,8,1,1,NA,10782.5
2018,1671,21,12,1,1,NA,24970
2018,1677,34,12,2,NA,2,17025
2018,1687,22,12,1,1,1,30645
2018,1690,69,18,1,2,NA,NA
2018,1691,55,16,2,NA,NA,7377.5
2018,1696,41,12,2,1,NA,NA
2018,1697,56,11,2,2,NA,4086
2018,1702,58,16,1,1,NA,37455
2018,1709,28,19,2,1,NA,37455
2018,1715,24,17,1,NA,1,NA
2018,1717,22,15,1,2,NA,908
2018,1727,54,12,1,NA,1,10782.5
2018,1731,50,17,2,2,2,20430
2018,1735,74,14,1,NA,2,30645
2018,1736,48,12,2,1,NA,37455
2018,1741,63,11,2,NA,1,6242.5
2018,1742,39,16,2,1,2,24970
2018,1746,89,12,2,1,NA,8512.5
2018,1749,25,10,1,1,1,9647.5
2018,1754,73,12,2,2,NA,45400
2018,1756,35,16,2,NA,1,37455
2018,1767,27,12,1,NA,1,14755
2018,1769,41,12,1,2,1,45400
2018,1771,54,12,1,NA,1,45400
2018,1772,86,17,2,1,NA,17025
2018,1782,31,12,2,1,2,12485
2018,1787,30,16,2,1,NA,54480
2018,1791,47,20,2,1,2,45400
2018,1795,31,13,2,1,NA,4086
2018,1797,64,18,2,NA,1,37455
2018,1798,89,16,2,2,NA,NA
2018,1801,35,14,2,1,1,20430
2018,1807,32,16,2,1,2,30645
2018,1816,77,12,1,2,NA,14755
2018,1819,66,14,1,1,NA,7377.5
2018,1820,56,13,1,1,1,5107.5
2018,1824,60,12,1,NA,1,NA
2018,1842,72,16,2,NA,1,54480
2018,1843,70,13,2,1,NA,2951
2018,1852,24,12,2,1,NA,1589
2018,1854,28,10,2,1,NA,45400
2018,1861,30,9,2,2,NA,3405
2018,1870,59,13,2,1,1,20430
2018,1872,84,16,1,2,NA,20430
2018,1879,53,12,2,NA,2,20430
2018,1880,49,9,2,2,NA,2497
2018,1900,54,12,1,NA,1,2043
2018,1907,51,14,1,2,2,54480
2018,1908,34,12,2,1,1,17025
2018,1909,28,17,1,2,1,63560
2018,1913,66,14,2,NA,1,24970
2018,1915,20,11,1,1,1,8512.5
2018,1916,60,20,1,2,NA,NA
2018,1917,64,13,2,2,2,72640
2018,1923,64,16,2,1,NA,37455
2018,1926,60,17,2,1,NA,37455
2018,1927,27,13,1,2,NA,37455
2018,1930,71,16,2,1,NA,24970
2018,1935,53,12,2,1,NA,7377.5
2018,1938,26,16,2,1,2,54480
2018,1958,51,14,1,2,NA,17025
2018,1965,30,12,1,1,NA,20430
2018,1966,32,13,2,1,NA,30645
2018,1969,28,14,2,1,2,9647.5
2018,1972,32,16,1,2,1,37455
2018,1974,59,13,1,1,2,24970
2018,1975,38,9,2,NA,2,NA
2018,1991,44,11,1,1,NA,4086
2018,1992,47,0,1,2,2,2497
2018,1995,51,8,1,NA,NA,5107.5
2018,1999,72,19,2,NA,1,17025
2018,2014,73,15,1,2,NA,NA
2018,2016,53,12,2,NA,1,9647.5
2018,2020,51,15,1,1,NA,54480
2018,2026,26,16,2,2,NA,30645
2018,2033,34,14,1,1,1,24970
2018,2040,61,12,2,NA,1,119879.41732000001
2018,2041,71,19,1,1,NA,119879.41732000001
2018,2043,44,12,1,1,NA,14755
2018,2048,80,12,2,NA,1,6242.5
2018,2054,34,12,2,NA,1,45400
2018,2059,34,12,2,NA,NA,NA
2018,2064,54,18,2,NA,2,24970
2018,2068,51,10,2,NA,2,9647.5
2018,2069,52,14,2,1,1,24970
2018,2071,60,11,2,2,1,8512.5
2018,2076,66,12,2,2,2,14755
2018,2079,89,12,1,1,2,NA
2018,2083,59,14,1,1,NA,24970
2018,2084,80,16,1,NA,1,45400
2018,2089,65,8,1,2,NA,8512.5
2018,2094,40,14,2,2,1,63560
2018,2105,46,13,1,2,NA,54480
2018,2113,51,12,2,NA,1,6242.5
2018,2115,75,14,2,2,NA,24970
2018,2119,20,10,2,2,1,5107.5
2018,2121,48,14,2,NA,1,20430
2018,2122,52,13,2,2,1,10782.5
2018,2124,39,14,1,1,1,12485
2018,2136,55,12,2,1,NA,7377.5
2018,2138,72,16,2,NA,2,37455
2018,2139,58,9,2,1,NA,NA
2018,2141,46,12,2,2,1,20430
2018,2142,50,12,2,NA,1,30645
2018,2145,89,12,1,2,2,63560
2018,2147,71,12,1,NA,1,NA
2018,2148,66,12,2,2,NA,30645
2018,2176,37,12,2,1,1,8512.5
2018,2178,80,14,2,1,NA,9647.5
2018,2194,29,15,1,1,2,2497
2018,2205,37,15,1,NA,NA,37455
2018,2212,71,14,1,NA,1,37455
2018,2218,42,12,2,1,1,4086
2018,2222,65,19,1,1,1,6242.5
2018,2224,59,13,1,1,NA,24970
2018,2228,32,11,1,1,1,17025
2018,2232,68,14,2,2,2,24970
2018,2237,80,13,1,1,NA,12485
2018,2241,59,10,2,1,1,908
2018,2247,79,12,2,2,NA,NA
2018,2250,56,14,2,1,NA,20430
2018,2258,77,8,1,2,NA,NA
2018,2261,24,16,2,2,1,54480
2018,2269,89,12,2,1,NA,4086
2018,2272,34,11,2,1,NA,20430
2018,2273,34,14,2,2,2,37455
2018,2275,40,15,2,NA,2,72640
2018,2281,41,12,2,NA,2,20430
2018,2286,48,12,2,NA,1,37455
2018,2288,60,10,1,1,1,6242.5
2018,2292,41,10,2,NA,1,2951
2018,2295,23,13,2,1,NA,908
2018,2300,77,12,1,1,NA,2043
2018,2301,68,10,1,2,1,5107.5
2018,2305,52,10,1,2,NA,37455
2018,2315,26,12,1,NA,2,17025
2018,2319,52,12,2,1,1,24970
2018,2320,68,10,1,NA,1,NA
2018,2326,57,16,2,2,NA,45400
2018,2329,74,17,1,1,2,45400
2018,2331,50,14,1,NA,2,54480
2018,2333,35,17,2,1,2,119879.41732000001
2018,2336,54,18,2,1,NA,45400
2018,2337,25,16,2,NA,1,17025
2018,2341,89,8,1,NA,2,NA
2018,2344,37,12,2,2,NA,NA
2018,2345,75,12,2,2,NA,14755
2021,2,60,16,1,1,NA,120197.0185
2021,9,NA,19,2,1,NA,43600
2021,10,76,13,1,1,NA,29430
2021,17,75,18,1,1,NA,120197.0185
2021,22,22,15,2,1,NA,11990
2021,24,NA,16,1,1,NA,NA
2021,28,37,14,1,1,NA,69760
2021,44,NA,NA,NA,1,NA,NA
2021,46,53,16,2,1,NA,120197.0185
2021,71,42,17,2,1,NA,14170
2021,81,62,12,2,2,NA,29430
2021,91,22,12,1,1,NA,NA
2021,97,28,13,1,2,NA,69760
2021,104,51,17,1,2,NA,120197.0185
2021,120,64,16,2,1,NA,23980
2021,126,41,16,2,1,NA,NA
2021,127,54,13,2,1,NA,35970
2021,143,37,19,1,1,NA,120197.0185
2021,156,87,12,1,1,NA,11990
2021,158,74,20,2,1,NA,69760
2021,160,46,16,2,NA,NA,69760
2021,161,43,19,1,1,NA,43600
2021,165,54,16,2,2,NA,8175
2021,166,53,20,1,1,NA,14170
2021,167,NA,17,2,1,NA,NA
2021,171,46,16,1,1,NA,2834
2021,174,33,16,2,1,NA,4905
2021,185,36,13,2,2,NA,14170
2021,187,43,14,2,1,NA,29430
2021,190,67,10,2,2,NA,4905
2021,195,36,16,2,1,NA,120197.0185
2021,201,32,16,2,1,NA,35970
2021,209,NA,16,1,1,NA,43600
2021,210,64,12,2,1,NA,9265
2021,211,41,9,1,1,NA,29430
2021,218,85,12,2,1,NA,11990
2021,222,39,19,1,1,NA,23980
2021,224,37,16,2,1,NA,29430
2021,227,57,12,2,1,NA,3924
2021,235,33,12,1,1,NA,43600
2021,236,70,20,2,1,NA,120197.0185
2021,243,49,14,2,1,NA,218
2021,248,20,11,2,1,NA,NA
2021,250,65,12,2,1,NA,29430
2021,253,36,17,2,1,NA,19620
2021,259,35,19,1,1,NA,43600
2021,274,NA,14,1,1,NA,19620
2021,280,67,14,2,1,NA,NA
2021,281,37,16,1,1,NA,120197.0185
2021,286,72,14,1,1,NA,23980
2021,294,52,16,1,2,NA,120197.0185
2021,300,61,15,2,2,NA,52320
2021,301,37,13,1,1,NA,14170
2021,304,32,19,2,2,NA,NA
2021,305,33,18,1,1,NA,61040
2021,315,37,16,2,2,NA,29430
2021,316,65,13,1,1,NA,4905
2021,320,65,20,1,1,NA,120197.0185
2021,325,NA,NA,NA,1,NA,NA
2021,331,60,16,2,1,NA,69760
2021,341,36,14,2,2,NA,218
2021,362,67,17,2,1,NA,19620
2021,364,22,16,2,1,NA,10355
2021,368,48,14,2,2,NA,14170
2021,375,69,18,1,1,NA,43600
2021,388,64,14,2,1,NA,19620
2021,398,65,14,2,1,NA,11990
2021,405,64,18,2,1,NA,43600
2021,406,31,14,2,1,NA,10355
2021,409,30,15,2,2,NA,19620
2021,410,NA,NA,NA,2,NA,NA
2021,413,45,16,2,1,NA,61040
2021,416,25,17,1,2,NA,120197.0185
2021,420,36,18,1,1,NA,29430
2021,437,45,12,1,1,NA,35970
2021,445,63,20,1,1,NA,16350
2021,449,52,17,1,2,NA,120197.0185
2021,453,59,18,1,1,NA,43600
2021,454,53,14,2,1,NA,35970
2021,466,66,12,1,1,NA,35970
2021,469,47,20,1,2,NA,52320
2021,474,37,16,1,1,NA,69760
2021,487,49,6,2,1,NA,4905
2021,496,NA,15,1,2,NA,69760
2021,497,35,16,1,2,NA,29430
2021,503,43,12,2,1,NA,29430
2021,506,NA,10,1,2,NA,19620
2021,511,71,15,2,1,NA,23980
2021,526,41,14,2,2,NA,35970
2021,529,22,16,2,2,NA,120197.0185
2021,536,74,12,2,2,NA,120197.0185
2021,544,53,12,2,1,NA,35970
2021,553,42,16,2,1,NA,35970
2021,557,43,20,2,1,NA,52320
2021,567,37,14,2,2,NA,19620
2021,573,74,12,2,1,NA,29430
2021,586,38,16,1,1,NA,35970
2021,606,42,15,1,1,NA,23980
2021,612,74,12,1,1,NA,23980
2021,613,NA,12,2,1,NA,NA
2021,621,76,12,2,2,NA,11990
2021,622,38,11,2,1,NA,5995
2021,623,46,13,2,1,NA,61040
2021,624,NA,12,1,2,NA,NA
2021,630,53,15,1,1,NA,7085
2021,633,30,14,2,2,NA,NA
2021,634,70,NA,1,2,NA,4905
2021,637,48,16,1,1,NA,69760
2021,638,69,11,1,1,NA,7085
2021,641,49,16,1,1,NA,120197.0185
2021,644,77,12,1,2,NA,43600
2021,654,69,16,2,2,NA,52320
2021,662,69,12,2,1,NA,29430
2021,664,61,12,2,1,NA,16350
2021,668,63,16,1,2,NA,52320
2021,669,75,14,1,1,NA,19620
2021,690,33,12,2,1,NA,5995
2021,691,29,13,1,1,NA,7085
2021,694,61,12,2,2,NA,7085
2021,695,46,12,2,1,NA,10355
2021,702,55,18,2,1,NA,43600
2021,703,NA,NA,NA,2,NA,NA
2021,708,27,19,1,1,NA,9265
2021,713,61,20,1,2,NA,69760
2021,718,27,16,2,1,NA,43600
2021,724,35,16,2,1,NA,23980
2021,725,72,12,2,1,NA,23980
2021,727,46,16,1,1,NA,NA
2021,730,32,20,1,1,NA,29430
2021,733,47,16,2,2,NA,120197.0185
2021,739,69,18,2,1,NA,120197.0185
2021,741,55,13,2,2,NA,14170
2021,752,77,14,2,1,NA,NA
2021,754,77,18,1,1,NA,29430
2021,759,43,15,1,2,NA,69760
2021,776,62,12,1,1,NA,69760
2021,788,55,20,1,1,NA,1526
2021,790,70,13,2,1,NA,29430
2021,791,NA,14,2,1,NA,43600
2021,795,38,14,2,2,NA,NA
2021,801,49,16,1,2,NA,43600
2021,805,65,16,2,2,NA,16350
2021,824,55,12,2,2,NA,10355
2021,833,78,11,2,1,NA,3270
2021,837,28,12,2,2,NA,10355
2021,838,68,12,2,2,NA,9265
2021,839,35,18,1,2,NA,35970
2021,846,30,17,2,2,NA,35970
2021,855,89,6,1,1,NA,NA
2021,865,69,12,1,1,NA,35970
2021,867,52,15,1,2,NA,29430
2021,873,63,19,1,1,NA,19620
2021,874,67,12,2,1,NA,NA
2021,884,71,16,1,1,NA,29430
2021,889,44,12,1,1,NA,NA
2021,901,56,16,1,1,NA,120197.0185
2021,911,31,18,2,2,NA,16350
2021,914,60,18,1,1,NA,52320
2021,919,NA,16,2,1,NA,NA
2021,921,35,18,2,1,NA,61040
2021,922,75,8,2,2,NA,3924
2021,943,62,20,2,1,NA,19620
2021,945,40,12,2,2,NA,NA
2021,949,51,15,2,1,NA,29430
2021,953,71,18,1,1,NA,61040
2021,954,58,20,1,2,NA,120197.0185
2021,960,64,12,1,1,NA,52320
2021,961,55,12,2,2,NA,NA
2021,965,82,12,2,1,NA,8175
2021,974,83,16,2,NA,NA,NA
2021,975,41,17,1,1,NA,35970
2021,977,38,12,2,1,NA,9265
2021,978,NA,NA,NA,2,NA,NA
2021,985,51,18,2,1,NA,43600
2021,990,77,15,1,1,NA,35970
2021,1009,61,8,2,1,NA,218
2021,1015,31,17,1,1,NA,120197.0185
2021,1018,33,16,1,1,NA,5995
2021,1019,33,16,1,1,NA,120197.0185
2021,1024,NA,16,1,1,NA,NA
2021,1027,46,19,2,1,NA,69760
2021,1031,NA,14,1,1,NA,120197.0185
2021,1034,25,12,2,2,NA,120197.0185
2021,1036,54,14,2,1,NA,29430
2021,1037,21,14,1,1,NA,NA
2021,1044,49,18,1,2,NA,120197.0185
2021,1060,41,12,1,1,NA,43600
2021,1061,40,16,1,1,NA,19620
2021,1065,67,19,1,1,NA,61040
2021,1066,38,13,2,2,NA,7085
2021,1068,28,16,1,2,NA,29430
2021,1070,72,16,1,2,NA,19620
2021,1073,36,15,1,1,NA,11990
2021,1076,34,11,2,2,NA,10355
2021,1077,NA,NA,1,1,NA,NA
2021,1078,81,14,1,2,NA,5995
2021,1080,57,12,2,2,NA,35970
2021,1081,42,13,1,2,NA,35970
2021,1082,39,16,2,1,NA,120197.0185
2021,1085,41,12,1,1,NA,52320
2021,1089,73,12,2,2,NA,NA
2021,1091,73,14,2,2,NA,NA
2021,1104,33,16,1,2,NA,35970
2021,1109,29,10,1,2,NA,19620
2021,1115,76,20,2,1,NA,19620
2021,1121,34,16,1,2,NA,23980
2021,1124,59,15,1,1,NA,120197.0185
2021,1136,41,16,2,NA,NA,NA
2021,1140,62,16,2,1,NA,120197.0185
2021,1145,24,14,1,1,NA,23980
2021,1159,69,16,1,2,NA,52320
2021,1163,85,19,2,1,NA,16350
2021,1175,42,14,2,1,NA,43600
2021,1197,NA,16,2,2,NA,29430
2021,1204,58,18,2,1,NA,35970
2021,1213,76,20,1,2,NA,43600
2021,1217,64,16,2,2,NA,16350
2021,1229,63,14,2,1,NA,23980
2021,1232,43,12,1,1,NA,29430
2021,1235,79,13,2,1,NA,19620
2021,1250,33,18,1,1,NA,23980
2021,1254,39,13,2,1,NA,10355
2021,1261,23,15,1,1,NA,2398
2021,1265,73,20,1,2,NA,NA
2021,1272,48,20,1,1,NA,43600
2021,1281,37,18,2,1,NA,5995
2021,1288,42,18,2,1,NA,35970
2021,1291,62,16,1,2,NA,120197.0185
2021,1292,59,16,2,1,NA,29430
2021,1305,75,12,1,1,NA,43600
2021,1310,27,12,2,1,NA,29430
2021,1312,36,18,2,1,NA,NA
2021,1329,67,16,1,2,NA,7085
2021,1332,77,20,1,1,NA,120197.0185
2021,1335,44,20,1,1,NA,120197.0185
2021,1337,56,12,1,1,NA,35970
2021,1349,54,14,2,1,NA,52320
2021,1363,80,16,2,1,NA,23980
2021,1364,31,12,1,2,NA,218
2021,1367,40,12,2,2,NA,14170
2021,1371,66,14,1,2,NA,29430
2021,1373,40,16,2,2,NA,43600
2021,1379,73,11,2,2,NA,9265
2021,1383,52,12,2,1,NA,29430
2021,1393,80,16,1,1,NA,4905
2021,1396,40,12,1,2,NA,43600
2021,1398,80,20,2,1,NA,19620
2021,1400,60,16,1,1,NA,120197.0185
2021,1404,59,10,1,2,NA,19620
2021,1405,72,15,2,2,NA,16350
2021,1406,48,11,2,2,NA,11990
2021,1413,68,12,2,2,NA,3924
2021,1418,58,16,1,2,NA,43600
2021,1421,23,14,1,1,NA,29430
2021,1427,25,16,1,2,NA,120197.0185
2021,1429,42,17,1,1,NA,9265
2021,1433,NA,12,1,1,NA,9265
2021,1438,84,13,1,2,NA,29430
2021,1447,79,13,2,1,NA,NA
2021,1452,50,16,2,1,NA,43600
2021,1454,55,18,1,1,NA,29430
2021,1455,70,14,1,1,NA,29430
2021,1456,64,14,2,1,NA,5995
2021,1463,61,12,2,1,NA,8175
2021,1466,NA,12,1,2,NA,43600
2021,1481,53,14,2,1,NA,120197.0185
2021,1484,31,10,1,2,NA,19620
2021,1487,67,17,2,NA,NA,43600
2021,1488,74,15,2,1,NA,23980
2021,1493,21,11,NA,1,NA,14170
2021,1494,79,14,2,NA,NA,11990
2021,1497,58,12,2,2,NA,14170
2021,1499,28,8,2,1,NA,NA
2021,1501,52,18,2,1,NA,43600
2021,1502,NA,14,2,1,NA,23980
2021,1505,34,16,1,1,NA,52320
2021,1506,70,8,2,1,NA,29430
2021,1516,43,11,2,2,NA,14170
2021,1517,53,16,1,1,NA,35970
2021,1525,86,18,1,1,NA,43600
2021,1531,64,12,1,1,NA,23980
2021,1532,60,12,2,1,NA,10355
2021,1540,54,16,2,2,NA,120197.0185
2021,1545,59,14,2,1,NA,NA
2021,1550,67,12,2,1,NA,4905
2021,1555,34,12,2,2,NA,NA
2021,1573,35,12,2,2,NA,8175
2021,1576,52,15,2,1,NA,29430
2021,1582,41,16,1,1,NA,52320
2021,1588,71,16,2,1,NA,29430
2021,1589,64,12,2,1,NA,19620
2021,1590,NA,14,1,2,NA,14170
2021,1592,NA,16,1,1,NA,NA
2021,1607,73,17,1,1,NA,29430
2021,1608,30,12,2,2,NA,1962
2021,1616,41,14,2,2,NA,19620
2021,1629,NA,NA,NA,2,NA,NA
2021,1655,63,12,2,2,NA,4905
2021,1657,49,14,2,2,NA,4905
2021,1658,35,16,1,1,NA,69760
2021,1661,56,12,2,1,NA,16350
2021,1673,89,14,1,1,NA,19620
2021,1687,53,18,1,2,NA,61040
2021,1695,59,13,2,2,NA,29430
2021,1696,29,12,1,1,NA,9265
2021,1699,69,14,1,2,NA,120197.0185
2021,1708,60,14,1,1,NA,10355
2021,1726,84,16,1,2,NA,69760
2021,1728,75,18,2,1,NA,23980
2021,1729,73,13,2,1,NA,14170
2021,1734,50,20,2,1,NA,NA
2021,1736,56,18,2,1,NA,23980
2021,1743,64,12,1,1,NA,23980
2021,1744,40,16,1,1,NA,29430
2021,1748,79,16,1,1,NA,35970
2021,1755,46,12,1,1,NA,43600
2021,1757,59,18,2,1,NA,69760
2021,1767,42,13,2,1,NA,19620
2021,1776,72,16,1,1,NA,29430
2021,1779,21,12,2,NA,NA,19620
2021,1786,41,16,2,2,NA,35970
2021,1787,61,16,1,1,NA,35970
2021,1789,42,17,1,2,NA,120197.0185
2021,1791,26,16,1,2,NA,120197.0185
2021,1802,44,12,2,2,NA,29430
2021,1815,NA,12,2,1,NA,16350
2021,1824,42,16,2,1,NA,61040
2021,1826,88,12,2,2,NA,5995
2021,1829,86,17,2,1,NA,218
2021,1842,61,11,2,1,NA,16350
2021,1855,49,13,1,2,NA,35970
2021,1860,40,20,2,1,NA,52320
2021,1876,38,12,1,1,NA,29430
2021,1877,77,14,2,2,NA,19620
2021,1879,74,12,2,1,NA,7085
2021,1885,35,12,2,2,NA,14170
2021,1901,32,16,1,1,NA,3924
2021,1904,23,15,1,1,NA,11990
2021,1910,40,19,2,1,NA,NA
2021,1923,54,18,2,1,NA,29430
2021,1932,72,14,1,1,NA,NA
2021,1947,33,12,1,1,NA,19620
2021,1951,77,17,1,1,NA,14170
2021,1957,22,9,1,2,NA,NA
2021,1960,30,19,1,1,NA,16350
2021,1964,33,11,1,2,NA,19620
2021,1991,63,13,2,1,NA,5995
2021,1992,68,13,2,1,NA,9265
2021,1995,61,11,1,1,NA,NA
2021,2000,35,12,2,1,NA,16350
2021,2009,NA,12,1,2,NA,NA
2021,2016,34,12,1,1,NA,872
2021,2017,25,12,1,2,NA,16350
2021,2022,62,12,2,1,NA,23980
2021,2023,54,12,2,1,NA,3924
2021,2027,51,19,2,1,NA,16350
2021,2034,67,19,1,1,NA,69760
2021,2042,42,16,2,1,NA,19620
2021,2044,54,12,2,1,NA,218
2021,2045,42,11,1,2,NA,35970
2021,2051,28,16,2,2,NA,29430
2021,2055,NA,12,2,1,NA,29430
2021,2065,64,15,1,1,NA,218
2021,2070,65,12,2,2,NA,35970
2021,2074,77,16,2,1,NA,29430
2021,2078,57,12,1,1,NA,120197.0185
2021,2079,29,17,2,1,NA,NA
2021,2085,30,12,1,2,NA,29430
2021,2093,32,12,2,1,NA,NA
2021,2095,59,13,1,1,NA,4905
2021,2097,51,19,1,2,NA,43600
2021,2099,59,12,1,1,NA,16350
2021,2105,40,9,2,1,NA,NA
2021,2112,39,16,2,2,NA,4905
2021,2117,NA,17,2,1,NA,61040
2021,2132,77,20,2,1,NA,52320
2021,2134,69,12,1,2,NA,29430
2021,2138,34,15,2,1,NA,8175
2021,2145,81,9,2,1,NA,NA
2021,2150,74,16,1,2,NA,11990
2021,2152,40,16,1,1,NA,4905
2021,2158,33,14,2,1,NA,NA
2021,2162,34,16,1,2,NA,61040
2021,2164,53,16,2,2,NA,43600
2021,2173,31,14,2,1,NA,14170
2021,2174,39,12,1,2,NA,35970
2021,2180,NA,12,NA,2,NA,16350
2021,2191,48,20,1,1,NA,120197.0185
2021,2198,67,12,2,2,NA,4905
2021,2204,72,15,1,2,NA,19620
2021,2206,63,14,2,1,NA,19620
2021,2217,43,18,1,2,NA,43600
2021,2219,46,12,2,1,NA,7085
2021,2221,40,15,2,2,NA,52320
2021,2224,62,14,1,2,NA,23980
2021,2226,35,12,2,1,NA,218
2021,2229,28,16,1,2,NA,19620
2021,2245,43,15,1,2,NA,19620
2021,2258,54,18,1,1,NA,120197.0185
2021,2260,75,16,1,1,NA,29430
2021,2262,70,18,2,2,NA,120197.0185
2021,2265,20,12,2,1,NA,120197.0185
2021,2266,73,17,1,1,NA,35970
2021,2267,36,16,2,2,NA,43600
2021,2278,32,17,1,2,NA,8175
2021,2285,75,16,2,2,NA,29430
2021,2298,44,18,2,1,NA,120197.0185
2021,2300,37,19,1,1,NA,61040
2021,2304,57,13,1,1,NA,3924
2021,2307,71,20,2,2,NA,69760
2021,2310,23,14,2,1,NA,35970
2021,2313,41,12,2,1,NA,29430
2021,2316,66,14,2,1,NA,29430
2021,2337,50,20,2,1,NA,19620
2021,2339,60,14,2,1,NA,NA
2021,2346,NA,18,1,1,NA,29430
2021,2348,51,10,2,1,NA,218
2021,2350,59,12,1,2,NA,35970
2021,2357,53,16,1,1,NA,120197.0185
2021,2398,46,16,2,1,NA,61040
2021,2402,54,6,2,1,NA,NA
2021,2403,61,16,2,1,NA,43600
2021,2405,58,18,2,1,NA,120197.0185
2021,2412,50,12,2,1,NA,3924
2021,2414,63,18,1,1,NA,35970
2021,2419,74,14,2,1,NA,23980
2021,2432,37,13,1,1,NA,4905
2021,2443,55,15,2,2,NA,19620
2021,2450,62,15,1,1,NA,120197.0185
2021,2453,41,12,2,1,NA,120197.0185
2021,2464,33,16,2,2,NA,11990
2021,2478,61,20,2,1,NA,43600
2021,2480,71,14,1,1,NA,NA
2021,2490,23,14,1,1,NA,1962
2021,2495,44,13,2,1,NA,16350
2021,2497,39,18,2,1,NA,52320
2021,2501,34,12,1,1,NA,69760
2021,2505,42,17,1,2,NA,NA
2021,2507,79,16,1,1,NA,52320
2021,2510,89,14,2,1,NA,16350
2021,2516,38,17,1,1,NA,69760
2021,2528,34,12,2,1,NA,14170
2021,2529,70,16,1,1,NA,69760
2021,2532,42,16,2,1,NA,29430
2021,2537,63,12,2,1,NA,35970
2021,2543,64,17,1,1,NA,11990
2021,2558,59,13,2,1,NA,23980
2021,2565,60,14,1,1,NA,11990
2021,2571,54,16,1,1,NA,43600
2021,2575,60,13,2,1,NA,NA
2021,2585,NA,12,2,1,NA,NA
2021,2594,26,16,1,1,NA,69760
2021,2596,32,16,1,1,NA,52320
2021,2598,37,17,2,1,NA,35970
2021,2607,42,12,1,1,NA,19620
2021,2609,31,17,2,1,NA,NA
2021,2610,NA,16,2,2,NA,NA
2021,2613,23,13,1,2,NA,NA
2021,2623,59,12,2,2,NA,43600
2021,2634,NA,13,2,1,NA,4905
2021,2636,28,12,2,2,NA,14170
2021,2640,60,16,1,2,NA,52320
2021,2641,31,12,1,2,NA,11990
2021,2642,47,14,2,2,NA,69760
2021,2648,84,18,1,2,NA,35970
2021,2650,67,13,2,2,NA,11990
2021,2656,69,17,1,1,NA,120197.0185
2021,2657,39,16,1,1,NA,61040
2021,2660,44,10,1,2,NA,23980
2021,2668,NA,12,2,1,NA,14170
2021,2678,NA,15,2,2,NA,16350
2021,2679,68,12,2,1,NA,7085
2021,2682,74,12,1,2,NA,NA
2021,2683,32,12,2,1,NA,NA
2021,2689,30,16,1,1,NA,120197.0185
2021,2692,55,18,2,1,NA,43600
2021,2695,22,14,2,1,NA,14170
2021,2699,49,16,1,1,NA,23980
2021,2700,34,16,2,1,NA,43600
2021,2715,29,16,2,2,NA,52320
2021,2719,70,14,1,1,NA,29430
2021,2722,65,16,2,1,NA,35970
2021,2734,48,18,2,1,NA,61040
2021,2744,31,16,2,1,NA,14170
2021,2745,26,13,1,2,NA,218
2021,2746,58,12,2,1,NA,43600
2021,2748,39,11,1,1,NA,218
2021,2757,83,12,1,1,NA,8175
2021,2761,69,17,1,2,NA,19620
2021,2763,36,14,2,1,NA,5995
2021,2783,45,14,2,1,NA,16350
2021,2791,NA,12,1,2,NA,11990
2021,2794,31,16,2,2,NA,52320
2021,2800,55,11,2,1,NA,7085
2021,2805,39,18,1,1,NA,120197.0185
2021,2809,NA,17,1,2,NA,NA
2021,2826,86,12,2,2,NA,19620
2021,2837,60,13,2,2,NA,52320
2021,2839,61,14,2,2,NA,14170
2021,2843,49,20,2,1,NA,43600
2021,2845,42,11,2,1,NA,3924
2021,2846,69,16,1,1,NA,35970
2021,2849,69,18,1,1,NA,19620
2021,2852,62,15,1,1,NA,23980
2021,2854,NA,17,2,1,NA,NA
2021,2861,NA,12,NA,2,NA,NA
2021,2866,69,15,2,1,NA,1526
2021,2870,44,20,2,1,NA,19620
2021,2872,56,15,2,2,NA,120197.0185
2021,2873,41,20,1,1,NA,29430
2021,2877,71,12,1,1,NA,52320
2021,2881,53,12,1,1,NA,7085
2021,2886,42,16,1,1,NA,120197.0185
2021,2888,34,19,2,2,NA,43600
2021,2896,65,14,2,1,NA,43600
2021,2923,35,17,1,1,NA,11990
2021,2925,20,14,1,1,NA,52320
2021,2932,35,NA,2,1,NA,NA
2021,2938,71,14,1,2,NA,35970
2021,2946,60,14,1,1,NA,29430
2021,2963,41,16,2,1,NA,29430
2021,2966,26,12,2,1,NA,29430
2021,2974,55,16,1,1,NA,52320
2021,2977,66,12,2,2,NA,NA
2021,2985,56,12,1,1,NA,NA
2021,2986,68,16,1,1,NA,29430
2021,2988,55,14,2,1,NA,120197.0185
2021,2994,38,15,1,1,NA,9265
2021,2995,44,13,2,1,NA,5995
2021,2999,25,16,2,2,NA,8175
2021,3007,48,16,1,1,NA,23980
2021,3010,NA,NA,NA,1,NA,NA
2021,3011,54,16,2,2,NA,69760
2021,3013,70,12,1,1,NA,4905
2021,3021,62,13,2,1,NA,35970
2021,3022,74,19,1,1,NA,43600
2021,3026,78,6,1,1,NA,19620
2021,3029,60,16,1,1,NA,120197.0185
2021,3033,61,18,1,1,NA,61040
2021,3034,37,12,1,1,NA,120197.0185
2021,3046,65,12,2,1,NA,35970
2021,3052,43,19,2,1,NA,16350
2021,3053,NA,13,2,1,NA,43600
2021,3054,45,16,1,2,NA,7085
2021,3055,42,12,2,2,NA,8175
2021,3066,62,16,1,NA,NA,52320
2021,3068,41,16,2,1,NA,120197.0185
2021,3070,69,16,2,2,NA,29430
2021,3081,39,16,2,2,NA,69760
2021,3088,89,12,2,NA,NA,8175
2021,3090,63,16,2,1,NA,NA
2021,3096,28,12,1,2,NA,16350
2021,3097,35,14,1,2,NA,29430
2021,3098,55,12,1,2,NA,NA
2021,3102,NA,16,1,1,NA,NA
2021,3107,23,16,1,1,NA,NA
2021,3108,42,16,2,2,NA,16350
2021,3114,49,15,1,1,NA,120197.0185
2021,3117,40,19,2,1,NA,120197.0185
2021,3122,68,13,1,1,NA,14170
2021,3127,70,16,2,1,NA,43600
2021,3129,70,12,2,1,NA,10355
2021,3132,41,16,2,1,NA,23980
2021,3134,78,7,1,1,NA,29430
2021,3137,54,16,2,1,NA,35970
2021,3144,41,15,2,NA,NA,NA
2021,3146,59,15,2,2,NA,8175
2021,3154,29,17,1,1,NA,61040
2021,3165,57,12,2,2,NA,218
2021,3174,85,12,2,2,NA,8175
2021,3176,58,12,2,1,NA,10355
2021,3182,63,20,1,1,NA,23980
2021,3183,48,16,2,1,NA,35970
2021,3187,NA,18,NA,1,NA,NA
2021,3188,83,12,2,1,NA,23980
2021,3208,67,12,1,1,NA,35970
2021,3217,56,14,1,1,NA,NA
2021,3221,71,19,1,2,NA,14170
2021,3232,29,16,2,1,NA,43600
2021,3248,86,20,1,1,NA,7085
2021,3256,70,12,1,2,NA,43600
2021,3259,42,12,2,1,NA,5995
2021,3265,NA,16,2,1,NA,29430
2021,3267,70,19,1,1,NA,29430
2021,3270,39,16,1,2,NA,52320
2021,3271,69,16,2,1,NA,9265
2021,3280,21,12,1,1,NA,NA
2021,3286,34,12,2,1,NA,14170
2021,3287,56,14,1,2,NA,29430
2021,3298,76,12,2,1,NA,11990
2021,3299,72,19,1,1,NA,120197.0185
2021,3301,56,20,2,1,NA,69760
2021,3309,31,10,1,1,NA,14170
2021,3313,84,16,1,2,NA,120197.0185
2021,3315,33,16,2,2,NA,NA
2021,3316,41,17,2,1,NA,69760
2021,3322,28,13,1,1,NA,29430
2021,3327,72,12,2,1,NA,3924
2021,3330,40,15,1,1,NA,NA
2021,3332,86,17,1,1,NA,14170
2021,3335,NA,16,1,1,NA,29430
2021,3337,80,16,1,1,NA,35970
2021,3344,29,18,2,1,NA,52320
2021,3349,36,16,1,2,NA,29430
2021,3356,40,17,2,1,NA,29430
2021,3357,53,10,2,2,NA,1526
2021,3361,67,11,1,2,NA,29430
2021,3362,69,19,2,1,NA,120197.0185
2021,3363,57,15,1,1,NA,4905
2021,3383,30,10,1,2,NA,10355
2021,3384,73,12,2,1,NA,16350
2021,3394,74,12,1,2,NA,8175
2021,3396,32,17,1,1,NA,14170
2021,3400,65,12,2,1,NA,14170
2021,3407,37,16,2,2,NA,35970
2021,3412,71,16,2,2,NA,5995
2021,3415,63,12,1,2,NA,9265
2021,3420,36,14,2,1,NA,14170
2021,3432,50,15,2,2,NA,43600
2021,3446,60,15,2,1,NA,23980
2021,3453,18,13,2,1,NA,29430
2021,3456,83,16,2,2,NA,69760
2021,3465,25,17,1,2,NA,29430
2021,3478,NA,NA,NA,1,NA,NA
2021,3485,68,12,2,1,NA,69760
2021,3488,42,15,2,1,NA,19620
2021,3496,67,14,2,2,NA,14170
2021,3497,57,13,1,2,NA,4905
2021,3504,22,11,2,2,NA,29430
2021,3514,54,14,1,1,NA,19620
2021,3516,26,16,2,1,NA,5995
2021,3517,51,16,1,2,NA,23980
2021,3521,65,13,2,1,NA,120197.0185
2021,3527,22,14,2,1,NA,8175
2021,3529,23,12,1,2,NA,19620
2021,3530,54,20,2,1,NA,120197.0185
2021,3531,26,15,1,1,NA,NA
2021,3546,59,8,2,2,NA,3270
2021,3550,59,14,2,1,NA,29430
2021,3552,33,12,2,1,NA,23980
2021,3553,40,11,2,1,NA,7085
2021,3560,68,15,1,1,NA,43600
2021,3572,84,16,1,2,NA,52320
2021,3576,54,14,1,1,NA,120197.0185
2021,3578,68,20,1,1,NA,35970
2021,3591,67,13,1,1,NA,29430
2021,3603,73,16,1,1,NA,43600
2021,3608,24,15,1,1,NA,NA
2021,3610,53,11,2,1,NA,4905
2021,3611,55,16,2,1,NA,120197.0185
2021,3617,68,16,2,1,NA,120197.0185
2021,3623,26,13,1,1,NA,29430
2021,3625,69,3,2,1,NA,218
2021,3639,54,13,2,1,NA,29430
2021,3641,61,16,1,1,NA,120197.0185
2021,3642,69,12,1,1,NA,23980
2021,3647,51,18,2,2,NA,43600
2021,3651,67,18,1,2,NA,120197.0185
2021,3657,50,16,2,NA,NA,16350
2021,3659,63,16,1,2,NA,120197.0185
2021,3660,NA,18,NA,2,NA,61040
2021,3667,74,16,1,1,NA,52320
2021,3670,34,15,2,1,NA,29430
2021,3674,30,15,1,1,NA,35970
2021,3678,52,19,1,1,NA,120197.0185
2021,3681,23,16,2,2,NA,NA
2021,3684,29,16,2,1,NA,NA
2021,3687,47,13,2,1,NA,43600
2021,3698,43,14,2,1,NA,5995
2021,3710,47,20,2,1,NA,29430
2021,3718,68,14,1,1,NA,69760
2021,3725,77,12,2,2,NA,NA
2021,3727,61,12,2,1,NA,29430
2021,3732,77,12,1,1,NA,43600
2021,3733,56,12,2,1,NA,NA
2021,3734,35,9,2,1,NA,872
2021,3738,20,10,1,2,NA,NA
2021,3739,78,8,2,2,NA,11990
2021,3740,29,13,1,1,NA,52320
2021,3745,44,13,1,1,NA,218
2021,3756,54,14,1,2,NA,69760
2021,3757,44,18,2,2,NA,43600
2021,3761,23,11,2,1,NA,218
2021,3768,79,18,2,1,NA,52320
2021,3771,43,16,2,1,NA,43600
2021,3774,42,12,2,1,NA,16350
2021,3776,37,13,1,2,NA,43600
2021,3790,41,18,1,1,NA,120197.0185
2021,3793,57,17,1,2,NA,35970
2021,3798,53,14,1,1,NA,14170
2021,3801,59,16,2,1,NA,16350
2021,3806,57,15,2,1,NA,14170
2021,3822,28,12,2,2,NA,NA
2021,3831,71,14,2,1,NA,14170
2021,3834,61,16,2,1,NA,120197.0185
2021,3835,79,12,2,2,NA,10355
2021,3836,56,16,1,1,NA,43600
2021,3839,81,12,2,2,NA,NA
2021,3845,46,16,2,1,NA,9265
2021,3856,60,15,1,1,NA,35970
2021,3858,62,13,1,2,NA,43600
2021,3871,58,12,1,1,NA,23980
2021,3877,NA,18,1,2,NA,NA
2021,3884,65,16,2,2,NA,52320
2021,3902,61,13,1,2,NA,4905
2021,3918,NA,20,2,1,NA,NA
2021,3934,72,16,2,1,NA,120197.0185
2021,3943,28,15,2,1,NA,11990
2021,3945,29,16,1,1,NA,29430
2021,3956,58,16,2,1,NA,61040
2021,3963,39,16,1,1,NA,43600
2021,3966,52,20,1,2,NA,120197.0185
2021,3977,49,12,1,1,NA,61040
2021,3978,22,12,2,2,NA,5995
2021,3980,37,16,2,2,NA,7085
2021,3995,52,17,1,1,NA,52320
2021,3997,39,12,1,1,NA,19620
2021,4000,52,16,1,1,NA,120197.0185
2021,4004,75,10,2,1,NA,872
2021,4006,54,18,2,1,NA,120197.0185
2021,4013,52,13,1,1,NA,218
2021,4023,69,13,1,2,NA,43600
2021,4026,84,16,1,2,NA,16350
2021,4042,62,12,2,2,NA,14170
2021,4049,55,12,2,2,NA,23980
2021,4057,21,16,2,2,NA,NA
2021,4064,25,16,2,1,NA,3924
2021,4087,35,13,2,1,NA,872
2021,4088,29,15,2,2,NA,19620
2021,4090,69,16,2,2,NA,11990
2021,4098,53,17,1,2,NA,29430
2021,4100,57,18,2,1,NA,69760
2021,4107,44,12,1,2,NA,29430
2021,4113,34,12,1,2,NA,8175
2021,4117,53,16,1,1,NA,29430
2021,4120,65,12,2,1,NA,23980
2021,4122,31,18,2,1,NA,43600
2021,4123,46,12,2,NA,NA,3270
2021,4125,53,16,2,2,NA,61040
2021,4127,40,NA,2,2,NA,NA
2021,4137,34,18,1,1,NA,29430
2021,4145,45,12,1,2,NA,NA
2021,4146,43,12,2,2,NA,9265
2021,4151,34,14,1,1,NA,NA
2021,4153,NA,14,1,2,NA,NA
2021,4156,27,16,1,1,NA,11990
2021,4174,72,17,2,1,NA,35970
2021,4176,68,16,2,1,NA,35970
2021,4180,39,12,2,2,NA,29430
2021,4181,50,13,1,1,NA,29430
2021,4186,36,13,1,2,NA,23980
2021,4200,30,18,2,1,NA,19620
2021,4208,35,16,1,1,NA,52320
2021,4222,NA,14,1,2,NA,120197.0185
2021,4229,28,14,2,1,NA,19620
2021,4242,40,17,2,1,NA,23980
2021,4246,60,16,2,1,NA,35970
2021,4249,75,16,1,1,NA,120197.0185
2021,4251,75,12,1,1,NA,35970
2021,4261,33,12,1,2,NA,14170
2021,4265,77,13,1,1,NA,23980
2021,4269,37,12,2,1,NA,872
2021,4270,29,16,2,1,NA,16350
2021,4275,64,12,2,2,NA,14170
2021,4280,20,12,1,1,NA,4905
2021,4287,29,17,1,1,NA,19620
2021,4292,33,12,2,1,NA,7085
2021,4295,60,14,2,2,NA,4905
2021,4296,NA,12,1,2,NA,NA
2021,4297,71,16,1,2,NA,4905
2021,4301,47,16,1,1,NA,120197.0185
2021,4303,32,20,2,1,NA,69760
2021,4309,45,15,1,1,NA,35970
2021,4315,84,14,2,2,NA,11990
2021,4319,60,8,2,1,NA,19620
2021,4320,75,17,2,1,NA,872
2021,4321,68,16,1,1,NA,43600
2021,4322,34,17,1,1,NA,43600
2021,4325,79,16,1,1,NA,9265
2021,4346,26,14,1,1,NA,19620
2021,4348,59,11,1,1,NA,61040
2021,4354,26,16,2,1,NA,43600
2021,4359,28,12,1,1,NA,52320
2021,4361,32,20,2,1,NA,19620
2021,4367,59,14,2,1,NA,29430
2021,4369,25,16,1,1,NA,19620
2021,4371,33,20,1,2,NA,61040
2021,4380,38,12,2,1,NA,10355
2021,4389,70,12,1,2,NA,19620
2021,4392,71,16,1,2,NA,43600
2021,4393,54,16,2,1,NA,10355
2021,4399,26,18,1,2,NA,11990
2021,4416,57,14,2,2,NA,35970
2021,4418,53,12,2,1,NA,16350
2021,4423,74,20,2,2,NA,69760
2021,4425,33,14,1,2,NA,7085
2021,4433,24,20,1,1,NA,NA
2021,4435,58,14,1,2,NA,23980
2021,4439,55,16,2,1,NA,3924
2021,4440,38,16,2,1,NA,35970
2021,4443,34,20,1,1,NA,43600
2021,4449,70,14,2,1,NA,11990
2021,4450,29,16,2,1,NA,29430
2021,4451,44,14,2,2,NA,35970
2021,4464,71,18,1,1,NA,43600
2021,4466,31,14,2,1,NA,61040
2022,4,23,16,2,1,NA,40900
2022,5,62,14,1,2,NA,11247.5
2022,16,65,14,1,1,NA,15337.499999999998
2022,23,65,16,1,1,NA,15337.499999999998
2022,24,60,14,2,1,NA,33742.5
2022,27,59,12,1,1,1,135195.96431999997
2022,32,NA,12,NA,1,NA,NA
2022,35,62,13,2,1,NA,11247.5
2022,40,64,13,1,1,1,49080
2022,46,50,17,2,1,1,49080
2022,50,70,14,2,1,NA,65439.99999999999
2022,53,43,16,2,1,NA,135195.96431999997
2022,54,60,12,1,NA,NA,40900
2022,68,47,15,2,1,NA,818
2022,74,65,9,2,1,NA,13292.5
2022,89,26,16,1,NA,NA,49080
2022,95,46,16,1,NA,NA,18405
2022,97,46,16,2,NA,NA,27607.5
2022,99,28,16,1,NA,NA,15337.499999999998
2022,106,47,18,1,1,NA,57260
2022,112,52,12,1,1,NA,15337.499999999998
2022,113,48,15,1,1,1,65439.99999999999
2022,114,40,16,1,NA,1,49080
2022,117,42,12,1,NA,2,13292.5
2022,118,46,16,1,2,NA,22495
2022,123,65,16,2,1,NA,40900
2022,127,65,16,2,1,NA,NA
2022,129,61,16,1,1,2,8691.25
2022,135,34,11,2,NA,1,8691.25
2022,140,34,16,2,NA,NA,49080
2022,142,79,16,1,1,NA,NA
2022,156,24,16,2,NA,1,49080
2022,157,83,12,2,NA,NA,13292.5
2022,158,71,17,1,1,NA,33742.5
2022,170,39,13,1,2,NA,27607.5
2022,172,34,16,1,2,NA,49080
2022,174,87,15,1,NA,NA,40900
2022,175,41,16,2,NA,1,40900
2022,176,39,14,2,NA,NA,8691.25
2022,179,68,13,2,NA,NA,57260
2022,188,42,16,1,1,NA,57260
2022,191,NA,18,1,1,NA,135195.96431999997
2022,200,25,13,2,NA,1,27607.5
2022,201,29,16,1,1,NA,49080
2022,205,72,16,1,1,NA,135195.96431999997
2022,206,74,18,2,1,NA,65439.99999999999
2022,234,39,17,2,1,NA,135195.96431999997
2022,242,25,15,1,2,NA,818
2022,244,70,12,2,2,NA,5623.75
2022,250,21,11,1,1,2,8691.25
2022,255,64,6,2,1,NA,13292.5
2022,256,32,14,1,2,NA,40900
2022,259,81,18,2,1,1,22495
2022,263,50,13,1,2,NA,NA
2022,267,37,20,2,NA,NA,65439.99999999999
2022,269,19,13,1,1,NA,NA
2022,280,37,19,2,1,NA,40900
2022,281,68,14,2,1,NA,1431.5
2022,289,56,12,2,1,1,22495
2022,291,26,12,2,NA,1,40900
2022,295,39,12,2,NA,NA,40900
2022,296,61,12,2,NA,NA,57260
2022,304,23,12,1,1,NA,27607.5
2022,312,66,17,2,1,2,NA
2022,320,33,16,1,1,NA,NA
2022,327,NA,11,NA,NA,NA,NA
2022,329,54,14,2,1,1,22495
2022,330,33,16,1,NA,NA,27607.5
2022,331,20,12,1,1,NA,2249.5
2022,332,48,6,2,NA,1,6646.25
2022,333,NA,16,1,2,NA,49080
2022,356,42,16,2,NA,NA,27607.5
2022,357,74,16,1,1,1,40900
2022,364,70,10,1,1,NA,5623.75
2022,365,27,12,2,1,1,7668.749999999999
2022,372,53,16,1,1,NA,5623.75
2022,378,33,12,2,1,NA,8691.25
2022,383,59,16,2,NA,NA,65439.99999999999
2022,386,39,19,1,1,NA,135195.96431999997
2022,387,71,14,1,NA,1,11247.5
2022,390,77,18,2,1,NA,27607.5
2022,407,57,14,2,NA,NA,40900
2022,410,60,12,2,NA,NA,NA
2022,414,31,16,2,NA,NA,135195.96431999997
2022,430,49,17,2,1,NA,49080
2022,446,71,12,2,1,NA,18405
2022,452,21,14,2,1,NA,7668.749999999999
2022,456,36,14,2,1,NA,15337.499999999998
2022,461,61,20,2,1,NA,204.5
2022,470,45,14,2,1,NA,4601.25
2022,473,NA,15,2,1,NA,33742.5
2022,486,61,12,2,1,1,204.5
2022,487,69,20,2,1,1,57260
2022,493,NA,14,1,1,NA,40900
2022,494,72,16,1,1,1,65439.99999999999
2022,497,56,15,1,NA,2,27607.5
2022,501,70,16,2,1,NA,5623.75
2022,509,43,12,1,1,1,4601.25
2022,518,53,17,1,1,NA,40900
2022,521,65,12,1,1,NA,204.5
2022,531,49,18,2,1,NA,57260
2022,534,23,13,1,2,1,18405
2022,536,NA,19,1,1,NA,NA
2022,538,46,13,2,NA,2,57260
2022,539,54,16,1,1,NA,135195.96431999997
2022,543,NA,12,2,1,NA,NA
2022,545,35,17,2,2,1,57260
2022,552,65,14,2,1,NA,49080
2022,553,72,16,2,1,NA,27607.5
2022,559,74,14,2,1,1,27607.5
2022,561,27,16,2,2,1,8691.25
2022,563,23,16,1,1,NA,40900
2022,565,37,20,1,1,NA,135195.96431999997
2022,569,24,14,1,2,NA,818
2022,580,38,16,1,1,NA,135195.96431999997
2022,588,36,16,1,1,1,135195.96431999997
2022,594,52,18,2,NA,1,57260
2022,600,28,20,1,1,NA,11247.5
2022,616,31,12,2,1,NA,18405
2022,619,78,12,1,1,NA,18405
2022,620,74,19,2,1,NA,49080
2022,621,33,13,1,1,1,57260
2022,628,NA,14,NA,NA,NA,NA
2022,638,52,16,2,2,NA,135195.96431999997
2022,646,74,14,1,NA,NA,11247.5
2022,649,44,18,2,NA,NA,33742.5
2022,650,69,12,2,1,NA,33742.5
2022,656,74,18,2,1,NA,49080
2022,680,52,17,2,1,NA,65439.99999999999
2022,682,33,14,2,1,NA,818
2022,685,23,12,1,2,NA,NA
2022,687,46,14,1,1,NA,135195.96431999997
2022,693,46,16,1,1,1,135195.96431999997
2022,701,35,16,1,1,1,NA
2022,705,68,3,1,NA,2,13292.5
2022,711,57,16,1,NA,NA,135195.96431999997
2022,713,60,15,2,2,NA,65439.99999999999
2022,719,46,13,1,1,1,49080
2022,722,61,16,2,2,NA,27607.5
2022,723,51,16,1,1,1,22495
2022,735,78,15,1,1,NA,6646.25
2022,741,45,14,2,1,NA,15337.499999999998
2022,749,80,16,2,1,2,NA
2022,753,59,18,2,NA,NA,135195.96431999997
2022,755,63,18,2,1,NA,22495
2022,764,22,16,2,1,NA,33742.5
2022,765,32,14,2,1,NA,13292.5
2022,768,49,16,1,NA,NA,135195.96431999997
2022,770,43,12,1,1,NA,65439.99999999999
2022,771,40,20,2,NA,NA,49080
2022,780,69,19,2,1,NA,65439.99999999999
2022,796,73,17,2,NA,NA,18405
2022,801,69,6,1,1,2,22495
2022,802,50,16,1,NA,NA,33742.5
2022,804,77,11,2,NA,NA,818
2022,810,72,18,2,2,1,6646.25
2022,811,20,12,2,1,1,57260
2022,817,70,5,2,NA,2,NA
2022,818,32,12,2,NA,1,1840.4999999999998
2022,819,NA,12,2,1,NA,11247.5
2022,823,66,12,2,2,NA,65439.99999999999
2022,828,67,12,2,NA,NA,22495
2022,834,68,12,2,1,NA,11247.5
2022,835,64,12,2,2,1,8691.25
2022,841,79,14,1,1,NA,22495
2022,845,NA,13,2,2,1,9713.75
2022,854,72,13,1,1,NA,27607.5
2022,868,39,18,2,1,NA,49080
2022,872,68,14,1,1,NA,57260
2022,873,58,16,2,1,NA,135195.96431999997
2022,877,34,16,1,NA,NA,57260
2022,878,34,15,1,1,NA,27607.5
2022,888,63,12,1,2,2,15337.499999999998
2022,891,NA,16,1,1,1,40900
2022,896,NA,18,2,2,NA,33742.5
2022,899,82,13,2,1,NA,11247.5
2022,913,42,16,2,1,1,27607.5
2022,915,45,14,2,1,NA,40900
2022,916,49,14,1,2,NA,13292.5
2022,918,37,11,2,2,NA,15337.499999999998
2022,921,21,15,2,2,NA,NA
2022,923,48,13,2,1,NA,4601.25
2022,937,38,12,2,NA,NA,27607.5
2022,949,39,15,2,NA,NA,2249.5
2022,954,42,16,2,NA,NA,49080
2022,956,34,NA,1,1,NA,33742.5
2022,961,76,18,1,NA,2,15337.499999999998
2022,964,81,20,1,1,NA,135195.96431999997
2022,978,32,10,1,2,1,57260
2022,980,29,9,2,1,1,NA
2022,981,NA,12,1,NA,NA,49080
2022,986,28,14,2,1,NA,22495
2022,987,40,10,2,NA,1,NA
2022,991,79,12,2,2,2,18405
2022,996,23,12,1,1,NA,18405
2022,999,62,12,2,NA,1,15337.499999999998
2022,1005,NA,20,2,1,1,8691.25
2022,1006,46,14,1,2,1,65439.99999999999
2022,1011,69,13,2,1,NA,33742.5
2022,1017,34,13,2,NA,2,27607.5
2022,1022,70,13,2,1,NA,13292.5
2022,1030,60,11,2,1,NA,8691.25
2022,1031,60,12,2,NA,2,15337.499999999998
2022,1032,58,9,2,NA,NA,1431.5
2022,1033,32,16,2,1,NA,1840.4999999999998
2022,1034,76,11,1,2,NA,11247.5
2022,1043,25,17,1,1,NA,27607.5
2022,1045,23,14,2,2,NA,13292.5
2022,1048,31,14,2,2,1,7668.749999999999
2022,1051,59,12,1,1,NA,33742.5
2022,1056,47,16,2,2,NA,27607.5
2022,1059,56,12,2,NA,NA,27607.5
2022,1067,30,16,1,2,NA,8691.25
2022,1069,62,16,2,NA,NA,22495
2022,1074,82,17,1,2,NA,40900
2022,1084,24,16,2,1,NA,27607.5
2022,1088,46,12,1,1,1,13292.5
2022,1092,74,16,1,1,NA,18405
2022,1095,44,18,1,1,NA,65439.99999999999
2022,1096,48,16,1,2,NA,49080
2022,1099,55,18,2,NA,1,135195.96431999997
2022,1113,33,15,2,1,1,15337.499999999998
2022,1121,66,12,2,1,NA,22495
2022,1126,85,20,1,2,2,65439.99999999999
2022,1129,32,20,2,1,NA,49080
2022,1133,40,17,2,1,NA,22495
2022,1143,21,12,2,1,NA,204.5
2022,1145,27,16,1,1,NA,11247.5
2022,1147,21,12,1,1,NA,8691.25
2022,1151,57,12,2,1,NA,9713.75
2022,1153,75,13,1,1,NA,18405
2022,1154,NA,14,2,NA,NA,NA
2022,1155,25,16,1,2,NA,33742.5
2022,1156,65,13,1,1,NA,13292.5
2022,1161,39,13,2,1,NA,NA
2022,1162,89,12,2,1,NA,4601.25
2022,1164,59,14,1,NA,NA,40900
2022,1181,71,12,1,2,1,11247.5
2022,1186,19,12,1,2,NA,9713.75
2022,1191,NA,16,2,NA,2,NA
2022,1193,53,13,1,1,1,4601.25
2022,1194,74,14,1,NA,NA,15337.499999999998
2022,1195,NA,16,1,1,NA,27607.5
2022,1203,NA,12,1,NA,1,3680.9999999999995
2022,1204,NA,13,2,1,NA,13292.5
2022,1210,57,14,1,1,NA,135195.96431999997
2022,1211,79,14,1,1,NA,3680.9999999999995
2022,1220,70,16,2,1,NA,13292.5
2022,1223,69,19,1,2,1,135195.96431999997
2022,1228,28,16,1,1,NA,27607.5
2022,1231,49,16,1,NA,NA,135195.96431999997
2022,1237,32,16,2,NA,1,27607.5
2022,1242,52,14,1,1,NA,22495
2022,1259,36,14,2,NA,1,33742.5
2022,1276,52,16,2,1,NA,65439.99999999999
2022,1283,33,13,2,1,NA,135195.96431999997
2022,1292,73,17,1,2,NA,22495
2022,1295,63,18,2,1,NA,NA
2022,1298,65,10,2,NA,NA,2658.5
2022,1299,33,9,2,1,NA,2658.5
2022,1304,57,14,2,1,NA,22495
2022,1305,36,13,1,NA,NA,40900
2022,1312,33,16,2,NA,NA,33742.5
2022,1321,41,16,1,NA,NA,40900
2022,1328,38,12,1,NA,1,18405
2022,1329,46,16,2,1,NA,135195.96431999997
2022,1335,39,18,2,1,1,135195.96431999997
2022,1341,81,12,2,NA,2,NA
2022,1342,60,13,1,NA,2,135195.96431999997
2022,1343,58,15,1,2,NA,135195.96431999997
2022,1344,57,12,1,2,1,40900
2022,1345,87,9,1,1,NA,NA
2022,1348,58,12,2,1,2,49080
2022,1351,28,20,2,NA,1,49080
2022,1355,NA,12,1,NA,1,40900
2022,1387,67,13,1,1,NA,33742.5
2022,1392,32,14,1,1,NA,33742.5
2022,1393,24,13,2,2,NA,NA
2022,1399,67,13,1,NA,NA,57260
2022,1412,59,16,1,1,NA,135195.96431999997
2022,1414,50,7,1,1,NA,33742.5
2022,1418,60,16,2,NA,1,15337.499999999998
2022,1421,54,12,2,1,1,40900
2022,1422,61,13,2,2,NA,NA
2022,1428,62,14,1,NA,NA,33742.5
2022,1440,73,16,1,1,NA,8691.25
2022,1441,60,8,1,NA,1,11247.5
2022,1451,67,20,2,1,1,33742.5
2022,1452,56,16,1,1,NA,NA
2022,1456,56,13,2,NA,1,9713.75
2022,1463,33,17,2,1,NA,11247.5
2022,1470,36,12,1,NA,NA,40900
2022,1478,68,18,2,1,NA,49080
2022,1480,51,15,1,2,NA,57260
2022,1483,NA,12,2,1,NA,27607.5
2022,1484,67,15,2,1,1,40900
2022,1498,64,12,2,1,NA,27607.5
2022,1517,26,12,1,NA,1,11247.5
2022,1519,27,11,2,NA,NA,NA
2022,1527,39,16,2,1,NA,NA
2022,1537,39,12,2,1,1,22495
2022,1544,NA,13,1,NA,NA,8691.25
2022,1554,26,13,1,NA,1,27607.5
2022,1558,21,14,2,1,NA,135195.96431999997
2022,1565,70,12,1,NA,2,18405
2022,1571,32,12,1,1,1,NA
2022,1572,31,14,2,1,NA,40900
2022,1573,53,14,2,2,NA,22495
2022,1574,70,14,1,2,NA,22495
2022,1578,59,13,2,1,NA,40900
2022,1580,18,12,2,1,NA,135195.96431999997
2022,1581,26,17,2,NA,NA,18405
2022,1584,NA,13,2,NA,1,NA
2022,1588,66,14,1,2,2,40900
2022,1594,NA,12,1,NA,1,NA
2022,1599,NA,12,1,NA,NA,135195.96431999997
2022,1600,51,17,2,1,NA,135195.96431999997
2022,1610,72,12,2,NA,2,NA
2022,1614,51,20,1,2,NA,33742.5
2022,1619,NA,16,1,NA,1,27607.5
2022,1629,67,12,1,NA,NA,40900
2022,1632,44,18,2,1,NA,33742.5
2022,1640,62,12,2,1,2,5623.75
2022,1644,42,20,1,1,1,135195.96431999997
2022,1645,NA,14,1,NA,NA,NA
2022,1647,22,15,1,1,NA,40900
2022,1649,36,18,1,1,NA,33742.5
2022,1653,50,12,1,1,NA,18405
2022,1665,51,12,1,NA,NA,33742.5
2022,1678,37,7,1,NA,1,NA
2022,1680,57,14,1,NA,NA,6646.25
2022,1681,36,12,2,2,1,18405
2022,1684,48,12,2,2,NA,5623.75
2022,1687,77,12,1,NA,NA,15337.499999999998
2022,1694,64,12,1,2,NA,33742.5
2022,1696,65,14,2,1,NA,9713.75
2022,1697,60,12,2,NA,NA,33742.5
2022,1703,43,14,2,1,NA,7668.749999999999
2022,1709,60,15,1,2,NA,6646.25
2022,1713,81,16,1,2,NA,40900
2022,1715,37,14,1,2,1,18405
2022,1717,72,20,2,NA,1,40900
2022,1723,55,15,1,1,NA,5623.75
2022,1729,66,10,1,NA,1,8691.25
2022,1731,64,14,1,NA,NA,40900
2022,1733,34,2,1,1,NA,8691.25
2022,1735,34,14,1,NA,1,40900
2022,1738,44,13,1,2,NA,33742.5
2022,1741,55,13,2,2,NA,NA
2022,1743,54,12,1,NA,NA,22495
2022,1745,59,16,1,NA,1,49080
2022,1747,44,13,2,NA,1,4601.25
2022,1754,38,16,1,NA,1,27607.5
2022,1755,32,16,2,1,2,40900
2022,1756,NA,12,NA,NA,NA,NA
2022,1760,54,16,2,NA,NA,13292.5
2022,1764,56,14,1,1,NA,204.5
2022,1766,46,12,1,1,1,18405
2022,1767,45,12,1,NA,2,22495
2022,1769,43,12,1,2,NA,33742.5
2022,1783,66,12,2,NA,NA,22495
2022,1791,26,12,2,2,NA,5623.75
2022,1797,20,15,2,1,NA,8691.25
2022,1798,31,15,1,NA,NA,7668.749999999999
2022,1805,35,14,1,NA,NA,57260
2022,1806,39,16,2,NA,NA,33742.5
2022,1811,32,18,1,1,NA,6646.25
2022,1814,27,18,1,1,1,40900
2022,1815,NA,12,1,1,1,NA
2022,1819,NA,11,1,1,NA,33742.5
2022,1820,71,16,1,1,NA,49080
2022,1827,20,13,2,1,NA,27607.5
2022,1828,86,12,2,NA,2,11247.5
2022,1833,73,14,1,2,NA,NA
2022,1835,48,16,2,2,NA,40900
2022,1839,68,12,2,1,NA,5623.75
2022,1840,30,16,2,1,1,49080
2022,1842,18,12,1,NA,NA,204.5
2022,1843,39,13,1,2,1,135195.96431999997
2022,1846,78,14,2,2,NA,33742.5
2022,1854,28,17,1,1,NA,57260
2022,1858,65,17,2,1,NA,13292.5
2022,1864,30,16,1,NA,NA,27607.5
2022,1866,60,13,2,1,NA,40900
2022,1869,60,16,1,NA,NA,135195.96431999997
2022,1874,22,16,1,2,NA,NA
2022,1880,34,15,2,NA,NA,18405
2022,1886,55,16,2,1,1,22495
2022,1887,81,16,2,2,NA,27607.5
2022,1888,32,19,1,2,1,57260
2022,1890,42,17,1,1,NA,135195.96431999997
2022,1891,75,16,2,NA,2,NA
2022,1898,20,12,1,2,NA,NA
2022,1899,34,12,2,1,NA,15337.499999999998
2022,1907,31,16,1,2,NA,18405
2022,1908,21,15,2,2,NA,4601.25
2022,1917,67,16,2,2,1,135195.96431999997
2022,1919,50,11,1,2,1,135195.96431999997
2022,1929,60,14,2,2,2,65439.99999999999
2022,1939,24,NA,2,NA,NA,18405
2022,1941,24,16,2,NA,1,15337.499999999998
2022,1953,NA,20,1,NA,NA,NA
2022,1964,62,12,1,NA,1,33742.5
2022,1965,55,14,2,1,NA,6646.25
2022,1981,35,14,2,1,NA,18405
2022,1987,57,10,2,NA,1,13292.5
2022,1994,20,16,1,2,1,2249.5
2022,2011,28,16,1,2,NA,18405
2022,2018,55,14,1,1,1,13292.5
2022,2025,35,18,1,1,NA,65439.99999999999
2022,2028,31,12,1,1,1,3067.5
2022,2031,36,10,2,2,NA,NA
2022,2034,54,18,2,1,NA,40900
2022,2037,47,18,2,NA,NA,40900
2022,2041,78,11,2,1,2,NA
2022,2044,56,16,2,1,1,4601.25
2022,2052,40,14,1,NA,1,22495
2022,2053,29,14,2,1,NA,8691.25
2022,2055,40,17,2,1,NA,40900
2022,2066,38,10,1,NA,NA,5623.75
2022,2074,22,14,2,1,NA,NA
2022,2076,32,10,2,NA,NA,22495
2022,2083,NA,12,1,NA,1,22495
2022,2084,79,10,2,1,2,NA
2022,2085,33,12,2,1,NA,40900
2022,2087,31,12,1,2,NA,11247.5
2022,2091,49,12,2,1,NA,40900
2022,2095,37,18,2,1,NA,40900
2022,2097,49,12,1,NA,NA,33742.5
2022,2099,60,16,2,NA,1,18405
2022,2106,NA,18,2,NA,1,49080
2022,2112,55,12,1,2,NA,57260
2022,2117,70,12,2,1,NA,18405
2022,2119,25,16,2,1,NA,135195.96431999997
2022,2123,70,14,2,1,NA,NA
2022,2124,NA,20,2,1,NA,135195.96431999997
2022,2126,68,18,1,1,NA,49080
2022,2133,19,13,1,2,NA,22495
2022,2143,68,16,2,1,NA,57260
2022,2151,66,10,2,NA,2,NA
2022,2152,81,12,1,2,2,NA
2022,2161,NA,16,2,1,NA,NA
2022,2165,83,16,1,1,NA,33742.5
2022,2170,41,16,1,NA,NA,22495
2022,2176,22,16,2,1,NA,3680.9999999999995
2022,2179,66,13,1,1,NA,33742.5
2022,2181,30,12,1,1,NA,4601.25
2022,2183,33,12,2,2,NA,9713.75
2022,2187,56,15,2,NA,NA,40900
2022,2191,41,18,1,2,NA,57260
2022,2192,62,16,2,2,NA,33742.5
2022,2199,75,12,1,1,2,11247.5
2022,2205,NA,14,1,NA,NA,18405
2022,2206,19,12,1,1,1,49080
2022,2211,38,9,2,NA,1,15337.499999999998
2022,2212,78,12,2,1,2,22495
2022,2213,NA,18,2,1,NA,NA
2022,2218,58,17,2,2,NA,27607.5
2022,2221,61,18,2,NA,NA,135195.96431999997
2022,2226,38,17,1,1,NA,135195.96431999997
2022,2229,41,11,1,NA,NA,22495
2022,2231,25,12,1,NA,NA,9713.75
2022,2234,44,13,2,1,NA,9713.75
2022,2236,68,12,2,1,NA,33742.5
2022,2238,27,12,2,2,NA,NA
2022,2242,72,12,2,NA,NA,NA
2022,2245,65,20,2,1,NA,NA
2022,2250,51,14,1,NA,NA,135195.96431999997
2022,2252,55,11,1,1,NA,8691.25
2022,2254,61,12,1,1,2,6646.25
2022,2267,24,14,2,2,NA,NA
2022,2270,63,12,2,1,NA,NA
2022,2272,68,14,1,NA,1,8691.25
2022,2279,62,11,2,2,NA,11247.5
2022,2286,20,12,1,1,NA,22495
2022,2287,38,16,2,1,NA,33742.5
2022,2288,52,16,2,1,NA,27607.5
2022,2289,37,14,1,2,NA,65439.99999999999
2022,2295,68,12,2,1,NA,2658.5
2022,2296,35,14,2,NA,1,18405
2022,2297,68,14,2,NA,NA,18405
2022,2326,38,12,1,2,NA,33742.5
2022,2330,36,12,2,NA,NA,4601.25
2022,2335,65,16,1,1,NA,11247.5
2022,2338,25,15,1,2,NA,NA
2022,2351,28,14,2,NA,NA,NA
2022,2352,66,12,2,1,1,6646.25
2022,2355,38,16,1,NA,1,65439.99999999999
2022,2362,30,12,1,NA,NA,3680.9999999999995
2022,2366,75,14,1,2,NA,27607.5
2022,2370,64,16,2,NA,NA,22495
2022,2378,53,8,2,1,NA,65439.99999999999
2022,2381,58,18,1,1,NA,22495
2022,2388,65,19,2,1,NA,65439.99999999999
2022,2396,59,14,2,NA,1,13292.5
2022,2398,NA,14,1,NA,NA,135195.96431999997
2022,2400,58,12,1,NA,NA,40900
2022,2407,NA,16,1,NA,2,NA
2022,2409,22,15,1,2,NA,33742.5
2022,2431,42,14,1,1,NA,8691.25
2022,2432,60,11,2,2,NA,818
2022,2435,36,16,2,2,NA,22495
2022,2439,38,13,2,1,NA,9713.75
2022,2440,29,12,2,1,NA,2249.5
2022,2444,NA,12,1,NA,NA,40900
2022,2455,59,14,2,1,2,6646.25
2022,2458,30,14,2,1,NA,22495
2022,2466,68,13,2,2,1,33742.5
2022,2474,83,14,2,NA,1,49080
2022,2477,77,12,2,1,2,7668.749999999999
2022,2479,23,12,2,NA,NA,818
2022,2504,77,10,1,1,NA,5623.75
2022,2508,73,12,2,2,2,3067.5
2022,2526,21,13,1,2,1,13292.5
2022,2531,22,12,1,2,NA,27607.5
2022,2537,70,13,2,1,NA,57260
2022,2539,36,18,1,2,NA,18405
2022,2557,46,16,1,2,1,135195.96431999997
2022,2559,68,10,1,NA,NA,6646.25
2022,2563,27,10,2,NA,1,15337.499999999998
2022,2564,38,18,2,1,NA,40900
2022,2566,47,12,2,2,NA,NA
2022,2582,80,12,2,NA,2,40900
2022,2592,74,14,2,1,NA,49080
2022,2593,72,12,1,1,2,15337.499999999998
2022,2599,63,15,1,2,NA,NA
2022,2608,64,12,1,1,NA,4601.25
2022,2612,83,12,2,2,NA,9713.75
2022,2617,68,12,2,NA,NA,204.5
2022,2623,23,12,2,1,NA,NA
2022,2630,21,12,1,NA,1,13292.5
2022,2634,30,12,2,NA,NA,4601.25
2022,2642,43,15,1,1,NA,135195.96431999997
2022,2650,35,18,1,1,NA,57260
2022,2659,45,16,1,NA,1,NA
2022,2666,21,15,1,1,NA,9713.75
2022,2670,77,16,1,1,NA,135195.96431999997
2022,2671,54,19,1,1,NA,135195.96431999997
2022,2674,62,12,2,NA,NA,15337.499999999998
2022,2690,42,15,2,NA,1,15337.499999999998
2022,2700,23,10,1,1,NA,8691.25
2022,2704,34,14,2,1,NA,27607.5
2022,2712,51,16,2,1,NA,9713.75
2022,2723,79,10,1,NA,1,135195.96431999997
2022,2725,70,14,2,1,NA,NA
2022,2728,60,11,2,1,1,65439.99999999999
2022,2730,20,12,1,NA,NA,NA
2022,2735,77,11,1,2,2,22495
2022,2738,40,16,1,2,NA,NA
2022,2742,49,16,2,NA,NA,27607.5
2022,2743,57,11,1,1,NA,27607.5
2022,2748,71,12,1,NA,2,15337.499999999998
2022,2751,58,16,2,1,NA,3680.9999999999995
2022,2764,61,12,1,NA,NA,9713.75
2022,2766,86,12,2,NA,2,13292.5
2022,2772,41,12,2,NA,2,15337.499999999998
2022,2775,30,12,1,2,NA,22495
2022,2778,29,12,1,2,NA,27607.5
2022,2787,48,17,2,2,NA,NA
2022,2797,30,12,1,NA,NA,33742.5
2022,2798,60,12,2,1,NA,4601.25
2022,2801,NA,12,2,1,NA,NA
2022,2804,41,14,1,2,NA,33742.5
2022,2806,69,16,1,1,NA,27607.5
2022,2809,54,12,2,2,2,11247.5
2022,2811,40,18,2,NA,NA,135195.96431999997
2022,2814,33,16,1,1,NA,33742.5
2022,2817,52,14,2,NA,1,33742.5
2022,2822,46,14,2,1,NA,40900
2022,2826,NA,12,2,NA,NA,65439.99999999999
2022,2842,33,14,1,2,1,3067.5
2022,2846,72,15,1,2,NA,49080
2022,2853,61,19,2,1,NA,49080
2022,2856,32,12,2,1,NA,33742.5
2022,2863,61,10,2,2,2,4601.25
2022,2867,26,15,1,NA,1,15337.499999999998
2022,2868,47,11,1,2,NA,33742.5
2022,2872,54,12,2,2,NA,33742.5
2022,2880,57,12,1,2,NA,NA
2022,2882,30,13,2,NA,NA,57260
2022,2893,64,16,2,1,NA,18405
2022,2903,26,12,2,2,NA,NA
2022,2913,34,12,2,1,NA,15337.499999999998
2022,2927,84,19,1,2,NA,22495
2022,2939,72,11,1,NA,2,6646.25
2022,2940,30,14,1,NA,1,13292.5
2022,2941,30,12,1,2,NA,7668.749999999999
2022,2944,69,12,1,2,NA,27607.5
2022,2946,26,12,2,NA,1,18405
2022,2953,42,12,1,2,1,13292.5
2022,2969,75,12,1,1,NA,49080
2022,2971,66,16,2,1,NA,NA
2022,2973,29,16,2,1,1,57260
2022,2982,83,18,1,NA,2,15337.499999999998
2022,2983,21,15,1,1,NA,135195.96431999997
2022,2986,32,16,1,1,NA,49080
2022,2994,25,12,2,NA,NA,15337.499999999998
2022,2997,27,12,1,2,NA,818
2022,3002,41,14,2,NA,NA,27607.5
2022,3006,31,12,2,NA,1,18405
2022,3013,57,12,2,1,NA,27607.5
2022,3014,20,15,1,NA,NA,11247.5
2022,3015,20,12,1,1,NA,13292.5
2022,3017,26,17,2,1,1,NA
2022,3029,45,9,2,1,NA,11247.5
2022,3030,28,12,1,NA,NA,40900
2022,3033,47,13,1,1,1,18405
2022,3036,40,10,1,NA,NA,NA
2022,3038,27,14,2,NA,NA,22495
2022,3049,34,11,2,NA,1,5623.75
2022,3050,36,13,1,NA,NA,13292.5
2022,3052,73,13,1,1,NA,4601.25
2022,3060,20,15,1,2,NA,5623.75
2022,3066,58,10,2,NA,1,3680.9999999999995
2022,3069,62,17,1,1,NA,27607.5
2022,3080,NA,18,2,1,1,33742.5
2022,3089,68,16,2,1,NA,57260
2022,3098,24,14,1,2,NA,8691.25
2022,3100,75,17,1,1,2,13292.5
2022,3104,52,18,2,1,NA,65439.99999999999
2022,3110,25,12,1,NA,1,15337.499999999998
2022,3114,44,14,1,2,NA,NA
2022,3116,33,19,2,NA,NA,27607.5
2022,3123,20,16,2,2,1,22495
2022,3131,23,16,1,1,NA,4601.25
2022,3138,72,12,2,1,1,27607.5
2022,3140,50,18,1,1,NA,135195.96431999997
2022,3145,65,14,2,1,NA,27607.5
2022,3150,63,10,2,NA,1,9713.75
2022,3153,63,17,2,1,NA,33742.5
2022,3161,NA,8,1,NA,1,15337.499999999998
2022,3171,18,10,2,1,NA,18405
2022,3176,43,14,2,1,NA,22495
2022,3180,34,15,1,NA,NA,5623.75
2022,3182,42,13,1,2,1,65439.99999999999
2022,3197,NA,18,1,NA,2,NA
2022,3199,NA,12,2,NA,1,NA
2022,3201,89,12,2,1,1,NA
2022,3203,36,16,2,NA,1,135195.96431999997
2022,3206,39,14,1,NA,NA,15337.499999999998
2022,3211,45,17,1,1,NA,135195.96431999997
2022,3213,NA,12,2,NA,1,4601.25
2022,3214,32,13,1,NA,1,27607.5
2022,3222,69,12,2,2,NA,49080
2022,3227,44,17,2,1,NA,40900
2022,3232,60,20,1,1,NA,49080
2022,3241,65,16,2,1,NA,18405
2022,3244,57,19,1,1,NA,135195.96431999997
2022,3254,42,17,2,1,NA,NA
2022,3255,64,12,2,2,1,13292.5
2022,3260,46,12,2,NA,NA,9713.75
2022,3271,28,8,2,1,NA,18405
2022,3278,74,18,1,2,NA,33742.5
2022,3280,70,20,1,1,NA,22495
2022,3287,26,12,1,NA,NA,22495
2022,3290,24,10,1,2,NA,13292.5
2022,3300,28,16,2,1,NA,40900
2022,3301,23,15,1,2,NA,11247.5
2022,3303,51,12,2,1,1,9713.75
2022,3309,44,20,2,NA,NA,49080
2022,3311,48,16,1,2,1,65439.99999999999
2022,3314,45,20,2,2,1,49080
2022,3322,66,12,1,NA,2,NA
2022,3330,69,16,2,1,NA,18405
2022,3332,70,14,1,1,1,9713.75
2022,3336,61,13,2,NA,NA,27607.5
2022,3341,56,16,1,NA,1,135195.96431999997
2022,3343,65,12,1,1,NA,13292.5
2022,3348,60,13,1,1,NA,22495
2022,3354,71,16,2,1,NA,15337.499999999998
2022,3367,35,17,1,1,NA,NA
2022,3373,46,16,2,2,NA,135195.96431999997
2022,3377,53,14,2,1,NA,13292.5
2022,3383,69,16,1,1,NA,27607.5
2022,3384,27,14,1,2,2,33742.5
2022,3386,67,12,2,1,1,27607.5
2022,3388,74,16,1,1,NA,11247.5
2022,3410,69,11,2,2,NA,9713.75
2022,3413,33,15,1,2,NA,49080
2022,3416,68,13,2,1,1,3680.9999999999995
2022,3424,NA,12,2,2,1,NA
2022,3425,NA,NA,2,NA,2,NA
2022,3432,60,12,2,2,NA,5623.75
2022,3440,54,12,1,2,NA,57260
2022,3441,51,11,2,NA,1,3680.9999999999995
2022,3445,56,11,2,NA,NA,NA
2022,3452,33,19,2,1,2,49080
2022,3457,33,14,2,1,NA,27607.5
2022,3471,74,12,2,NA,1,27607.5
2022,3473,59,5,2,1,NA,15337.499999999998
2022,3475,24,12,2,2,NA,5623.75
2022,3479,73,14,1,2,NA,22495
2022,3483,69,12,2,1,NA,818
2022,3485,41,14,1,NA,NA,11247.5
2022,3488,31,16,1,1,NA,40900
2022,3492,54,20,1,2,NA,9713.75
2022,3496,81,12,2,2,2,NA
2022,3497,25,12,2,2,NA,22495
2022,3499,29,14,1,2,NA,57260
2022,3500,66,12,1,1,NA,27607.5
2022,3503,31,12,1,2,1,13292.5
2022,3508,80,14,1,1,NA,18405
2022,3512,27,18,1,1,NA,18405
2022,3521,58,12,1,1,NA,27607.5
2022,3532,61,16,1,1,2,22495
2022,3534,49,16,1,1,NA,18405
2022,3537,66,17,1,1,NA,18405
2022,3542,29,19,2,2,NA,27607.5
2022,3545,50,20,1,NA,1,40900
2024,3,69,14,2,1,NA,43560
2024,7,48,13,2,NA,NA,117564.76281
2024,8,30,14,2,2,1,3267
2024,10,25,12,1,1,NA,NA
2024,11,23,18,2,NA,NA,43560
2024,19,63,11,2,NA,NA,43560
2024,25,58,14,1,NA,2,58080
2024,31,55,13,2,2,NA,NA
2024,35,71,12,2,2,NA,16335
2024,38,57,11,2,1,1,11797.5
2024,39,37,16,2,NA,NA,43560
2024,42,65,12,1,1,2,19965
2024,45,58,17,1,1,NA,58080
2024,48,57,16,1,1,2,117564.76281
2024,61,57,18,2,NA,NA,117564.76281
2024,62,26,16,1,1,NA,117564.76281
2024,69,23,15,1,NA,NA,NA
2024,71,41,17,2,NA,NA,24502.5
2024,73,32,16,1,1,NA,1270.5
2024,75,54,12,1,NA,NA,19965
2024,77,28,16,2,1,NA,117564.76281
2024,78,46,16,2,NA,1,117564.76281
2024,86,62,14,2,1,1,24502.5
2024,88,50,12,2,1,NA,19965
2024,99,54,12,1,1,1,36300
2024,102,54,16,2,1,NA,43560
2024,104,60,18,1,NA,2,NA
2024,116,43,13,2,2,NA,4991.25
2024,121,60,12,2,NA,1,NA
2024,122,22,NA,1,2,NA,181.5
2024,123,44,10,1,NA,1,181.5
2024,128,48,11,2,1,1,4083.75
2024,131,70,17,2,NA,NA,NA
2024,141,56,16,2,NA,NA,NA
2024,145,60,16,2,1,NA,16335
2024,158,64,19,2,NA,NA,50820
2024,172,55,16,1,1,NA,11797.5
2024,173,69,4,2,1,NA,NA
2024,175,38,14,2,NA,2,117564.76281
2024,180,64,15,2,NA,1,11797.5
2024,185,66,18,1,1,NA,24502.5
2024,195,32,16,1,1,NA,29947.5
2024,206,NA,1,1,NA,2,NA
2024,209,58,17,2,1,NA,11797.5
2024,213,39,16,1,1,1,36300
2024,214,19,13,1,1,NA,1270.5
2024,220,48,16,2,2,1,29947.5
2024,228,39,12,1,1,2,43560
2024,232,72,14,1,1,NA,6806.25
2024,241,49,12,2,NA,NA,36300
2024,258,69,14,2,1,NA,16335
2024,261,58,14,1,1,NA,36300
2024,263,66,16,1,1,NA,24502.5
2024,264,22,10,2,NA,2,1270.5
2024,273,37,17,2,1,NA,29947.5
2024,276,39,10,2,NA,2,5898.75
2024,281,82,15,2,1,1,36300
2024,282,68,14,2,NA,1,36300
2024,284,89,16,2,NA,NA,36300
2024,293,39,16,1,1,NA,117564.76281
2024,295,35,15,2,1,NA,29947.5
2024,300,47,17,1,1,NA,43560
2024,303,63,17,1,1,1,4991.25
2024,308,36,15,1,1,NA,19965
2024,320,33,16,1,NA,NA,19965
2024,323,38,12,1,1,NA,36300
2024,332,27,12,2,2,NA,6806.25
2024,344,NA,19,2,2,NA,117564.76281
2024,348,38,15,2,NA,NA,4083.75
2024,359,71,16,1,NA,1,19965
2024,361,19,14,1,2,NA,58080
2024,367,55,15,2,NA,2,36300
2024,376,NA,14,2,1,2,NA
2024,379,47,12,2,2,NA,11797.5
2024,385,35,16,1,NA,1,36300
2024,388,78,11,2,2,NA,4083.75
2024,389,74,12,2,NA,NA,4083.75
2024,417,61,12,1,1,NA,NA
2024,418,43,17,2,NA,2,117564.76281
2024,435,45,14,1,1,NA,117564.76281
2024,438,60,17,1,1,NA,117564.76281
2024,440,70,12,2,1,NA,36300
2024,447,66,16,2,1,NA,24502.5
2024,455,22,16,2,2,NA,3267
2024,462,33,17,1,1,1,11797.5
2024,468,52,16,2,NA,NA,117564.76281
2024,473,36,12,1,NA,NA,24502.5
2024,474,20,12,2,2,NA,11797.5
2024,484,47,16,1,1,NA,50820
2024,485,23,12,1,NA,NA,16335
2024,488,41,16,1,1,1,58080
2024,493,36,14,1,1,NA,19965
2024,495,25,12,2,2,NA,24502.5
2024,496,66,17,1,1,NA,117564.76281
2024,497,45,18,2,NA,NA,117564.76281
2024,500,44,16,2,1,2,29947.5
2024,503,30,10,2,2,1,181.5
2024,509,NA,13,1,2,NA,NA
2024,515,52,13,1,1,NA,181.5
2024,517,71,16,1,NA,NA,4083.75
2024,519,41,16,2,1,NA,43560
2024,523,NA,NA,2,1,NA,NA
2024,527,60,16,2,1,NA,24502.5
2024,528,56,16,1,1,2,19965
2024,531,75,12,1,2,NA,117564.76281
2024,532,32,17,1,1,NA,29947.5
2024,533,44,16,2,1,NA,11797.5
2024,538,30,16,2,NA,NA,43560
2024,541,28,16,1,1,NA,58080
2024,543,47,18,1,NA,2,NA
2024,553,59,16,2,1,NA,43560
2024,562,55,16,2,NA,NA,50820
2024,563,41,12,1,1,NA,9982.5
2024,566,21,13,2,1,NA,726
2024,570,30,7,2,1,NA,181.5
2024,572,21,12,1,2,NA,NA
2024,578,42,15,2,1,NA,19965
2024,581,49,13,2,NA,1,11797.5
2024,582,24,12,1,1,NA,36300
2024,589,32,13,2,1,NA,29947.5
2024,591,32,12,2,NA,NA,9982.5
2024,592,43,12,2,2,NA,NA
2024,595,77,8,1,NA,1,726
2024,601,56,11,1,2,1,4991.25
2024,613,65,15,2,1,1,16335
2024,623,74,17,1,NA,1,NA
2024,631,31,16,1,1,NA,19965
2024,634,73,18,1,1,NA,36300
2024,636,26,16,2,1,NA,13612.5
2024,637,64,18,2,NA,NA,19965
2024,642,65,18,2,NA,NA,29947.5
2024,648,NA,NA,2,2,NA,NA
2024,649,46,12,2,2,NA,24502.5
2024,653,75,2,1,2,2,11797.5
2024,655,36,16,2,1,NA,19965
2024,665,66,14,2,1,NA,16335
2024,671,60,16,1,1,NA,58080
2024,672,56,15,2,2,NA,7713.75
2024,676,67,16,1,1,NA,NA
2024,690,37,18,1,1,NA,36300
2024,692,25,13,2,NA,2,43560
2024,698,64,12,1,1,NA,29947.5
2024,702,51,11,1,2,2,24502.5
2024,704,23,12,2,1,NA,13612.5
2024,717,45,14,2,1,NA,117564.76281
2024,718,33,12,2,1,NA,181.5
2024,721,30,13,1,1,1,19965
2024,722,40,12,2,1,NA,19965
2024,726,62,15,1,1,NA,16335
2024,732,59,16,2,1,NA,13612.5
2024,735,24,14,1,NA,NA,13612.5
2024,741,71,8,1,2,NA,NA
2024,751,67,18,2,1,1,24502.5
2024,755,47,12,2,2,1,29947.5
2024,765,89,12,2,1,NA,58080
2024,770,55,14,2,1,NA,16335
2024,776,19,13,1,1,NA,726
2024,790,51,16,2,NA,NA,24502.5
2024,791,38,18,1,NA,NA,43560
2024,806,78,14,2,1,NA,43560
2024,820,18,12,2,NA,1,16335
2024,822,58,16,2,1,2,24502.5
2024,826,32,12,1,2,NA,24502.5
2024,829,26,15,2,1,NA,4991.25
2024,830,59,3,2,NA,NA,24502.5
2024,837,64,12,1,1,NA,726
2024,838,20,14,1,1,NA,NA
2024,845,77,20,1,1,NA,117564.76281
2024,856,70,6,2,2,NA,NA
2024,857,27,18,1,1,NA,29947.5
2024,859,69,12,2,1,NA,117564.76281
2024,867,74,17,1,NA,NA,NA
2024,872,76,14,2,1,NA,4991.25
2024,887,31,17,1,1,NA,50820
2024,890,36,12,2,NA,1,16335
2024,891,33,13,1,1,NA,16335
2024,895,79,18,1,1,1,4991.25
2024,899,75,17,1,1,NA,11797.5
2024,901,20,9,2,NA,1,7713.75
2024,902,35,13,1,1,NA,19965
2024,919,64,16,1,2,NA,43560
2024,921,65,18,2,1,NA,117564.76281
2024,923,29,14,1,1,NA,50820
2024,925,70,20,2,1,NA,24502.5
2024,936,36,20,2,2,1,19965
2024,946,76,14,2,1,NA,24502.5
2024,947,71,18,1,1,NA,117564.76281
2024,952,50,20,2,NA,NA,43560
2024,955,63,16,1,NA,1,29947.5
2024,968,55,18,2,NA,NA,NA
2024,974,37,13,2,NA,NA,29947.5
2024,983,82,12,2,2,2,6806.25
2024,992,31,16,1,1,NA,50820
2024,996,43,18,2,1,NA,16335
2024,997,22,16,2,1,NA,36300
2024,999,78,14,1,1,1,29947.5
2024,1000,46,18,1,2,NA,58080
2024,1005,46,14,1,NA,1,19965
2024,1007,46,16,1,1,NA,117564.76281
2024,1020,48,17,2,1,NA,4083.75
2024,1025,56,11,1,NA,NA,24502.5
2024,1035,28,17,2,2,NA,36300
2024,1046,45,12,1,1,NA,19965
2024,1056,46,9,1,NA,1,29947.5
2024,1069,33,16,1,1,NA,16335
2024,1081,46,14,2,1,2,117564.76281
2024,1082,35,18,1,1,NA,117564.76281
2024,1088,20,12,1,1,NA,36300
2024,1091,46,18,2,NA,NA,117564.76281
2024,1094,60,16,1,NA,1,58080
2024,1096,50,8,1,2,1,36300
2024,1101,44,12,1,2,NA,29947.5
2024,1106,43,13,1,NA,1,36300
2024,1109,77,15,1,2,NA,24502.5
2024,1110,59,12,2,NA,1,5898.75
2024,1123,38,16,2,1,NA,24502.5
2024,1124,47,16,2,NA,NA,19965
2024,1129,48,18,2,NA,NA,43560
2024,1132,29,15,1,NA,NA,29947.5
2024,1134,33,16,1,2,NA,36300
2024,1135,59,14,2,2,NA,1996.5
2024,1138,47,20,1,1,NA,117564.76281
2024,1141,52,12,1,NA,1,24502.5
2024,1143,30,12,1,NA,NA,11797.5
2024,1144,31,14,2,NA,1,24502.5
2024,1145,68,16,1,NA,NA,5898.75
2024,1158,73,13,1,NA,NA,11797.5
2024,1163,34,17,2,1,NA,117564.76281
2024,1166,50,16,2,NA,1,117564.76281
2024,1174,36,14,2,1,NA,NA
2024,1178,33,15,1,2,NA,58080
2024,1188,66,14,1,1,2,50820
2024,1191,60,18,2,1,NA,11797.5
2024,1194,38,14,2,1,NA,50820
2024,1195,53,19,1,1,NA,36300
2024,1210,18,12,2,NA,1,117564.76281
2024,1221,70,12,1,1,NA,NA
2024,1222,33,16,2,NA,NA,13612.5
2024,1224,73,14,1,1,NA,11797.5
2024,1227,76,20,1,NA,NA,117564.76281
2024,1233,85,13,1,1,NA,24502.5
2024,1240,33,17,1,1,NA,117564.76281
2024,1241,55,16,2,1,NA,43560
2024,1243,44,19,2,2,NA,117564.76281
2024,1245,70,18,1,1,NA,19965
2024,1246,39,16,1,1,2,117564.76281
2024,1258,36,14,1,1,NA,36300
2024,1266,23,16,1,1,NA,13612.5
2024,1267,78,16,1,2,NA,24502.5
2024,1270,39,17,1,1,NA,19965
2024,1280,33,16,2,NA,NA,117564.76281
2024,1282,31,9,2,1,2,3267
2024,1283,71,4,2,1,NA,181.5
2024,1287,64,16,2,1,NA,50820
2024,1289,37,16,2,2,NA,50820
2024,1292,33,16,2,1,NA,36300
2024,1295,75,17,2,2,NA,11797.5
2024,1298,37,17,1,NA,NA,36300
2024,1303,NA,16,1,NA,NA,NA
2024,1304,20,15,2,1,NA,NA
2024,1315,45,16,2,1,NA,181.5
2024,1323,79,12,1,1,NA,7713.75
2024,1328,58,18,2,NA,NA,19965
2024,1337,60,14,1,1,NA,13612.5
2024,1338,80,12,2,1,NA,24502.5
2024,1344,67,14,2,2,NA,24502.5
2024,1345,76,16,2,2,NA,36300
2024,1346,27,12,1,NA,NA,50820
2024,1348,53,17,1,NA,NA,117564.76281
2024,1352,47,16,2,1,NA,4083.75
2024,1353,36,14,2,NA,NA,43560
2024,1356,72,14,1,1,NA,19965
2024,1359,27,14,1,NA,1,36300
2024,1363,32,16,1,1,NA,117564.76281
2024,1370,89,12,2,1,NA,16335
2024,1372,45,13,2,NA,NA,11797.5
2024,1374,58,14,2,1,NA,29947.5
2024,1378,68,12,1,1,1,29947.5
2024,1383,75,12,2,1,NA,36300
2024,1389,48,5,1,2,NA,1270.5
2024,1391,59,14,2,NA,1,50820
2024,1392,80,14,2,1,1,19965
2024,1395,59,14,2,1,NA,29947.5
2024,1400,35,18,1,2,NA,58080
2024,1405,49,15,2,1,NA,726
2024,1422,66,7,1,1,2,4991.25
2024,1432,68,16,2,1,NA,29947.5
2024,1435,48,8,1,NA,NA,36300
2024,1438,66,12,2,1,2,4083.75
2024,1439,25,12,1,1,NA,16335
2024,1449,85,12,1,NA,1,13612.5
2024,1457,74,12,2,2,1,6806.25
2024,1463,69,16,2,NA,NA,117564.76281
2024,1466,41,12,2,1,NA,29947.5
2024,1484,NA,NA,NA,2,NA,NA
2024,1487,80,17,1,NA,NA,19965
2024,1495,36,14,1,2,NA,24502.5
2024,1502,41,15,2,NA,NA,19965
2024,1506,52,12,1,1,1,NA
2024,1515,72,10,1,1,NA,9982.5
2024,1516,NA,20,2,NA,1,NA
2024,1522,50,14,2,1,1,24502.5
2024,1534,66,14,1,1,1,19965
2024,1543,71,15,2,1,NA,19965
2024,1548,73,18,1,2,NA,24502.5
2024,1553,39,20,2,1,NA,117564.76281
2024,1554,25,13,1,NA,NA,11797.5
2024,1558,34,11,NA,2,NA,726
2024,1566,49,17,1,2,NA,19965
2024,1571,27,12,1,NA,1,29947.5
2024,1582,69,14,2,1,NA,36300
2024,1583,52,16,2,1,NA,117564.76281
2024,1585,68,18,2,1,NA,58080
2024,1593,53,14,2,1,NA,16335
2024,1594,65,16,2,2,NA,NA
2024,1597,56,16,1,1,1,36300
2024,1598,36,14,2,NA,NA,13612.5
2024,1599,24,15,1,1,NA,11797.5
2024,1603,43,14,2,NA,NA,58080
2024,1605,44,14,1,1,NA,50820
2024,1610,48,14,2,1,NA,24502.5
2024,1615,57,20,2,1,NA,13612.5
2024,1619,40,15,2,1,NA,36300
2024,1638,72,9,1,2,NA,5898.75
2024,1650,22,12,1,NA,NA,24502.5
2024,1653,80,11,2,NA,2,2722.5
2024,1665,70,13,1,1,NA,50820
2024,1673,56,16,1,2,NA,117564.76281
2024,1676,40,15,2,1,NA,16335
2024,1683,71,13,1,1,NA,7713.75
2024,1691,51,12,1,1,1,43560
2024,1692,69,12,1,1,1,36300
2024,1695,30,17,2,1,NA,24502.5
2024,1696,36,20,1,1,NA,117564.76281
2024,1697,77,16,1,2,NA,117564.76281
2024,1701,49,18,1,1,NA,117564.76281
2024,1712,43,10,2,1,NA,5898.75
2024,1714,42,3,2,NA,NA,NA
2024,1716,64,12,2,1,NA,11797.5
2024,1721,47,14,1,1,NA,13612.5
2024,1727,NA,NA,1,2,NA,NA
2024,1733,71,15,2,1,NA,8621.25
2024,1734,68,13,2,1,2,4991.25
2024,1749,34,17,1,1,1,36300
2024,1751,54,18,1,1,NA,117564.76281
2024,1752,39,17,2,NA,NA,117564.76281
2024,1755,34,15,2,NA,1,NA
2024,1756,19,12,2,1,1,NA
2024,1757,60,14,2,1,NA,4991.25
2024,1764,41,18,2,2,NA,NA
2024,1773,42,12,1,2,NA,36300
2024,1776,26,13,1,NA,1,8621.25
2024,1780,66,12,2,NA,NA,726
2024,1782,67,11,2,1,NA,19965
2024,1786,73,19,1,NA,NA,NA
2024,1787,20,14,1,2,1,NA
2024,1794,79,12,2,2,NA,NA
2024,1800,88,12,1,NA,NA,36300
2024,1804,37,17,2,1,NA,36300
2024,1809,30,12,2,NA,1,16335
2024,1815,40,14,1,NA,NA,29947.5
2024,1820,19,14,1,2,NA,13612.5
2024,1822,45,16,1,1,NA,19965
2024,1823,50,12,2,NA,1,36300
2024,1828,24,11,2,2,NA,11797.5
2024,1836,50,12,2,NA,2,16335
2024,1837,71,14,2,1,NA,4083.75
2024,1857,68,16,2,2,NA,24502.5
2024,1863,25,14,1,2,NA,16335
2024,1865,19,12,1,1,NA,117564.76281
2024,1867,67,14,2,1,NA,117564.76281
2024,1876,68,13,2,NA,1,16335
2024,1882,39,12,2,1,NA,13612.5
2024,1886,45,17,1,NA,NA,NA
2024,1889,23,12,1,1,NA,8621.25
2024,1892,59,16,2,1,NA,50820
2024,1893,46,12,1,2,1,29947.5
2024,1901,28,18,2,NA,NA,29947.5
2024,1906,47,15,2,1,1,19965
2024,1909,36,20,2,NA,1,19965
2024,1911,34,7,2,1,NA,19965
2024,1923,26,12,1,NA,NA,181.5
2024,1932,36,12,2,2,1,11797.5
2024,1935,39,12,2,NA,NA,50820
2024,1949,65,13,1,NA,NA,24502.5
2024,1952,47,12,1,NA,NA,58080
2024,1954,33,12,2,1,NA,2722.5
2024,1960,63,15,2,1,NA,24502.5
2024,1961,48,13,2,NA,NA,50820
2024,1969,62,19,2,NA,NA,9982.5
2024,1970,46,14,1,NA,1,36300
2024,1971,52,17,2,NA,NA,29947.5
2024,1974,38,12,1,NA,NA,2722.5
2024,1976,64,17,2,1,NA,19965
2024,1982,42,12,2,1,NA,24502.5
2024,1990,62,12,2,2,NA,2722.5
2024,1991,52,13,2,1,NA,29947.5
2024,1998,32,18,2,2,NA,24502.5
2024,2001,66,12,2,1,NA,NA
2024,2002,62,16,1,2,NA,24502.5
2024,2006,20,14,1,1,NA,43560
2024,2017,35,17,2,NA,NA,29947.5
2024,2025,47,12,1,2,NA,58080
2024,2028,66,12,2,1,NA,36300
2024,2032,18,12,1,2,NA,NA
2024,2034,82,14,1,1,NA,24502.5
2024,2036,46,13,1,2,NA,11797.5
2024,2038,74,12,2,NA,NA,19965
2024,2044,25,12,1,2,NA,NA
2024,2051,58,12,2,1,1,16335
2024,2054,55,16,2,2,NA,19965
2024,2064,45,10,2,1,1,5898.75
2024,2067,58,14,2,1,NA,1633.5
2024,2070,38,8,2,1,1,NA
2024,2073,52,16,2,1,NA,50820
2024,2078,63,12,2,NA,1,5898.75
2024,2080,68,18,1,NA,1,36300
2024,2085,56,13,1,1,NA,16335
2024,2090,27,18,2,1,2,29947.5
2024,2092,67,17,2,NA,2,50820
2024,2094,78,19,2,1,NA,43560
2024,2095,77,20,1,1,NA,117564.76281
2024,2099,48,12,2,1,NA,29947.5
2024,2100,70,14,2,2,NA,19965
2024,2103,89,16,1,2,NA,19965
2024,2104,64,19,1,NA,NA,36300
2024,2105,53,12,1,NA,NA,43560
2024,2107,70,20,2,NA,NA,11797.5
2024,2109,43,18,1,NA,NA,117564.76281
2024,2110,57,12,2,2,NA,29947.5
2024,2124,62,12,2,2,NA,NA
2024,2128,60,15,2,NA,NA,7713.75
2024,2134,59,14,2,NA,NA,24502.5
2024,2135,65,15,2,1,NA,19965
2024,2142,NA,15,1,2,NA,19965
2024,2147,48,12,2,NA,NA,43560
2024,2151,64,17,1,1,NA,16335
2024,2152,73,12,1,1,NA,11797.5
2024,2157,58,14,1,1,NA,117564.76281
2024,2159,73,16,1,1,NA,NA
2024,2161,NA,NA,2,2,NA,NA
2024,2170,24,14,2,1,NA,3267
2024,2178,63,16,1,NA,NA,16335
2024,2182,24,12,2,1,NA,1633.5
2024,2183,80,12,2,NA,NA,4083.75
2024,2192,76,10,2,1,2,4083.75
2024,2201,86,12,2,1,NA,NA
2024,2213,64,14,1,1,NA,117564.76281
2024,2214,56,16,1,NA,1,58080
2024,2215,31,14,1,NA,NA,24502.5
2024,2220,38,16,2,NA,NA,117564.76281
2024,2222,36,18,2,NA,NA,36300
2024,2227,55,13,2,2,NA,4083.75
2024,2230,43,9,1,1,1,2722.5
2024,2231,34,16,2,NA,NA,11797.5
2024,2234,65,12,2,NA,2,726
2024,2235,42,15,2,1,NA,11797.5
2024,2241,56,14,1,1,NA,19965
2024,2242,27,12,2,1,NA,4083.75
2024,2243,21,12,1,2,1,43560
2024,2247,36,12,1,NA,NA,29947.5
2024,2248,39,12,1,1,NA,43560
2024,2249,NA,12,2,1,1,3267
2024,2250,77,16,1,1,NA,4083.75
2024,2261,26,12,1,2,NA,13612.5
2024,2268,50,17,2,NA,NA,117564.76281
2024,2285,72,16,1,NA,2,NA
2024,2288,19,14,1,NA,1,4991.25
2024,2290,81,10,1,NA,NA,9982.5
2024,2296,NA,12,2,NA,NA,NA
2024,2305,42,12,1,1,1,29947.5
2024,2306,75,14,1,1,NA,13612.5
2024,2307,37,12,1,NA,2,36300
2024,2308,57,12,2,NA,NA,43560
2024,2315,60,12,1,NA,NA,NA
2024,2326,73,16,2,NA,NA,117564.76281
2024,2328,73,12,2,1,1,4083.75
2024,2331,80,20,1,2,NA,117564.76281
2024,2332,40,20,2,1,NA,117564.76281
2024,2354,64,20,2,NA,2,117564.76281
2024,2359,NA,14,1,2,NA,NA
2024,2366,32,10,2,1,1,13612.5
2024,2370,28,12,1,NA,1,4083.75
2024,2377,55,12,1,2,2,16335
2024,2379,24,14,1,1,NA,1633.5
2024,2391,57,16,2,2,NA,16335
2024,2412,47,16,2,1,NA,24502.5
2024,2420,20,14,2,1,1,19965
2024,2421,58,16,1,NA,1,36300
2024,2429,34,16,2,NA,NA,50820
2024,2434,65,20,1,NA,NA,117564.76281
2024,2440,54,12,2,NA,NA,726
2024,2447,22,12,2,2,NA,6806.25
2024,2448,54,20,1,2,1,58080
2024,2458,50,17,1,NA,NA,19965
2024,2464,72,15,2,1,NA,9982.5
2024,2467,29,14,2,NA,NA,29947.5
2024,2471,56,18,2,NA,NA,NA
2024,2472,19,13,2,2,1,4083.75
2024,2481,NA,14,1,1,NA,5898.75
2024,2482,66,15,2,2,2,16335
2024,2483,24,12,1,1,1,24502.5
2024,2485,68,11,2,NA,2,NA
2024,2486,73,12,2,NA,1,NA
2024,2488,71,12,1,1,NA,8621.25
2024,2489,56,14,2,1,NA,11797.5
2024,2490,66,17,1,NA,1,43560
2024,2491,29,16,2,NA,1,4083.75
2024,2493,49,12,2,1,2,5898.75
2024,2496,39,14,1,NA,1,7713.75
2024,2509,49,14,2,NA,1,9982.5
2024,2512,67,12,1,NA,NA,9982.5
2024,2519,57,12,1,1,1,181.5
2024,2521,27,12,1,1,NA,NA
2024,2528,46,18,2,1,NA,9982.5
2024,2529,33,13,2,2,NA,4991.25
2024,2530,44,11,1,1,1,181.5
2024,2531,63,12,2,2,NA,4991.25
2024,2540,63,12,2,NA,1,6806.25
2024,2547,56,6,2,NA,1,4083.75
2024,2565,25,16,1,1,NA,16335
2024,2572,45,12,1,1,NA,11797.5
2024,2576,75,15,1,1,NA,11797.5
2024,2580,43,13,2,NA,NA,24502.5
2024,2595,68,17,2,1,NA,24502.5
2024,2605,32,16,1,NA,NA,43560
2024,2614,30,14,2,1,1,11797.5
2024,2616,81,13,2,1,1,7713.75
2024,2619,46,14,2,NA,1,19965
2024,2620,59,12,1,1,NA,4083.75
2024,2626,NA,12,1,NA,NA,36300
2024,2638,89,20,1,1,2,NA
2024,2644,22,12,1,NA,NA,13612.5
2024,2646,65,16,1,NA,1,NA
2024,2652,30,12,2,1,NA,NA
2024,2663,68,12,1,2,NA,24502.5
2024,2667,73,12,1,1,NA,5898.75
2024,2675,82,11,1,1,NA,19965
2024,2682,58,6,2,1,NA,1996.5
2024,2683,26,12,1,2,NA,43560
2024,2688,62,16,1,2,1,24502.5
2024,2690,NA,17,2,1,NA,50820
2024,2694,64,16,2,1,NA,29947.5
2024,2712,53,15,1,NA,NA,43560
2024,2714,63,12,2,NA,2,16335
2024,2725,57,18,2,1,NA,4083.75
2024,2726,NA,16,2,1,NA,NA
2024,2734,53,20,2,2,NA,117564.76281
2024,2741,70,12,2,2,NA,16335
2024,2754,52,16,2,NA,NA,117564.76281
2024,2763,22,12,2,NA,1,13612.5
2024,2765,32,12,2,2,NA,7713.75
2024,2769,29,11,2,1,2,16335
2024,2775,67,7,1,2,NA,4991.25
2024,2787,59,16,2,NA,1,11797.5
2024,2790,21,13,2,1,NA,1633.5
2024,2796,22,12,1,NA,NA,181.5
2024,2802,26,16,2,1,NA,19965
2024,2805,71,14,2,NA,2,7713.75
2024,2810,27,12,1,1,NA,117564.76281
2024,2813,43,14,2,2,NA,43560
2024,2815,38,12,2,1,NA,181.5
2024,2816,48,14,1,NA,NA,43560
2024,2822,74,11,2,2,2,726
2024,2823,18,16,1,NA,NA,8621.25
2024,2824,29,14,2,NA,NA,1270.5
2024,2826,30,12,1,NA,NA,NA
2024,2827,44,14,1,1,1,5898.75
2024,2828,51,14,2,1,2,181.5
2024,2838,29,16,2,2,NA,29947.5
2024,2854,26,20,2,1,1,19965
2024,2863,66,14,1,NA,NA,43560
2024,2882,74,13,1,NA,NA,9982.5
2024,2889,68,7,1,1,1,4083.75
2024,2890,44,18,1,NA,1,181.5
2024,2891,55,14,2,1,NA,7713.75
2024,2900,42,14,1,2,1,36300
2024,2901,55,20,1,NA,NA,117564.76281
2024,2905,NA,12,2,2,2,NA
2024,2910,80,16,1,NA,NA,24502.5
2024,2913,44,16,2,1,NA,36300
2024,2919,67,15,2,NA,1,NA
2024,2921,80,12,2,2,NA,36300
2024,2924,44,12,1,NA,NA,11797.5
2024,2925,37,20,2,2,NA,29947.5
2024,2930,77,12,1,1,1,24502.5
2024,2935,70,14,1,NA,NA,29947.5
2024,2936,44,16,2,NA,NA,29947.5
2024,2938,39,12,2,1,NA,29947.5
2024,2939,40,13,1,1,NA,117564.76281
2024,2950,37,16,2,2,NA,29947.5
2024,2952,77,13,1,NA,1,16335
2024,2958,67,16,2,1,1,24502.5
2024,2959,38,16,2,1,NA,43560
2024,2967,38,12,2,NA,1,9982.5
2024,2976,65,16,2,1,NA,29947.5
2024,2979,51,16,2,NA,NA,19965
2024,2983,40,18,2,2,NA,58080
2024,2993,68,12,2,NA,2,8621.25
2024,3006,66,18,1,1,NA,NA
2024,3009,57,16,1,2,NA,36300
2024,3023,36,17,1,2,NA,6806.25
2024,3028,55,12,1,NA,NA,NA
2024,3032,20,12,1,NA,1,726
2024,3035,42,12,1,1,NA,8621.25
2024,3041,43,6,2,2,NA,13612.5
2024,3044,38,12,2,NA,NA,24502.5
2024,3045,59,6,2,1,NA,5898.75
2024,3046,77,14,2,1,NA,8621.25
2024,3048,34,16,2,1,NA,58080
2024,3051,40,18,1,NA,NA,117564.76281
2024,3060,32,12,1,1,2,16335
2024,3066,35,16,2,NA,NA,43560
2024,3073,31,16,1,1,NA,29947.5
2024,3076,35,13,1,2,NA,50820
2024,3091,57,19,2,1,NA,29947.5
2024,3094,71,13,2,2,NA,16335
2024,3098,59,14,1,2,NA,117564.76281
2024,3105,31,12,2,NA,1,3267
2024,3109,60,19,1,2,NA,11797.5
2024,3111,68,14,1,2,NA,9982.5
2024,3116,75,13,2,NA,NA,9982.5
2024,3119,63,12,1,2,NA,29947.5
2024,3120,67,14,1,1,1,3267
2024,3123,48,14,2,1,NA,117564.76281
2024,3126,62,16,1,NA,NA,50820
2024,3130,65,14,1,1,NA,24502.5
2024,3134,69,13,2,1,1,NA
2024,3135,23,16,1,1,NA,NA
2024,3142,78,16,1,2,1,9982.5
2024,3143,36,12,1,2,NA,4083.75
2024,3147,57,12,2,2,NA,1633.5
2024,3149,69,12,1,NA,2,19965
2024,3156,70,12,1,2,NA,16335
2024,3169,70,12,1,1,NA,11797.5
2024,3173,44,14,2,NA,1,4991.25
2024,3184,62,15,1,NA,NA,13612.5
2024,3189,36,16,2,1,NA,16335
2024,3201,23,12,2,1,1,2359.5
2024,3206,66,14,1,NA,1,4083.75
2024,3215,61,11,2,NA,2,6806.25
2024,3218,53,11,2,NA,2,4083.75
2024,3223,49,8,2,2,NA,1996.5
2024,3225,28,12,2,2,NA,5898.75
2024,3231,42,13,1,NA,1,6806.25
2024,3236,60,14,2,NA,1,13612.5
2024,3239,30,11,2,1,NA,1996.5
2024,3251,40,14,2,NA,NA,181.5
2024,3255,59,19,2,1,NA,117564.76281
2024,3257,67,12,2,NA,NA,29947.5
2024,3260,83,12,2,NA,2,7713.75
2024,3267,73,12,1,NA,1,19965
2024,3269,58,12,2,2,NA,4991.25
2024,3270,44,17,2,1,NA,181.5
2024,3272,55,15,2,1,NA,24502.5
2024,3279,55,18,2,NA,1,16335
2024,3292,77,12,2,NA,2,11797.5
2024,3293,45,12,1,NA,1,16335
2024,3299,73,20,2,1,NA,24502.5
2024,3301,24,12,1,1,NA,50820
2024,3302,71,16,1,1,NA,117564.76281
2024,3309,69,18,2,NA,1,16335
